[12976:11812:0514/222100.225:WARNING:chrome_main_delegate.cc(745)] This is Chrome version 128.0.6613.138 (not a warning)
[12976:8532:0514/222100.287:ERROR:google_update_settings.cc(265)] Failed opening key Software\Chromium to set usagestats; result: 5
[12976:11812:0514/222100.320:WARNING:account_consistency_mode_manager.cc(77)] Desktop Identity Consistency cannot be enabled as no OAuth client ID and client secret have been configured.
[6872:3356:0514/222106.212:WARNING:frame_impl.cc(430)] virtual CefFrameImpl::SendProcessMessage sent to detached frame 5-1806895D4CB70404BD0ACC1CEFB7D8CC will be ignored
[1784:8548:0514/231322.256:VERBOSE1:network_delegate.cc(36)] NetworkDelegate::NotifyBeforeURLRequest: https://optimizationguide-pa.googleapis.com/v1:GetModels?key=dummytoken
[1784:8548:0514/231322.274:VERBOSE1:tls_handshaker.cc(105)] TlsClient: Continuing handshake
[1784:8548:0514/231322.275:VERBOSE1:tls_handshaker.cc(126)] TlsClient: SSL_do_handshake returned when entering early data. After retry, rv=-1, SSL_in_early_data=1
[1784:8548:0514/231322.322:VERBOSE1:tls_handshaker.cc(105)] TlsClient: Continuing handshake
[1784:8548:0514/231322.322:VERBOSE1:tls_handshaker.cc(105)] TlsClient: Continuing handshake
[1784:8548:0514/231322.322:VERBOSE1:tls_client_handshaker.cc(528)] Client: handshake finished
[1784:8548:0514/231618.611:VERBOSE1:network_delegate.cc(36)] NetworkDelegate::NotifyBeforeURLRequest: https://optimizationguide-pa.googleapis.com/v1:GetModels?key=dummytoken
[1784:8548:0514/231618.662:VERBOSE1:tls_handshaker.cc(105)] TlsClient: Continuing handshake
[1784:8548:0514/231618.662:VERBOSE1:tls_handshaker.cc(126)] TlsClient: SSL_do_handshake returned when entering early data. After retry, rv=-1, SSL_in_early_data=1
[1784:8548:0514/231618.708:VERBOSE1:tls_handshaker.cc(105)] TlsClient: Continuing handshake
[1784:8548:0514/231618.708:VERBOSE1:tls_handshaker.cc(105)] TlsClient: Continuing handshake
[1784:8548:0514/231618.708:VERBOSE1:tls_client_handshaker.cc(528)] Client: handshake finished
[1784:8548:0514/231910.972:VERBOSE1:network_delegate.cc(36)] NetworkDelegate::NotifyBeforeURLRequest: https://optimizationguide-pa.googleapis.com/v1:GetModels?key=dummytoken
[1784:8548:0514/231910.981:VERBOSE1:tls_handshaker.cc(105)] TlsClient: Continuing handshake
[1784:8548:0514/231910.981:VERBOSE1:tls_handshaker.cc(126)] TlsClient: SSL_do_handshake returned when entering early data. After retry, rv=-1, SSL_in_early_data=1
[1784:8548:0514/231911.026:VERBOSE1:tls_handshaker.cc(105)] TlsClient: Continuing handshake
[1784:8548:0514/231911.026:VERBOSE1:tls_handshaker.cc(105)] TlsClient: Continuing handshake
[1784:8548:0514/231911.026:VERBOSE1:tls_client_handshaker.cc(528)] Client: handshake finished
[1784:8548:0514/232211.009:VERBOSE1:network_delegate.cc(36)] NetworkDelegate::NotifyBeforeURLRequest: https://optimizationguide-pa.googleapis.com/v1:GetModels?key=dummytoken
[1784:8548:0514/232211.060:VERBOSE1:tls_handshaker.cc(105)] TlsClient: Continuing handshake
[1784:8548:0514/232211.106:VERBOSE1:tls_handshaker.cc(105)] TlsClient: Continuing handshake
[1784:8548:0514/232211.675:VERBOSE1:tls_handshaker.cc(105)] TlsClient: Continuing handshake
[1784:8548:0514/232211.675:VERBOSE1:tls_handshaker.cc(126)] TlsClient: SSL_do_handshake returned when entering early data. After retry, rv=-1, SSL_in_early_data=1
[1784:8548:0514/232211.675:VERBOSE1:tls_handshaker.cc(105)] TlsClient: Continuing handshake
[1784:8548:0514/232211.675:VERBOSE1:tls_client_handshaker.cc(528)] Client: handshake finished
[1784:8548:0514/232510.703:VERBOSE1:network_delegate.cc(36)] NetworkDelegate::NotifyBeforeURLRequest: https://optimizationguide-pa.googleapis.com/v1:GetModels?key=dummytoken
[1784:8548:0514/232510.753:VERBOSE1:tls_handshaker.cc(105)] TlsClient: Continuing handshake
[1784:8548:0514/232510.754:VERBOSE1:tls_handshaker.cc(126)] TlsClient: SSL_do_handshake returned when entering early data. After retry, rv=-1, SSL_in_early_data=1
[1784:8548:0514/232510.805:VERBOSE1:tls_handshaker.cc(105)] TlsClient: Continuing handshake
[1784:8548:0514/232510.805:VERBOSE1:tls_handshaker.cc(105)] TlsClient: Continuing handshake
[1784:8548:0514/232510.805:VERBOSE1:tls_client_handshaker.cc(528)] Client: handshake finished
[1784:8548:0514/232759.733:VERBOSE1:network_delegate.cc(36)] NetworkDelegate::NotifyBeforeURLRequest: https://optimizationguide-pa.googleapis.com/v1:GetModels?key=dummytoken
[1784:8548:0514/232759.750:VERBOSE1:tls_handshaker.cc(105)] TlsClient: Continuing handshake
[1784:8548:0514/232759.751:VERBOSE1:tls_handshaker.cc(126)] TlsClient: SSL_do_handshake returned when entering early data. After retry, rv=-1, SSL_in_early_data=1
[1784:8548:0514/232759.796:VERBOSE1:tls_handshaker.cc(105)] TlsClient: Continuing handshake
[1784:8548:0514/232759.796:VERBOSE1:tls_handshaker.cc(105)] TlsClient: Continuing handshake
[1784:8548:0514/232759.796:VERBOSE1:tls_client_handshaker.cc(528)] Client: handshake finished
[1784:8548:0514/233054.100:VERBOSE1:network_delegate.cc(36)] NetworkDelegate::NotifyBeforeURLRequest: https://optimizationguide-pa.googleapis.com/v1:GetModels?key=dummytoken
[1784:8548:0514/233054.151:VERBOSE1:tls_handshaker.cc(105)] TlsClient: Continuing handshake
[1784:8548:0514/233054.152:VERBOSE1:tls_handshaker.cc(126)] TlsClient: SSL_do_handshake returned when entering early data. After retry, rv=-1, SSL_in_early_data=1
[1784:8548:0514/233054.196:VERBOSE1:tls_handshaker.cc(105)] TlsClient: Continuing handshake
[1784:8548:0514/233054.196:VERBOSE1:tls_handshaker.cc(105)] TlsClient: Continuing handshake
[1784:8548:0514/233054.196:VERBOSE1:tls_client_handshaker.cc(528)] Client: handshake finished
[1784:8548:0514/233331.137:VERBOSE1:network_delegate.cc(36)] NetworkDelegate::NotifyBeforeURLRequest: https://optimizationguide-pa.googleapis.com/v1:GetModels?key=dummytoken
[1784:8548:0514/233331.157:VERBOSE1:tls_handshaker.cc(105)] TlsClient: Continuing handshake
[1784:8548:0514/233331.158:VERBOSE1:tls_handshaker.cc(126)] TlsClient: SSL_do_handshake returned when entering early data. After retry, rv=-1, SSL_in_early_data=1
[1784:8548:0514/233331.203:VERBOSE1:tls_handshaker.cc(105)] TlsClient: Continuing handshake
[1784:8548:0514/233331.203:VERBOSE1:tls_handshaker.cc(105)] TlsClient: Continuing handshake
[1784:8548:0514/233331.203:VERBOSE1:tls_client_handshaker.cc(528)] Client: handshake finished
[12976:11812:0514/233514.629:VERBOSE1:device_event_log_impl.cc(198)] [23:35:14.628] Display: EVENT: screen_win.cc:893 Displays updated, count: 2
[12976:11812:0514/233514.629:VERBOSE1:device_event_log_impl.cc(198)] [23:35:14.629] Display: EVENT: screen_win.cc:895 Display[1580577968] bounds=[1360,0 1366x768], workarea=[1360,0 1366x720], scale=1, rotation=0, panel_rotation=0 external detected
[12976:11812:0514/233514.629:VERBOSE1:device_event_log_impl.cc(198)] [23:35:14.629] Display: EVENT: screen_win.cc:895 Display[1596864878] bounds=[0,0 1360x768], workarea=[0,0 1360x720], scale=1, rotation=0, panel_rotation=0 external detected
[12976:11812:0514/233516.507:VERBOSE1:frame_host_impl.cc(515)] frame 6-0F20449E67438FBFD51E806181E5AC4F (sub) detached (reason=RENDER_FRAME_DELETED, is_connected=1)
[3632:9324:0514/233516.509:VERBOSE1:dispatcher.cc(596)] Num tracked contexts: 1
[3632:9324:0514/233516.509:VERBOSE1:frame_impl.cc(620)] frame 6-0F20449E67438FBFD51E806181E5AC4F disconnected (reason=DETACHED, current_state=CONNECTION_ACKED, FRAME_INVALID)
[12976:11812:0514/233516.511:VERBOSE1:frame_host_impl.cc(515)] frame 6-2789CEFBECEEE7CA07F0D04397CC7F8E (main) detached (reason=NEW_MAIN_FRAME, is_connected=1)
[3632:9324:0514/233516.511:VERBOSE1:frame_impl.cc(620)] frame 6-2789CEFBECEEE7CA07F0D04397CC7F8E disconnected (reason=BROWSER_FRAME_DISCONNECT, current_state=CONNECTION_ACKED)
[3632:9324:0514/233516.511:VERBOSE1:frame_impl.cc(633)] frame 6-2789CEFBECEEE7CA07F0D04397CC7F8E connection retry scheduled
[3632:9324:0514/233516.511:VERBOSE1:script_context.cc(164)] Destroyed context for extension
  extension id: 
  effective extension id: 
[3632:9324:0514/233516.511:VERBOSE1:script_context.cc(164)] Destroyed context for extension
  extension id: 
  effective extension id: 
[12976:11812:0514/233516.529:VERBOSE1:account_reconcilor.cc(264)] AccountReconcilor::Shutdown
[12976:11812:0514/233516.529:VERBOSE1:account_reconcilor.cc(718)] AccountReconcilor::AbortReconcile: try again later
[12976:11812:0514/233516.529:VERBOSE1:account_reconcilor.cc(827)] AccountReconcilor::CalculateIfMultiloginReconcileIsDone: Error was 
[12976:11812:0514/233516.529:VERBOSE1:account_reconcilor.cc(313)] AccountReconcilor::UnregisterWithIdentityManager
[12976:11812:0514/233516.529:VERBOSE1:account_reconcilor.cc(286)] AccountReconcilor::UnregisterWithContentSettings
[12976:11812:0514/233516.529:VERBOSE1:gaia_cookie_manager_service.cc(628)] GaiaCookieManagerService::CancelAll
[12976:11812:0514/233516.529:VERBOSE1:mutable_profile_oauth2_token_service_delegate.cc(752)] MutablePO2TS::Shutdown
[12976:11812:0514/233516.529:VERBOSE1:mutable_profile_oauth2_token_service_delegate.cc(235)] MutablePO2TS::~MutablePO2TS
[12976:11812:0514/233516.529:VERBOSE1:device_event_log_impl.cc(198)] [23:35:16.528] Bluetooth: EVENT: bluetooth_api.cc:109 BluetoothAPI: Shutdown
[12976:11812:0514/233516.532:VERBOSE1:account_reconcilor.cc(193)] AccountReconcilor::~AccountReconcilor
[12976:11812:0514/233516.535:VERBOSE1:device_event_log_impl.cc(198)] [23:35:16.534] Bluetooth: EVENT: bluetooth_api.cc:95 ~BluetoothAPI: 0000525C00339A00
[12976:11812:0514/233516.591:VERBOSE1:component_updater_service.cc(180)] CrxUpdateService stopping
[12976:11812:0514/233516.591:WARNING:pref_notifier_impl.cc(41)] Pref observer for media_router.cast_allow_all_ips found at shutdown.
[12976:11812:0514/233516.617:VERBOSE1:statistics_recorder.cc(607)] Collections of all histograms
Histogram: API.StorageAccess.AllowedRequests2 recorded 186 samples, mean = 0.0 (flags = 0x41)
0  ------------------------------------------------------------------------O (177 = 95.2%)
1  ----O                                                                     (9 = 4.8%) {95.2%}
2  ... 

Histogram: API.StorageAccess.DocumentInheritedStorageAccess recorded 7 samples, mean = 0.0 (flags = 0x41)
0  -------O                                                                  (7 = 100.0%)
1  ... 

Histogram: API.StorageAccess.DocumentLoadedWithStorageAccess recorded 7 samples, mean = 0.0 (flags = 0x41)
0  -------O                                                                  (7 = 100.0%)
1  ... 

Histogram: Accessibility.CaptionSettingsLoadedFromSystemSettings recorded 1 samples, mean = 0.0 (flags = 0x41)
0  -O                                                                        (1 = 100.0%)
1  ... 

Histogram: Accessibility.ImageLabels2 recorded 1 samples, mean = 0.0 (flags = 0x41)
0  -O                                                                        (1 = 100.0%)
1  ... 

Histogram: Accessibility.LiveCaption.FeatureEnabled2 recorded 1 samples, mean = 1.0 (flags = 0x41)
0  O                                                                         (0 = 0.0%)
1  -O                                                                        (1 = 100.0%) {0.0%}
2  O                                                                         (0 = 0.0%) {100.0%}

Histogram: Accessibility.LiveCaption2 recorded 1 samples, mean = 0.0 (flags = 0x41)
0  -O                                                                        (1 = 100.0%)
1  ... 

Histogram: Accessibility.ManuallyEnabled recorded 1 samples, mean = 0.0 (flags = 0x41)
0  -O                                                                        (1 = 100.0%)
1  ... 

Histogram: Accessibility.WinJAWS recorded 1 samples, mean = 0.0 (flags = 0x41)
0  -O                                                                        (1 = 100.0%)
1  ... 

Histogram: Accessibility.WinNVDA recorded 1 samples, mean = 0.0 (flags = 0x41)
0  -O                                                                        (1 = 100.0%)
1  ... 

Histogram: Accessibility.WinSAToGo recorded 1 samples, mean = 0.0 (flags = 0x41)
0  -O                                                                        (1 = 100.0%)
1  ... 

Histogram: Accessibility.WinScreenReader2 recorded 1 samples, mean = 0.0 (flags = 0x41)
0  -O                                                                        (1 = 100.0%)
1  ... 

Histogram: Accessibility.WinStickyKeys recorded 1 samples, mean = 0.0 (flags = 0x41)
0  -O                                                                        (1 = 100.0%)
1  ... 

Histogram: Accessibility.WinSupernova recorded 1 samples, mean = 0.0 (flags = 0x41)
0  -O                                                                        (1 = 100.0%)
1  ... 

Histogram: Accessibility.WinZoomText recorded 1 samples, mean = 0.0 (flags = 0x41)
0  -O                                                                        (1 = 100.0%)
1  ... 

Histogram: AppBanners.InstallableStatusCode recorded 1 samples (flags = 0x41)
8  -O                                                                        (1 = 100.0%)

Histogram: Apps.PreferredApps.EntryCount recorded 1 samples, mean = 0.0 (flags = 0x41)
0  -O                                                                        (1 = 100.0%)
1  ... 

Histogram: Autofill.Address.IsEnabled.PageLoad recorded 1 samples, mean = 1.0 (flags = 0x41)
0  O                                                                         (0 = 0.0%)
1  -O                                                                        (1 = 100.0%) {0.0%}
2  O                                                                         (0 = 0.0%) {100.0%}

Histogram: Autofill.Address.IsEnabled.PageLoad.SignedOut recorded 1 samples, mean = 1.0 (flags = 0x41)
0  O                                                                         (0 = 0.0%)
1  -O                                                                        (1 = 100.0%) {0.0%}
2  O                                                                         (0 = 0.0%) {100.0%}

Histogram: Autofill.Address.IsEnabled.Startup recorded 1 samples, mean = 1.0 (flags = 0x41)
0  O                                                                         (0 = 0.0%)
1  -O                                                                        (1 = 100.0%) {0.0%}
2  O                                                                         (0 = 0.0%) {100.0%}

Histogram: Autofill.CreditCard.IsEnabled.PageLoad recorded 1 samples, mean = 1.0 (flags = 0x41)
0  O                                                                         (0 = 0.0%)
1  -O                                                                        (1 = 100.0%) {0.0%}
2  O                                                                         (0 = 0.0%) {100.0%}

Histogram: Autofill.CreditCard.IsEnabled.PageLoad.SignedOut recorded 1 samples, mean = 1.0 (flags = 0x41)
0  O                                                                         (0 = 0.0%)
1  -O                                                                        (1 = 100.0%) {0.0%}
2  O                                                                         (0 = 0.0%) {100.0%}

Histogram: Autofill.CreditCard.IsEnabled.Startup recorded 1 samples, mean = 1.0 (flags = 0x41)
0  O                                                                         (0 = 0.0%)
1  -O                                                                        (1 = 100.0%) {0.0%}
2  O                                                                         (0 = 0.0%) {100.0%}

Histogram: Autofill.DOMContentLoadedInOutermostMainFrame recorded 3 samples, mean = 0.3 (flags = 0x41)
0  --O                                                                       (2 = 66.7%)
1  -O                                                                        (1 = 33.3%) {66.7%}
2  O                                                                         (0 = 0.0%) {100.0%}

Histogram: Autofill.ExtractFormUnowned.FieldCount recorded 4 samples, mean = 0.0 (flags = 0x41)
0  ----O                                                                     (4 = 100.0%)
1  ... 

Histogram: Autofill.FormForest.GetBrowserFormOfRendererForm.Duration recorded 1 samples, mean = 0.0 (flags = 0x41)
0  -O                                                                        (1 = 100.0%)
1  ... 

Histogram: Autofill.FormForest.UpdateTreeOfRendererForm.Duration recorded 1 samples, mean = 30.0 (flags = 0x41)
0   ... 
28  -O                                                                        (1 = 100.0%) {0.0%}
37  ... 

Histogram: Autofill.FormForest.UpdateTreeOfRendererForm.Visits recorded 1 samples, mean = 2.0 (flags = 0x41)
0  ... 
2  -O                                                                        (1 = 100.0%) {0.0%}
3  ... 

Histogram: Autofill.Funnel.ParsedAsType.Address recorded 6 samples, mean = 0.0 (flags = 0x41)
0  ------O                                                                   (6 = 100.0%)
1  ... 

Histogram: Autofill.Funnel.ParsedAsType.CreditCard recorded 6 samples, mean = 0.0 (flags = 0x41)
0  ------O                                                                   (6 = 100.0%)
1  ... 

Histogram: Autofill.Funnel.ParsedAsType.VirtualCard.StandaloneCvc recorded 6 samples, mean = 0.0 (flags = 0x41)
0  ------O                                                                   (6 = 100.0%)
1  ... 

Histogram: Autofill.IsEnabled.PageLoad recorded 1 samples, mean = 1.0 (flags = 0x41)
0  O                                                                         (0 = 0.0%)
1  -O                                                                        (1 = 100.0%) {0.0%}
2  O                                                                         (0 = 0.0%) {100.0%}

Histogram: Autofill.IsEnabled.PageLoad.SignedOut recorded 1 samples, mean = 1.0 (flags = 0x41)
0  O                                                                         (0 = 0.0%)
1  -O                                                                        (1 = 100.0%) {0.0%}
2  O                                                                         (0 = 0.0%) {100.0%}

Histogram: Autofill.IsEnabled.Startup recorded 1 samples, mean = 1.0 (flags = 0x41)
0  O                                                                         (0 = 0.0%)
1  -O                                                                        (1 = 100.0%) {0.0%}
2  O                                                                         (0 = 0.0%) {100.0%}

Histogram: Autofill.Leipzig.Duplication.NumberOfLocalSupersetProfilesOnStartup recorded 1 samples, mean = 0.0 (flags = 0x41)
0  -O                                                                        (1 = 100.0%)
1  ... 

Histogram: Autofill.NumberOfDriversPerFactory recorded 1 samples, mean = 3.0 (flags = 0x41)
0  ... 
3  -O                                                                        (1 = 100.0%) {0.0%}
4  ... 

Histogram: Autofill.Offer.StoredOfferCount2.CardLinkedOffer recorded 1 samples, mean = 0.0 (flags = 0x41)
0  -O                                                                        (1 = 100.0%)
1  ... 

Histogram: Autofill.Offer.StoredOfferCount2.GPayPromoCodeOffer recorded 1 samples, mean = 0.0 (flags = 0x41)
0  -O                                                                        (1 = 100.0%)
1  ... 

Histogram: Autofill.PaymentMethods.CvcStorageIsEnabled.Startup recorded 1 samples, mean = 0.0 (flags = 0x41)
0  -O                                                                        (1 = 100.0%)
1  ... 

Histogram: Autofill.StoredCreditCardCount recorded 1 samples, mean = 0.0 (flags = 0x41)
0  -O                                                                        (1 = 100.0%)
1  ... 

Histogram: Autofill.StoredCreditCardCount.Local recorded 1 samples, mean = 0.0 (flags = 0x41)
0  -O                                                                        (1 = 100.0%)
1  ... 

Histogram: Autofill.StoredCreditCardCount.Local.WithInvalidCardNumber recorded 1 samples, mean = 0.0 (flags = 0x41)
0  -O                                                                        (1 = 100.0%)
1  ... 

Histogram: Autofill.StoredCreditCardCount.Local.WithNickname recorded 1 samples, mean = 0.0 (flags = 0x41)
0  -O                                                                        (1 = 100.0%)
1  ... 

Histogram: Autofill.StoredCreditCardCount.Server recorded 1 samples, mean = 0.0 (flags = 0x41)
0  -O                                                                        (1 = 100.0%)
1  ... 

Histogram: Autofill.StoredCreditCardCount.Server.Masked recorded 1 samples, mean = 0.0 (flags = 0x41)
0  -O                                                                        (1 = 100.0%)
1  ... 

Histogram: Autofill.StoredCreditCardCount.Server.Masked.WithNickname recorded 1 samples, mean = 0.0 (flags = 0x41)
0  -O                                                                        (1 = 100.0%)
1  ... 

Histogram: Autofill.StoredCreditCardCount.Server.Unmasked recorded 1 samples, mean = 0.0 (flags = 0x41)
0  -O                                                                        (1 = 100.0%)
1  ... 

Histogram: Autofill.StoredCreditCardCount.Server.WithCardArtImage recorded 1 samples, mean = 0.0 (flags = 0x41)
0  -O                                                                        (1 = 100.0%)
1  ... 

Histogram: Autofill.StoredCreditCardCount.Server.WithVirtualCardMetadata recorded 1 samples, mean = 0.0 (flags = 0x41)
0  -O                                                                        (1 = 100.0%)
1  ... 

Histogram: Autofill.StoredIbanCount recorded 1 samples, mean = 0.0 (flags = 0x41)
0  -O                                                                        (1 = 100.0%)
1  ... 

Histogram: Autofill.StoredProfileCount.AccountChrome recorded 1 samples, mean = 0.0 (flags = 0x41)
0  -O                                                                        (1 = 100.0%)
1  ... 

Histogram: Autofill.StoredProfileCount.AccountNonChrome recorded 1 samples, mean = 0.0 (flags = 0x41)
0  -O                                                                        (1 = 100.0%)
1  ... 

Histogram: Autofill.StoredProfileCount.Legacy recorded 1 samples, mean = 0.0 (flags = 0x41)
0  -O                                                                        (1 = 100.0%)
1  ... 

Histogram: Autofill.StoredProfileCount.Total recorded 1 samples, mean = 0.0 (flags = 0x41)
0  -O                                                                        (1 = 100.0%)
1  ... 

Histogram: Autofill.SubmissionDetectionSource.FormTracker recorded 2 samples, mean = 3.0 (flags = 0x41)
0  ... 
3  --O                                                                       (2 = 100.0%) {0.0%}
4  ... 

Histogram: Autofill.Timing.ParseFormsAsync recorded 1 samples, mean = 0.0 (flags = 0x41)
0  -O                                                                        (1 = 100.0%)
1  ... 

Histogram: Autofill.Timing.ParseFormsAsync.RunHeuristics recorded 1 samples, mean = 0.0 (flags = 0x41)
0  -O                                                                        (1 = 100.0%)
1  ... 

Histogram: Autofill.Timing.ParseFormsAsync.UpdateCache recorded 1 samples, mean = 0.0 (flags = 0x41)
0  -O                                                                        (1 = 100.0%)
1  ... 

Histogram: Autofill.TimingInterval.ExtractFormData.GetFormDataFromUnownedInputElements.AutofillAgentReset recorded 2 samples, mean = 4425399.0 (flags = 0x41)
0        ... 
2485230  -O                                                                        (1 = 50.0%) {0.0%}
2901002  ... 
5386095  -O                                                                        (1 = 50.0%) {50.0%}
6287174  ... 

Histogram: Autofill.TimingInterval.ExtractFormData.GetFormDataFromUnownedInputElements.DOMContentLoaded recorded 2 samples, mean = 298432128.0 (flags = 0x41)
0         ... 
2901002   -O                                                                        (1 = 50.0%) {0.0%}
3386332   ... 
10000000  -O                                                                        (1 = 50.0%) {50.0%}

Histogram: Autofill.TimingInterval.ExtractFormData.UpdateFormCache.AutofillAgentReset recorded 4 samples, mean = 2212762.2 (flags = 0x41)
0        ... 
68       -O                                                                        (1 = 25.0%) {0.0%}
79       ... 
125      -O                                                                        (1 = 25.0%) {25.0%}
146      ... 
2485230  -O                                                                        (1 = 25.0%) {50.0%}
2901002  ... 
5386095  -O                                                                        (1 = 25.0%) {75.0%}
6287174  ... 

Histogram: Autofill.TimingInterval.ExtractFormData.UpdateFormCache.DOMContentLoaded recorded 4 samples, mean = 782928.2 (flags = 0x41)
0        ... 
5        -O                                                                        (1 = 25.0%) {0.0%}
6        O                                                                         (0 = 0.0%) {25.0%}
7        -O                                                                        (1 = 25.0%) {25.0%}
8        ... 
58       -O                                                                        (1 = 25.0%) {50.0%}
68       ... 
2901002  -O                                                                        (1 = 25.0%) {75.0%}
3386332  ... 

Histogram: Autofill.TimingInterval.UpdateFormCache.UpdateFormCache.AutofillAgentReset recorded 4 samples, mean = 2212784.0 (flags = 0x41)
0        ... 
68       -O                                                                        (1 = 25.0%) {0.0%}
79       ... 
198      -O                                                                        (1 = 25.0%) {25.0%}
231      ... 
2485230  -O                                                                        (1 = 25.0%) {50.0%}
2901002  ... 
5386095  -O                                                                        (1 = 25.0%) {75.0%}
6287174  ... 

Histogram: Autofill.TimingInterval.UpdateFormCache.UpdateFormCache.DOMContentLoaded recorded 4 samples, mean = 782950.0 (flags = 0x41)
0        ... 
11       -O                                                                        (1 = 25.0%) {0.0%}
13       ... 
17       -O                                                                        (1 = 25.0%) {25.0%}
20       ... 
107      -O                                                                        (1 = 25.0%) {50.0%}
125      ... 
2901002  -O                                                                        (1 = 25.0%) {75.0%}
3386332  ... 

Histogram: Autofill.TimingPrecise.ExtractFormData recorded 6 samples, mean = 32.7 (flags = 0x41)
0   ... 
4   --O                                                                       (2 = 33.3%) {0.0%}
5   O                                                                         (0 = 0.0%) {33.3%}
6   -O                                                                        (1 = 16.7%) {33.3%}
7   ... 
47  -O                                                                        (1 = 16.7%) {50.0%}
53  -O                                                                        (1 = 16.7%) {66.7%}
60  ... 
77  -O                                                                        (1 = 16.7%) {83.3%}
88  ... 

Histogram: Autofill.TimingPrecise.ExtractFormData.GetFormDataFromUnownedInputElements recorded 2 samples, mean = 41.0 (flags = 0x41)
0   ... 
4   -O                                                                        (1 = 50.0%) {0.0%}
5   ... 
77  -O                                                                        (1 = 50.0%) {50.0%}
88  ... 

Histogram: Autofill.TimingPrecise.ExtractFormData.UpdateFormCache recorded 4 samples, mean = 28.5 (flags = 0x41)
0   ... 
4   -O                                                                        (1 = 25.0%) {0.0%}
5   O                                                                         (0 = 0.0%) {25.0%}
6   -O                                                                        (1 = 25.0%) {25.0%}
7   ... 
47  -O                                                                        (1 = 25.0%) {50.0%}
53  -O                                                                        (1 = 25.0%) {75.0%}
60  ... 

Histogram: Autofill.TimingPrecise.InferLabelForElement recorded 6 samples, mean = 0.0 (flags = 0x41)
0  ------O                                                                   (6 = 100.0%)
1  ... 

Histogram: Autofill.TimingPrecise.UpdateFormCache recorded 4 samples, mean = 54.0 (flags = 0x41)
0    ... 
11   -O                                                                        (1 = 25.0%) {0.0%}
13   ... 
17   -O                                                                        (1 = 25.0%) {25.0%}
19   ... 
68   -O                                                                        (1 = 25.0%) {50.0%}
77   ... 
100  -O                                                                        (1 = 25.0%) {75.0%}
114  ... 

Histogram: Autofill.TimingPrecise.UpdateFormCache.UpdateFormCache recorded 4 samples, mean = 54.0 (flags = 0x41)
0    ... 
11   -O                                                                        (1 = 25.0%) {0.0%}
13   ... 
17   -O                                                                        (1 = 25.0%) {25.0%}
19   ... 
68   -O                                                                        (1 = 25.0%) {50.0%}
77   ... 
100  -O                                                                        (1 = 25.0%) {75.0%}
114  ... 

Histogram: Autofill.VirtualCardUsageData.StoredUsageDataCount recorded 1 samples, mean = 0.0 (flags = 0x41)
0  -O                                                                        (1 = 100.0%)
1  ... 

Histogram: Blink.CSSStyleSheetResource.ParseTime recorded 8 samples, mean = 1106.4 (flags = 0x41)
0     ... 
105   --O                                                                       (2 = 25.0%) {0.0%}
146   ---O                                                                      (3 = 37.5%) {25.0%}
203   ... 
752   -O                                                                        (1 = 12.5%) {62.5%}
1043  -O                                                                        (1 = 12.5%) {75.0%}
1447  ... 
5362  -O                                                                        (1 = 12.5%) {87.5%}
7439  ... 

Histogram: Blink.CommitDocumentLoaderTime recorded 7 samples, mean = 2.9 (flags = 0x41)
0   --O                                                                       (2 = 28.6%)
1   O                                                                         (0 = 0.0%) {28.6%}
2   ----O                                                                     (4 = 57.1%) {28.6%}
3   ... 
12  -O                                                                        (1 = 14.3%) {85.7%}
14  ... 

Histogram: Blink.CookiesTime recorded 21 samples, mean = 4.7 (flags = 0x41)
0   --------------------O                                                     (20 = 95.2%)
1   ... 
96  -O                                                                        (1 = 4.8%) {95.2%}
114 ... 

Histogram: Blink.CullRect.UpdateTime recorded 35 samples, mean = 5.4 (flags = 0x41)
0   -----O                                                                    (5 = 14.3%)
1   -----------------O                                                        (17 = 48.6%) {14.3%}
2   -O                                                                        (1 = 2.9%) {62.9%}
3   -O                                                                        (1 = 2.9%) {65.7%}
4   ----O                                                                     (4 = 11.4%) {68.6%}
6   -O                                                                        (1 = 2.9%) {80.0%}
8   -O                                                                        (1 = 2.9%) {82.9%}
11  O                                                                         (0 = 0.0%) {85.7%}
15  -O                                                                        (1 = 2.9%) {85.7%}
21  --O                                                                       (2 = 5.7%) {88.6%}
29  --O                                                                       (2 = 5.7%) {94.3%}
40  ... 

Histogram: Blink.DocumentLoader.CommitNavigationToStartLoadingResponse.Time.OutermostMainFrame.NewNavigation.IsHTTPOrHTTPS recorded 1 samples, mean = 1.0 (flags = 0x41)
0  O                                                                         (0 = 0.0%)
1  -O                                                                        (1 = 100.0%) {0.0%}
2  ... 

Histogram: Blink.DocumentLoader.CreateParserPostCommit.Time.OutermostMainFrame.NewNavigation.IsHTTPOrHTTPS recorded 1 samples, mean = 10.0 (flags = 0x41)
0   ... 
10  -O                                                                        (1 = 100.0%) {0.0%}
12  ... 

Histogram: Blink.Experimental.Cookies.CacheLookupResult2 recorded 21 samples, mean = 0.9 (flags = 0x41)
0  --O                                                                       (2 = 9.5%)
1  -------------------O                                                      (19 = 90.5%) {9.5%}
2  ... 

Histogram: Blink.Experimental.Cookies.FirstCookieRequest recorded 2 samples, mean = 1.0 (flags = 0x41)
0  O                                                                         (0 = 0.0%)
1  --O                                                                       (2 = 100.0%) {0.0%}
2  ... 

Histogram: Blink.Fetch.RequestResourceTime2 recorded 126 samples, mean = 192.6 (flags = 0x41)
0      ... 
21     ----O                                                                     (4 = 3.2%) {0.0%}
29     ---------------------------------------------O                            (45 = 35.7%) {3.2%}
40     ----------------O                                                         (16 = 12.7%) {38.9%}
55     ------------------------O                                                 (24 = 19.0%) {51.6%}
76     ---------------O                                                          (15 = 11.9%) {70.6%}
105    ---O                                                                      (3 = 2.4%) {82.5%}
146    ------O                                                                   (6 = 4.8%) {84.9%}
203    ---O                                                                      (3 = 2.4%) {89.7%}
282    -----O                                                                    (5 = 4.0%) {92.1%}
391    --O                                                                       (2 = 1.6%) {96.0%}
542    --O                                                                       (2 = 1.6%) {97.6%}
752    ... 
10321  -O                                                                        (1 = 0.8%) {99.2%}
14319  ... 

Histogram: Blink.Fetch.RequestResourceTime2.Preload recorded 41 samples, mean = 91.7 (flags = 0x41)
0    ... 
21   ----O                                                                     (4 = 9.8%) {0.0%}
29   ---O                                                                      (3 = 7.3%) {9.8%}
40   --O                                                                       (2 = 4.9%) {17.1%}
55   ------------------O                                                       (18 = 43.9%) {22.0%}
76   -----O                                                                    (5 = 12.2%) {65.9%}
105  --O                                                                       (2 = 4.9%) {78.0%}
146  ------O                                                                   (6 = 14.6%) {82.9%}
203  ... 
542  -O                                                                        (1 = 2.4%) {97.6%}
752  ... 

Histogram: Blink.FetchQueuedPreloadsTime.MainFrame.Initial recorded 1 samples, mean = 2.0 (flags = 0x41)
0  ... 
2  -O                                                                        (1 = 100.0%) {0.0%}
3  ... 

Histogram: Blink.Fonts.DecodeTime recorded 5 samples, mean = 7856.6 (flags = 0x41)
0      ... 
5362   ----O                                                                     (4 = 80.0%) {0.0%}
7439   O                                                                         (0 = 0.0%) {80.0%}
10321  -O                                                                        (1 = 20.0%) {80.0%}
14319  ... 

Histogram: Blink.Fonts.VariableFontsRatio recorded 5 samples, mean = 1.2 (flags = 0x41)
0  O                                                                         (0 = 0.0%)
1  ----O                                                                     (4 = 80.0%) {0.0%}
2  -O                                                                        (1 = 20.0%) {80.0%}
3  ... 

Histogram: Blink.ForcedStyleAndLayout.UpdateTime.PreFCP recorded 2 samples, mean = 10390.0 (flags = 0x41)
0      ... 
11     -O                                                                        (1 = 50.0%) {0.0%}
15     ... 
19866  -O                                                                        (1 = 50.0%) {50.0%}
27562  ... 

Histogram: Blink.HTMLFastPathParser.AbortedParseSize recorded 9 samples, mean = 1.6 (flags = 0x41)
0  --O                                                                       (2 = 22.2%)
1  O                                                                         (0 = 0.0%) {22.2%}
2  -------O                                                                  (7 = 77.8%) {22.2%}
3  ... 

Histogram: Blink.HTMLFastPathParser.AbortedParseTime2 recorded 9 samples, mean = 5.7 (flags = 0x41)
0   O                                                                         (0 = 0.0%)
1   -----O                                                                    (5 = 55.6%) {0.0%}
2   -O                                                                        (1 = 11.1%) {55.6%}
3   ... 
7   -O                                                                        (1 = 11.1%) {66.7%}
8   ... 
15  -O                                                                        (1 = 11.1%) {77.8%}
16  ... 
21  -O                                                                        (1 = 11.1%) {88.9%}
23  ... 

Histogram: Blink.HTMLFastPathParser.ParseResult recorded 17 samples, mean = 7.9 (flags = 0x41)
0   --------O                                                                 (8 = 47.1%)
1   ... 
4   --O                                                                       (2 = 11.8%) {47.1%}
5   ... 
18  -------O                                                                  (7 = 41.2%) {58.8%}
19  ... 

Histogram: Blink.HTMLFastPathParser.SuccessfulParseSize recorded 8 samples, mean = 322.5 (flags = 0x41)
0    ... 
146  -O                                                                        (1 = 12.5%) {0.0%}
203  --O                                                                       (2 = 25.0%) {12.5%}
282  ---O                                                                      (3 = 37.5%) {37.5%}
391  --O                                                                       (2 = 25.0%) {75.0%}
542  ... 

Histogram: Blink.HTMLFastPathParser.SuccessfulParseTime2 recorded 8 samples, mean = 11.8 (flags = 0x41)
0   ... 
2   --O                                                                       (2 = 25.0%) {0.0%}
3   -O                                                                        (1 = 12.5%) {25.0%}
4   -O                                                                        (1 = 12.5%) {37.5%}
5   -O                                                                        (1 = 12.5%) {50.0%}
6   ... 
17  -O                                                                        (1 = 12.5%) {62.5%}
18  ... 
29  -O                                                                        (1 = 12.5%) {75.0%}
31  -O                                                                        (1 = 12.5%) {87.5%}
34  ... 

Histogram: Blink.HTMLFastPathParser.TotalParseTime2 recorded 17 samples, mean = 29.6 (flags = 0x41)
0   ... 
2   -O                                                                        (1 = 5.9%) {0.0%}
3   -O                                                                        (1 = 5.9%) {5.9%}
4   O                                                                         (0 = 0.0%) {11.8%}
5   --O                                                                       (2 = 11.8%) {11.8%}
6   O                                                                         (0 = 0.0%) {23.5%}
7   -O                                                                        (1 = 5.9%) {23.5%}
8   ... 
18  -O                                                                        (1 = 5.9%) {29.4%}
19  ... 
25  -O                                                                        (1 = 5.9%) {35.3%}
27  O                                                                         (0 = 0.0%) {41.2%}
29  -O                                                                        (1 = 5.9%) {41.2%}
31  -O                                                                        (1 = 5.9%) {47.1%}
34  --O                                                                       (2 = 11.8%) {52.9%}
37  --O                                                                       (2 = 11.8%) {64.7%}
40  -O                                                                        (1 = 5.9%) {76.5%}
43  ... 
50  -O                                                                        (1 = 5.9%) {82.4%}
54  O                                                                         (0 = 0.0%) {88.2%}
58  -O                                                                        (1 = 5.9%) {88.2%}
63  ... 
74  -O                                                                        (1 = 5.9%) {94.1%}
80  ... 

Histogram: Blink.HTMLParsing.ChunkCount4 recorded 1 samples, mean = 1.0 (flags = 0x41)
0  O                                                                         (0 = 0.0%)
1  -O                                                                        (1 = 100.0%) {0.0%}
2  ... 

Histogram: Blink.HTMLParsing.InputCharacterCount4 recorded 1 samples, mean = 158292.0 (flags = 0x41)
0       ... 
141691  -O                                                                        (1 = 100.0%) {0.0%}
196583  ... 

Histogram: Blink.HTMLParsing.ParsingTimeMax4 recorded 1 samples, mean = 5031.0 (flags = 0x41)
0     ... 
4999  -O                                                                        (1 = 100.0%) {0.0%}
5076  ... 

Histogram: Blink.HTMLParsing.ParsingTimeMin4 recorded 1 samples, mean = 5031.0 (flags = 0x41)
0     ... 
4872  -O                                                                        (1 = 100.0%) {0.0%}
5548  ... 

Histogram: Blink.HTMLParsing.ParsingTimeTotal4 recorded 1 samples, mean = 5031.0 (flags = 0x41)
0     ... 
4999  -O                                                                        (1 = 100.0%) {0.0%}
5076  ... 

Histogram: Blink.HTMLParsing.PreloadRequestCount recorded 1 samples, mean = 33.0 (flags = 0x41)
0   ... 
33  -O                                                                        (1 = 100.0%) {0.0%}
37  ... 

Histogram: Blink.HTMLParsing.TimeToDeferredPumpTokenizer4 recorded 1 samples, mean = 298.0 (flags = 0x41)
0    ... 
281  -O                                                                        (1 = 100.0%) {0.0%}
320  ... 

Histogram: Blink.HTMLParsing.TokensParsedAverage4 recorded 1 samples, mean = 127.0 (flags = 0x41)
0    ... 
113  -O                                                                        (1 = 100.0%) {0.0%}
149  ... 

Histogram: Blink.HTMLParsing.TokensParsedMax4 recorded 1 samples, mean = 127.0 (flags = 0x41)
0    ... 
113  -O                                                                        (1 = 100.0%) {0.0%}
149  ... 

Histogram: Blink.HTMLParsing.TokensParsedMin4 recorded 1 samples, mean = 127.0 (flags = 0x41)
0    ... 
114  -O                                                                        (1 = 100.0%) {0.0%}
135  ... 

Histogram: Blink.HTMLParsing.TokensParsedTotal4 recorded 1 samples, mean = 127.0 (flags = 0x41)
0    ... 
105  -O                                                                        (1 = 100.0%) {0.0%}
146  ... 

Histogram: Blink.HTMLParsing.YieldedTimeAverage4 recorded 1 samples, mean = 326.0 (flags = 0x41)
0    ... 
315  -O                                                                        (1 = 100.0%) {0.0%}
368  ... 

Histogram: Blink.HTMLParsing.YieldedTimeMax4 recorded 1 samples, mean = 343.0 (flags = 0x41)
0    ... 
343  -O                                                                        (1 = 100.0%) {0.0%}
348  ... 

Histogram: Blink.HTMLParsing.YieldedTimeMin4 recorded 1 samples, mean = 310.0 (flags = 0x41)
0    ... 
270  -O                                                                        (1 = 100.0%) {0.0%}
315  ... 

Histogram: Blink.History.VisitedLinks.IsLinkStyledAsVisited recorded 64 samples, mean = 0.0 (flags = 0x41)
0  ----------------------------------------------------------------O         (64 = 100.0%)
1  ... 

Histogram: Blink.JavascriptDocumentUpdate.UpdateTime.PreFCP recorded 1 samples, mean = 20769.0 (flags = 0x41)
0      ... 
19866  -O                                                                        (1 = 100.0%) {0.0%}
27562  ... 

Histogram: Blink.Layout.InlineNode.ShapeText.MaxTime.InOutermostMainFrame3 recorded 1 samples, mean = 3114.0 (flags = 0x41)
0     ... 
2786  -O                                                                        (1 = 100.0%) {0.0%}
3865  ... 

Histogram: Blink.Layout.InlineNode.ShapeText.TotalTime.InOutermostMainFrame3 recorded 1 samples, mean = 13401.0 (flags = 0x41)
0      ... 
10321  -O                                                                        (1 = 100.0%) {0.0%}
14319  ... 

Histogram: Blink.Layout.SVGImage.Count.InOutermostMainFrame recorded 1 samples, mean = 0.0 (flags = 0x41)
0  -O                                                                        (1 = 100.0%)
1  ... 

Histogram: Blink.Layout.SVGImage.TotalTime.InOutermostMainFrame recorded 1 samples, mean = 0.0 (flags = 0x41)
0  -O                                                                        (1 = 100.0%)
1  ... 

Histogram: Blink.MainFrame.UpdateTime.PreFCP recorded 35 samples, mean = 2622.7 (flags = 0x41)
0      ... 
76     ---------O                                                                (9 = 25.7%) {0.0%}
105    -----------O                                                              (11 = 31.4%) {25.7%}
146    O                                                                         (0 = 0.0%) {57.1%}
203    ----O                                                                     (4 = 11.4%) {57.1%}
282    -O                                                                        (1 = 2.9%) {68.6%}
391    --O                                                                       (2 = 5.7%) {71.4%}
542    --O                                                                       (2 = 5.7%) {77.1%}
752    ... 
1447   -O                                                                        (1 = 2.9%) {82.9%}
2008   ... 
3865   -O                                                                        (1 = 2.9%) {85.7%}
5362   -O                                                                        (1 = 2.9%) {88.6%}
7439   -O                                                                        (1 = 2.9%) {91.4%}
10321  O                                                                         (0 = 0.0%) {94.3%}
14319  -O                                                                        (1 = 2.9%) {94.3%}
19866  ... 
38240  -O                                                                        (1 = 2.9%) {97.1%}
53055  ... 

Histogram: Blink.MemoryCache.RevalidationPolicy.AsyncScript recorded 48 samples, mean = 1.6 (flags = 0x41)
0  -----------------------O                                                  (23 = 47.9%)
1  ... 
3  -------------------------O                                                (25 = 52.1%) {47.9%}
4  ... 

Histogram: Blink.MemoryCache.RevalidationPolicy.CSSStyleSheet recorded 8 samples, mean = 0.0 (flags = 0x41)
0  --------O                                                                 (8 = 100.0%)
1  ... 

Histogram: Blink.MemoryCache.RevalidationPolicy.Dead.CSSStyleSheet recorded 1 samples, mean = 0.0 (flags = 0x41)
0  -O                                                                        (1 = 100.0%)
1  ... 

Histogram: Blink.MemoryCache.RevalidationPolicy.Dead.Font recorded 2 samples, mean = 0.0 (flags = 0x41)
0  --O                                                                       (2 = 100.0%)
1  ... 

Histogram: Blink.MemoryCache.RevalidationPolicy.Dead.Script recorded 22 samples, mean = 0.0 (flags = 0x41)
0  ----------------------O                                                   (22 = 100.0%)
1  ... 

Histogram: Blink.MemoryCache.RevalidationPolicy.Font recorded 23 samples, mean = 4.0 (flags = 0x41)
0  -O                                                                        (1 = 4.3%)
1  ... 
4  ------------------O                                                       (18 = 78.3%) {4.3%}
5  ----O                                                                     (4 = 17.4%) {82.6%}
6  O                                                                         (0 = 0.0%) {100.0%}

Histogram: Blink.MemoryCache.RevalidationPolicy.Image recorded 26 samples, mean = 4.0 (flags = 0x41)
0  ... 
3  -O                                                                        (1 = 3.8%) {0.0%}
4  -------------------------O                                                (25 = 96.2%) {3.8%}
5  ... 

Histogram: Blink.MemoryCache.RevalidationPolicy.Manifest recorded 1 samples, mean = 3.0 (flags = 0x41)
0  ... 
3  -O                                                                        (1 = 100.0%) {0.0%}
4  ... 

Histogram: Blink.MemoryCache.RevalidationPolicy.Preload.CSSStyleSheet recorded 15 samples, mean = 1.6 (flags = 0x41)
0  -------O                                                                  (7 = 46.7%)
1  ... 
3  --------O                                                                 (8 = 53.3%) {46.7%}
4  ... 

Histogram: Blink.MemoryCache.RevalidationPolicy.Preload.Font recorded 2 samples, mean = 1.5 (flags = 0x41)
0  -O                                                                        (1 = 50.0%)
1  ... 
3  -O                                                                        (1 = 50.0%) {50.0%}
4  ... 

Histogram: Blink.MemoryCache.RevalidationPolicy.Preload.Script recorded 24 samples, mean = 2.8 (flags = 0x41)
0  --O                                                                       (2 = 8.3%)
1  ... 
3  ----------------------O                                                   (22 = 91.7%) {8.3%}
4  ... 

Histogram: Blink.MemoryCache.RevalidationPolicy.Raw recorded 5 samples, mean = 3.0 (flags = 0x41)
0  ... 
3  -----O                                                                    (5 = 100.0%) {0.0%}
4  ... 

Histogram: Blink.MemoryCache.RevalidationPolicy.Script recorded 26 samples, mean = 0.5 (flags = 0x41)
0  ----------------------O                                                   (22 = 84.6%)
1  ... 
3  ----O                                                                     (4 = 15.4%) {84.6%}
4  ... 

Histogram: Blink.PreloadRequestStartDuration recorded 41 samples, mean = 94.0 (flags = 0x41)
0    ... 
21   ----O                                                                     (4 = 9.8%) {0.0%}
29   ---O                                                                      (3 = 7.3%) {9.8%}
40   --O                                                                       (2 = 4.9%) {17.1%}
55   ------------------O                                                       (18 = 43.9%) {22.0%}
76   -----O                                                                    (5 = 12.2%) {65.9%}
105  --O                                                                       (2 = 4.9%) {78.0%}
146  -----O                                                                    (5 = 12.2%) {82.9%}
203  -O                                                                        (1 = 2.4%) {95.1%}
282  ... 
542  -O                                                                        (1 = 2.4%) {97.6%}
752  ... 

Histogram: Blink.PreloadRequestWaitTime recorded 31 samples, mean = 1.7 (flags = 0x41)
0  O                                                                         (0 = 0.0%)
1  -------------O                                                            (13 = 41.9%) {0.0%}
2  ---------------O                                                          (15 = 48.4%) {41.9%}
3  ---O                                                                      (3 = 9.7%) {90.3%}
4  ... 

Histogram: Blink.PrepareToStopParsingTime recorded 16 samples, mean = 8.6 (flags = 0x41)
0    --------------O                                                           (14 = 87.5%)
1    -O                                                                        (1 = 6.2%) {87.5%}
2    ... 
135  -O                                                                        (1 = 6.2%) {93.8%}
160  ... 

Histogram: Blink.PumpTokenizerTime recorded 29 samples, mean = 0.6 (flags = 0x41)
0   ---------------------------O                                              (27 = 93.1%)
1   ... 
6   -O                                                                        (1 = 3.4%) {93.1%}
7   ... 
10  -O                                                                        (1 = 3.4%) {96.6%}
12  ... 

Histogram: Blink.ResourceRequest.BackgroundResourceFetchSupportStatus recorded 50 samples, mean = 0.1 (flags = 0x41)
0  ------------------------------------------------O                         (48 = 96.0%)
1  O                                                                         (0 = 0.0%) {96.0%}
2  --O                                                                       (2 = 4.0%) {96.0%}
3  ... 

Histogram: Blink.ResourceRequest.CompletionDelay2 recorded 50 samples, mean = 13.2 (flags = 0x41)
0    ---------------------O                                                    (21 = 42.0%)
1    ------------O                                                             (12 = 24.0%) {42.0%}
2    -----O                                                                    (5 = 10.0%) {66.0%}
3    ... 
6    -O                                                                        (1 = 2.0%) {76.0%}
7    ... 
12   -O                                                                        (1 = 2.0%) {78.0%}
14   --O                                                                       (2 = 4.0%) {80.0%}
17   ... 
34   -O                                                                        (1 = 2.0%) {84.0%}
40   --O                                                                       (2 = 4.0%) {86.0%}
48   O                                                                         (0 = 0.0%) {90.0%}
57   -O                                                                        (1 = 2.0%) {90.0%}
68   --O                                                                       (2 = 4.0%) {92.0%}
81   O                                                                         (0 = 0.0%) {96.0%}
96   -O                                                                        (1 = 2.0%) {96.0%}
114  ... 
160  -O                                                                        (1 = 2.0%) {98.0%}
190  ... 

Histogram: Blink.ResourceRequest.RedirectDelay2 recorded 2 samples, mean = 0.0 (flags = 0x41)
0  --O                                                                       (2 = 100.0%)
1  ... 

Histogram: Blink.ResourceRequest.ResponseDelay2 recorded 46 samples, mean = 16.7 (flags = 0x41)
0    ---------O                                                                (9 = 19.6%)
1    ------------------O                                                       (18 = 39.1%) {19.6%}
2    ------O                                                                   (6 = 13.0%) {58.7%}
3    ... 
7    --O                                                                       (2 = 4.3%) {71.7%}
8    ... 
12   -O                                                                        (1 = 2.2%) {76.1%}
14   O                                                                         (0 = 0.0%) {78.3%}
17   -O                                                                        (1 = 2.2%) {78.3%}
20   ... 
34   -O                                                                        (1 = 2.2%) {80.4%}
40   --O                                                                       (2 = 4.3%) {82.6%}
48   O                                                                         (0 = 0.0%) {87.0%}
57   --O                                                                       (2 = 4.3%) {87.0%}
68   --O                                                                       (2 = 4.3%) {91.3%}
81   ... 
135  -O                                                                        (1 = 2.2%) {95.7%}
160  -O                                                                        (1 = 2.2%) {97.8%}
190  ... 

Histogram: Blink.ResourceRequest.StartDelay2 recorded 46 samples, mean = 752.9 (flags = 0x41)
0     -O                                                                        (1 = 2.2%)
1     ... 
57    -O                                                                        (1 = 2.2%) {2.2%}
68    ... 
268   -O                                                                        (1 = 2.2%) {4.3%}
318   ----O                                                                     (4 = 8.7%) {6.5%}
378   --O                                                                       (2 = 4.3%) {15.2%}
449   -O                                                                        (1 = 2.2%) {19.6%}
533   ----O                                                                     (4 = 8.7%) {21.7%}
633   -O                                                                        (1 = 2.2%) {30.4%}
752   ------------------------------O                                           (30 = 65.2%) {32.6%}
894   ... 
2516  -O                                                                        (1 = 2.2%) {97.8%}
2990  ... 

Histogram: Blink.ScanAndPreloadTime.MainFrame.Initial recorded 1 samples, mean = 3.0 (flags = 0x41)
0  ... 
3  -O                                                                        (1 = 100.0%) {0.0%}
4  ... 

Histogram: Blink.ScanAndPreloadTime.MainFrame.NonInitial recorded 1 samples, mean = 0.0 (flags = 0x41)
0  -O                                                                        (1 = 100.0%)
1  ... 

Histogram: Blink.ScanAndPreloadTime2.MainFrame.Initial recorded 1 samples, mean = 3568.0 (flags = 0x41)
0     ... 
2786  -O                                                                        (1 = 100.0%) {0.0%}
3865  ... 

Histogram: Blink.ScanAndPreloadTime2.MainFrame.NonInitial recorded 1 samples, mean = 23.0 (flags = 0x41)
0   ... 
21  -O                                                                        (1 = 100.0%) {0.0%}
29  ... 

Histogram: Blink.ScanAndPreloadTime2.Preload.MainFrame.Initial recorded 1 samples, mean = 2332.0 (flags = 0x41)
0     ... 
2008  -O                                                                        (1 = 100.0%) {0.0%}
2786  ... 

Histogram: Blink.ScanAndPreloadTime2.Preload.MainFrame.NonInitial recorded 1 samples, mean = 1.0 (flags = 0x41)
0  O                                                                         (0 = 0.0%)
1  -O                                                                        (1 = 100.0%) {0.0%}
2  ... 

Histogram: Blink.ScanAndPreloadTime2.Scan.MainFrame.Initial recorded 1 samples, mean = 1220.0 (flags = 0x41)
0     ... 
1043  -O                                                                        (1 = 100.0%) {0.0%}
1447  ... 

Histogram: Blink.ScanAndPreloadTime2.Scan.MainFrame.NonInitial recorded 1 samples, mean = 4.0 (flags = 0x41)
0  ... 
4  -O                                                                        (1 = 100.0%) {0.0%}
6  ... 

Histogram: Blink.Script.AsyncScript.FromReadyToStartExecution.Time recorded 26 samples, mean = 10.4 (flags = 0x41)
0    -------------------O                                                      (19 = 73.1%)
1    -O                                                                        (1 = 3.8%) {73.1%}
2    ... 
6    -O                                                                        (1 = 3.8%) {76.9%}
8    O                                                                         (0 = 0.0%) {80.8%}
10   -O                                                                        (1 = 3.8%) {80.8%}
13   ... 
32   ---O                                                                      (3 = 11.5%) {84.6%}
41   ... 
136  -O                                                                        (1 = 3.8%) {96.2%}
173  ... 

Histogram: Blink.Script.SchedulingType recorded 41 samples, mean = 5.3 (flags = 0x41)
0  ... 
3  -O                                                                        (1 = 2.4%) {0.0%}
4  O                                                                         (0 = 0.0%) {2.4%}
5  -------------------------O                                                (25 = 61.0%) {2.4%}
6  ---------------O                                                          (15 = 36.6%) {63.4%}
7  ... 

Histogram: Blink.UseCounter.AnimatedCSSProperties recorded 1 samples, mean = 1.0 (flags = 0x41)
0  O                                                                         (0 = 0.0%)
1  -O                                                                        (1 = 100.0%) {0.0%}
2  ... 

Histogram: Blink.UseCounter.CSSProperties recorded 96 samples, mean = 275.0 (flags = 0x41)
0    O                                                                         (0 = 0.0%)
1    -O                                                                        (1 = 1.0%) {0.0%}
2    -O                                                                        (1 = 1.0%) {1.0%}
3    -O                                                                        (1 = 1.0%) {2.1%}
4    -O                                                                        (1 = 1.0%) {3.1%}
5    -O                                                                        (1 = 1.0%) {4.2%}
6    -O                                                                        (1 = 1.0%) {5.2%}
7    -O                                                                        (1 = 1.0%) {6.2%}
8    -O                                                                        (1 = 1.0%) {7.3%}
9    O                                                                         (0 = 0.0%) {8.3%}
10   -O                                                                        (1 = 1.0%) {8.3%}
11   ... 
14   -O                                                                        (1 = 1.0%) {9.4%}
15   ... 
20   -O                                                                        (1 = 1.0%) {10.4%}
21   -O                                                                        (1 = 1.0%) {11.5%}
22   ... 
24   -O                                                                        (1 = 1.0%) {12.5%}
25   ... 
34   -O                                                                        (1 = 1.0%) {13.5%}
35   ... 
42   -O                                                                        (1 = 1.0%) {14.6%}
43   ... 
53   -O                                                                        (1 = 1.0%) {15.6%}
54   ... 
59   -O                                                                        (1 = 1.0%) {16.7%}
60   ... 
66   -O                                                                        (1 = 1.0%) {17.7%}
67   ... 
69   -O                                                                        (1 = 1.0%) {18.8%}
70   ... 
72   -O                                                                        (1 = 1.0%) {19.8%}
73   O                                                                         (0 = 0.0%) {20.8%}
74   -O                                                                        (1 = 1.0%) {20.8%}
75   ... 
77   -O                                                                        (1 = 1.0%) {21.9%}
78   ... 
81   -O                                                                        (1 = 1.0%) {22.9%}
82   ... 
84   -O                                                                        (1 = 1.0%) {24.0%}
85   ... 
89   -O                                                                        (1 = 1.0%) {25.0%}
90   ... 
95   -O                                                                        (1 = 1.0%) {26.0%}
96   -O                                                                        (1 = 1.0%) {27.1%}
97   -O                                                                        (1 = 1.0%) {28.1%}
98   -O                                                                        (1 = 1.0%) {29.2%}
99   O                                                                         (0 = 0.0%) {30.2%}
100  -O                                                                        (1 = 1.0%) {30.2%}
101  ... 
105  -O                                                                        (1 = 1.0%) {31.2%}
106  -O                                                                        (1 = 1.0%) {32.3%}
107  -O                                                                        (1 = 1.0%) {33.3%}
108  O                                                                         (0 = 0.0%) {34.4%}
109  -O                                                                        (1 = 1.0%) {34.4%}
110  ... 
118  -O                                                                        (1 = 1.0%) {35.4%}
119  -O                                                                        (1 = 1.0%) {36.5%}
120  ... 
124  -O                                                                        (1 = 1.0%) {37.5%}
125  ... 
127  -O                                                                        (1 = 1.0%) {38.5%}
128  -O                                                                        (1 = 1.0%) {39.6%}
129  -O                                                                        (1 = 1.0%) {40.6%}
130  ... 
143  -O                                                                        (1 = 1.0%) {41.7%}
144  ... 
150  -O                                                                        (1 = 1.0%) {42.7%}
151  O                                                                         (0 = 0.0%) {43.8%}
152  -O                                                                        (1 = 1.0%) {43.8%}
153  -O                                                                        (1 = 1.0%) {44.8%}
154  -O                                                                        (1 = 1.0%) {45.8%}
155  O                                                                         (0 = 0.0%) {46.9%}
156  -O                                                                        (1 = 1.0%) {46.9%}
157  -O                                                                        (1 = 1.0%) {47.9%}
158  O                                                                         (0 = 0.0%) {49.0%}
159  -O                                                                        (1 = 1.0%) {49.0%}
160  O                                                                         (0 = 0.0%) {50.0%}
161  -O                                                                        (1 = 1.0%) {50.0%}
162  ... 
164  -O                                                                        (1 = 1.0%) {51.0%}
165  -O                                                                        (1 = 1.0%) {52.1%}
166  ... 
175  -O                                                                        (1 = 1.0%) {53.1%}
176  ... 
231  -O                                                                        (1 = 1.0%) {54.2%}
232  -O                                                                        (1 = 1.0%) {55.2%}
233  O                                                                         (0 = 0.0%) {56.2%}
234  -O                                                                        (1 = 1.0%) {56.2%}
235  -O                                                                        (1 = 1.0%) {57.3%}
236  O                                                                         (0 = 0.0%) {58.3%}
237  -O                                                                        (1 = 1.0%) {58.3%}
238  -O                                                                        (1 = 1.0%) {59.4%}
239  -O                                                                        (1 = 1.0%) {60.4%}
240  -O                                                                        (1 = 1.0%) {61.5%}
241  O                                                                         (0 = 0.0%) {62.5%}
242  -O                                                                        (1 = 1.0%) {62.5%}
243  ... 
303  -O                                                                        (1 = 1.0%) {63.5%}
304  ... 
369  -O                                                                        (1 = 1.0%) {64.6%}
370  -O                                                                        (1 = 1.0%) {65.6%}
371  ... 
415  -O                                                                        (1 = 1.0%) {66.7%}
416  ... 
432  -O                                                                        (1 = 1.0%) {67.7%}
433  -O                                                                        (1 = 1.0%) {68.8%}
434  ... 
437  -O                                                                        (1 = 1.0%) {69.8%}
438  ... 
446  -O                                                                        (1 = 1.0%) {70.8%}
447  ... 
508  -O                                                                        (1 = 1.0%) {71.9%}
509  ... 
514  -O                                                                        (1 = 1.0%) {72.9%}
515  -O                                                                        (1 = 1.0%) {74.0%}
516  -O                                                                        (1 = 1.0%) {75.0%}
517  ... 
537  -O                                                                        (1 = 1.0%) {76.0%}
538  ... 
549  -O                                                                        (1 = 1.0%) {77.1%}
550  ... 
563  -O                                                                        (1 = 1.0%) {78.1%}
564  ... 
591  -O                                                                        (1 = 1.0%) {79.2%}
592  -O                                                                        (1 = 1.0%) {80.2%}
593  O                                                                         (0 = 0.0%) {81.2%}
594  -O                                                                        (1 = 1.0%) {81.2%}
595  -O                                                                        (1 = 1.0%) {82.3%}
596  ... 
598  -O                                                                        (1 = 1.0%) {83.3%}
599  -O                                                                        (1 = 1.0%) {84.4%}
600  ... 
618  -O                                                                        (1 = 1.0%) {85.4%}
619  -O                                                                        (1 = 1.0%) {86.5%}
620  -O                                                                        (1 = 1.0%) {87.5%}
621  -O                                                                        (1 = 1.0%) {88.5%}
622  ... 
636  -O                                                                        (1 = 1.0%) {89.6%}
637  ... 
657  -O                                                                        (1 = 1.0%) {90.6%}
658  -O                                                                        (1 = 1.0%) {91.7%}
659  ... 
662  -O                                                                        (1 = 1.0%) {92.7%}
663  ... 
672  -O                                                                        (1 = 1.0%) {93.8%}
673  -O                                                                        (1 = 1.0%) {94.8%}
674  O                                                                         (0 = 0.0%) {95.8%}
675  -O                                                                        (1 = 1.0%) {95.8%}
676  ... 
696  -O                                                                        (1 = 1.0%) {96.9%}
697  ... 
746  -O                                                                        (1 = 1.0%) {97.9%}
747  ... 
770  -O                                                                        (1 = 1.0%) {99.0%}
771  ... 

Histogram: Blink.UseCounter.Features recorded 175 samples, mean = 2224.1 (flags = 0x41)
0     ... 
13    -O                                                                        (1 = 0.6%) {0.0%}
14    ... 
16    -O                                                                        (1 = 0.6%) {0.6%}
17    ... 
52    -O                                                                        (1 = 0.6%) {1.1%}
53    ... 
69    -O                                                                        (1 = 0.6%) {1.7%}
70    ... 
123   -O                                                                        (1 = 0.6%) {2.3%}
124   -O                                                                        (1 = 0.6%) {2.9%}
125   -O                                                                        (1 = 0.6%) {3.4%}
126   ... 
138   -O                                                                        (1 = 0.6%) {4.0%}
139   ... 
240   -O                                                                        (1 = 0.6%) {4.6%}
241   ... 
250   -O                                                                        (1 = 0.6%) {5.1%}
251   ... 
429   -O                                                                        (1 = 0.6%) {5.7%}
430   -O                                                                        (1 = 0.6%) {6.3%}
431   -O                                                                        (1 = 0.6%) {6.9%}
432   -O                                                                        (1 = 0.6%) {7.4%}
433   ... 
469   -O                                                                        (1 = 0.6%) {8.0%}
470   ... 
494   -O                                                                        (1 = 0.6%) {8.6%}
495   ... 
522   -O                                                                        (1 = 0.6%) {9.1%}
523   -O                                                                        (1 = 0.6%) {9.7%}
524   -O                                                                        (1 = 0.6%) {10.3%}
525   ... 
540   -O                                                                        (1 = 0.6%) {10.9%}
541   ... 
587   -O                                                                        (1 = 0.6%) {11.4%}
588   -O                                                                        (1 = 0.6%) {12.0%}
589   ... 
675   -O                                                                        (1 = 0.6%) {12.6%}
676   ... 
710   -O                                                                        (1 = 0.6%) {13.1%}
711   -O                                                                        (1 = 0.6%) {13.7%}
712   -O                                                                        (1 = 0.6%) {14.3%}
713   ... 
717   -O                                                                        (1 = 0.6%) {14.9%}
718   ... 
730   -O                                                                        (1 = 0.6%) {15.4%}
731   ... 
744   -O                                                                        (1 = 0.6%) {16.0%}
745   ... 
780   -O                                                                        (1 = 0.6%) {16.6%}
781   -O                                                                        (1 = 0.6%) {17.1%}
782   ... 
786   -O                                                                        (1 = 0.6%) {17.7%}
787   -O                                                                        (1 = 0.6%) {18.3%}
788   ... 
804   -O                                                                        (1 = 0.6%) {18.9%}
805   ... 
900   -O                                                                        (1 = 0.6%) {19.4%}
901   -O                                                                        (1 = 0.6%) {20.0%}
902   ... 
907   -O                                                                        (1 = 0.6%) {20.6%}
908   ... 
954   -O                                                                        (1 = 0.6%) {21.1%}
955   ... 
970   -O                                                                        (1 = 0.6%) {21.7%}
971   O                                                                         (0 = 0.0%) {22.3%}
972   -O                                                                        (1 = 0.6%) {22.3%}
973   -O                                                                        (1 = 0.6%) {22.9%}
974   ... 
976   -O                                                                        (1 = 0.6%) {23.4%}
977   ... 
1023  -O                                                                        (1 = 0.6%) {24.0%}
1024  ... 
1069  -O                                                                        (1 = 0.6%) {24.6%}
1070  -O                                                                        (1 = 0.6%) {25.1%}
1071  ... 
1075  -O                                                                        (1 = 0.6%) {25.7%}
1076  -O                                                                        (1 = 0.6%) {26.3%}
1077  ... 
1124  -O                                                                        (1 = 0.6%) {26.9%}
1125  ... 
1302  -O                                                                        (1 = 0.6%) {27.4%}
1303  ... 
1347  -O                                                                        (1 = 0.6%) {28.0%}
1348  ... 
1351  -O                                                                        (1 = 0.6%) {28.6%}
1352  ... 
1354  -O                                                                        (1 = 0.6%) {29.1%}
1355  ... 
1368  -O                                                                        (1 = 0.6%) {29.7%}
1369  ... 
1417  -O                                                                        (1 = 0.6%) {30.3%}
1418  ... 
1441  -O                                                                        (1 = 0.6%) {30.9%}
1442  ... 
1458  -O                                                                        (1 = 0.6%) {31.4%}
1459  -O                                                                        (1 = 0.6%) {32.0%}
1460  ... 
1462  -O                                                                        (1 = 0.6%) {32.6%}
1463  -O                                                                        (1 = 0.6%) {33.1%}
1464  ... 
1467  -O                                                                        (1 = 0.6%) {33.7%}
1468  ... 
1502  -O                                                                        (1 = 0.6%) {34.3%}
1503  ... 
1692  -O                                                                        (1 = 0.6%) {34.9%}
1693  -O                                                                        (1 = 0.6%) {35.4%}
1694  ... 
1827  -O                                                                        (1 = 0.6%) {36.0%}
1828  ... 
2013  -O                                                                        (1 = 0.6%) {36.6%}
2014  ... 
2077  -O                                                                        (1 = 0.6%) {37.1%}
2078  ... 
2094  -O                                                                        (1 = 0.6%) {37.7%}
2095  O                                                                         (0 = 0.0%) {38.3%}
2096  -O                                                                        (1 = 0.6%) {38.3%}
2097  ... 
2100  -O                                                                        (1 = 0.6%) {38.9%}
2101  ... 
2112  -O                                                                        (1 = 0.6%) {39.4%}
2113  ... 
2121  -O                                                                        (1 = 0.6%) {40.0%}
2122  ... 
2157  -O                                                                        (1 = 0.6%) {40.6%}
2158  ... 
2188  -O                                                                        (1 = 0.6%) {41.1%}
2189  ... 
2191  -O                                                                        (1 = 0.6%) {41.7%}
2192  ... 
2195  -O                                                                        (1 = 0.6%) {42.3%}
2196  ... 
2203  -O                                                                        (1 = 0.6%) {42.9%}
2204  -O                                                                        (1 = 0.6%) {43.4%}
2205  ... 
2217  -O                                                                        (1 = 0.6%) {44.0%}
2218  ... 
2226  -O                                                                        (1 = 0.6%) {44.6%}
2227  O                                                                         (0 = 0.0%) {45.1%}
2228  -O                                                                        (1 = 0.6%) {45.1%}
2229  -O                                                                        (1 = 0.6%) {45.7%}
2230  ... 
2236  -O                                                                        (1 = 0.6%) {46.3%}
2237  ... 
2298  -O                                                                        (1 = 0.6%) {46.9%}
2299  ... 
2314  -O                                                                        (1 = 0.6%) {47.4%}
2315  ... 
2319  -O                                                                        (1 = 0.6%) {48.0%}
2320  ... 
2322  -O                                                                        (1 = 0.6%) {48.6%}
2323  ... 
2347  -O                                                                        (1 = 0.6%) {49.1%}
2348  ... 
2355  -O                                                                        (1 = 0.6%) {49.7%}
2356  ... 
2361  -O                                                                        (1 = 0.6%) {50.3%}
2362  ... 
2387  -O                                                                        (1 = 0.6%) {50.9%}
2388  -O                                                                        (1 = 0.6%) {51.4%}
2389  ... 
2399  -O                                                                        (1 = 0.6%) {52.0%}
2400  ... 
2413  -O                                                                        (1 = 0.6%) {52.6%}
2414  ... 
2429  -O                                                                        (1 = 0.6%) {53.1%}
2430  O                                                                         (0 = 0.0%) {53.7%}
2431  -O                                                                        (1 = 0.6%) {53.7%}
2432  ... 
2487  -O                                                                        (1 = 0.6%) {54.3%}
2488  ... 
2518  -O                                                                        (1 = 0.6%) {54.9%}
2519  ... 
2598  -O                                                                        (1 = 0.6%) {55.4%}
2599  ... 
2618  -O                                                                        (1 = 0.6%) {56.0%}
2619  ... 
2654  -O                                                                        (1 = 0.6%) {56.6%}
2655  -O                                                                        (1 = 0.6%) {57.1%}
2656  -O                                                                        (1 = 0.6%) {57.7%}
2657  -O                                                                        (1 = 0.6%) {58.3%}
2658  -O                                                                        (1 = 0.6%) {58.9%}
2659  -O                                                                        (1 = 0.6%) {59.4%}
2660  -O                                                                        (1 = 0.6%) {60.0%}
2661  -O                                                                        (1 = 0.6%) {60.6%}
2662  -O                                                                        (1 = 0.6%) {61.1%}
2663  -O                                                                        (1 = 0.6%) {61.7%}
2664  ... 
2699  -O                                                                        (1 = 0.6%) {62.3%}
2700  -O                                                                        (1 = 0.6%) {62.9%}
2701  -O                                                                        (1 = 0.6%) {63.4%}
2702  -O                                                                        (1 = 0.6%) {64.0%}
2703  -O                                                                        (1 = 0.6%) {64.6%}
2704  -O                                                                        (1 = 0.6%) {65.1%}
2705  -O                                                                        (1 = 0.6%) {65.7%}
2706  -O                                                                        (1 = 0.6%) {66.3%}
2707  -O                                                                        (1 = 0.6%) {66.9%}
2708  ... 
2710  -O                                                                        (1 = 0.6%) {67.4%}
2711  -O                                                                        (1 = 0.6%) {68.0%}
2712  ... 
2714  -O                                                                        (1 = 0.6%) {68.6%}
2715  -O                                                                        (1 = 0.6%) {69.1%}
2716  -O                                                                        (1 = 0.6%) {69.7%}
2717  ... 
2723  -O                                                                        (1 = 0.6%) {70.3%}
2724  ... 
2738  -O                                                                        (1 = 0.6%) {70.9%}
2739  ... 
2769  -O                                                                        (1 = 0.6%) {71.4%}
2770  ... 
2841  -O                                                                        (1 = 0.6%) {72.0%}
2842  ... 
2903  -O                                                                        (1 = 0.6%) {72.6%}
2904  -O                                                                        (1 = 0.6%) {73.1%}
2905  ... 
2927  -O                                                                        (1 = 0.6%) {73.7%}
2928  ... 
2935  -O                                                                        (1 = 0.6%) {74.3%}
2936  ... 
3004  -O                                                                        (1 = 0.6%) {74.9%}
3005  ... 
3019  -O                                                                        (1 = 0.6%) {75.4%}
3020  -O                                                                        (1 = 0.6%) {76.0%}
3021  ... 
3028  -O                                                                        (1 = 0.6%) {76.6%}
3029  ... 
3066  -O                                                                        (1 = 0.6%) {77.1%}
3067  ... 
3157  -O                                                                        (1 = 0.6%) {77.7%}
3158  ... 
3198  -O                                                                        (1 = 0.6%) {78.3%}
3199  ... 
3254  -O                                                                        (1 = 0.6%) {78.9%}
3255  ... 
3258  -O                                                                        (1 = 0.6%) {79.4%}
3259  ... 
3275  -O                                                                        (1 = 0.6%) {80.0%}
3276  ... 
3279  -O                                                                        (1 = 0.6%) {80.6%}
3280  ... 
3307  -O                                                                        (1 = 0.6%) {81.1%}
3308  -O                                                                        (1 = 0.6%) {81.7%}
3309  ... 
3349  -O                                                                        (1 = 0.6%) {82.3%}
3350  ... 
3359  -O                                                                        (1 = 0.6%) {82.9%}
3360  ... 
3409  -O                                                                        (1 = 0.6%) {83.4%}
3410  ... 
3444  -O                                                                        (1 = 0.6%) {84.0%}
3445  ... 
3580  -O                                                                        (1 = 0.6%) {84.6%}
3581  -O                                                                        (1 = 0.6%) {85.1%}
3582  ... 
3698  -O                                                                        (1 = 0.6%) {85.7%}
3699  ... 
3789  -O                                                                        (1 = 0.6%) {86.3%}
3790  -O                                                                        (1 = 0.6%) {86.9%}
3791  ... 
3803  -O                                                                        (1 = 0.6%) {87.4%}
3804  ... 
3870  -O                                                                        (1 = 0.6%) {88.0%}
3871  ... 
3973  -O                                                                        (1 = 0.6%) {88.6%}
3974  ... 
4007  -O                                                                        (1 = 0.6%) {89.1%}
4008  ... 
4113  -O                                                                        (1 = 0.6%) {89.7%}
4114  ... 
4161  -O                                                                        (1 = 0.6%) {90.3%}
4162  ... 
4177  -O                                                                        (1 = 0.6%) {90.9%}
4178  ... 
4194  -O                                                                        (1 = 0.6%) {91.4%}
4195  O                                                                         (0 = 0.0%) {92.0%}
4196  -O                                                                        (1 = 0.6%) {92.0%}
4197  ... 
4240  -O                                                                        (1 = 0.6%) {92.6%}
4241  O                                                                         (0 = 0.0%) {93.1%}
4242  -O                                                                        (1 = 0.6%) {93.1%}
4243  ... 
4307  -O                                                                        (1 = 0.6%) {93.7%}
4308  ... 
4317  -O                                                                        (1 = 0.6%) {94.3%}
4318  ... 
4372  -O                                                                        (1 = 0.6%) {94.9%}
4373  ... 
4379  -O                                                                        (1 = 0.6%) {95.4%}
4380  ... 
4419  -O                                                                        (1 = 0.6%) {96.0%}
4420  ... 
4561  -O                                                                        (1 = 0.6%) {96.6%}
4562  ... 
4673  -O                                                                        (1 = 0.6%) {97.1%}
4674  ... 
4689  -O                                                                        (1 = 0.6%) {97.7%}
4690  ... 
4743  -O                                                                        (1 = 0.6%) {98.3%}
4744  ... 
4877  -O                                                                        (1 = 0.6%) {98.9%}
4878  ... 
4994  -O                                                                        (1 = 0.6%) {99.4%}
4995  ... 

Histogram: Blink.UseCounter.MainFrame.Features recorded 175 samples, mean = 2224.1 (flags = 0x41)
0     ... 
13    -O                                                                        (1 = 0.6%) {0.0%}
14    ... 
16    -O                                                                        (1 = 0.6%) {0.6%}
17    ... 
52    -O                                                                        (1 = 0.6%) {1.1%}
53    ... 
69    -O                                                                        (1 = 0.6%) {1.7%}
70    ... 
123   -O                                                                        (1 = 0.6%) {2.3%}
124   -O                                                                        (1 = 0.6%) {2.9%}
125   -O                                                                        (1 = 0.6%) {3.4%}
126   ... 
138   -O                                                                        (1 = 0.6%) {4.0%}
139   ... 
240   -O                                                                        (1 = 0.6%) {4.6%}
241   ... 
250   -O                                                                        (1 = 0.6%) {5.1%}
251   ... 
429   -O                                                                        (1 = 0.6%) {5.7%}
430   -O                                                                        (1 = 0.6%) {6.3%}
431   -O                                                                        (1 = 0.6%) {6.9%}
432   -O                                                                        (1 = 0.6%) {7.4%}
433   ... 
469   -O                                                                        (1 = 0.6%) {8.0%}
470   ... 
494   -O                                                                        (1 = 0.6%) {8.6%}
495   ... 
522   -O                                                                        (1 = 0.6%) {9.1%}
523   -O                                                                        (1 = 0.6%) {9.7%}
524   -O                                                                        (1 = 0.6%) {10.3%}
525   ... 
540   -O                                                                        (1 = 0.6%) {10.9%}
541   ... 
587   -O                                                                        (1 = 0.6%) {11.4%}
588   -O                                                                        (1 = 0.6%) {12.0%}
589   ... 
675   -O                                                                        (1 = 0.6%) {12.6%}
676   ... 
710   -O                                                                        (1 = 0.6%) {13.1%}
711   -O                                                                        (1 = 0.6%) {13.7%}
712   -O                                                                        (1 = 0.6%) {14.3%}
713   ... 
717   -O                                                                        (1 = 0.6%) {14.9%}
718   ... 
730   -O                                                                        (1 = 0.6%) {15.4%}
731   ... 
744   -O                                                                        (1 = 0.6%) {16.0%}
745   ... 
780   -O                                                                        (1 = 0.6%) {16.6%}
781   -O                                                                        (1 = 0.6%) {17.1%}
782   ... 
786   -O                                                                        (1 = 0.6%) {17.7%}
787   -O                                                                        (1 = 0.6%) {18.3%}
788   ... 
804   -O                                                                        (1 = 0.6%) {18.9%}
805   ... 
900   -O                                                                        (1 = 0.6%) {19.4%}
901   -O                                                                        (1 = 0.6%) {20.0%}
902   ... 
907   -O                                                                        (1 = 0.6%) {20.6%}
908   ... 
954   -O                                                                        (1 = 0.6%) {21.1%}
955   ... 
970   -O                                                                        (1 = 0.6%) {21.7%}
971   O                                                                         (0 = 0.0%) {22.3%}
972   -O                                                                        (1 = 0.6%) {22.3%}
973   -O                                                                        (1 = 0.6%) {22.9%}
974   ... 
976   -O                                                                        (1 = 0.6%) {23.4%}
977   ... 
1023  -O                                                                        (1 = 0.6%) {24.0%}
1024  ... 
1069  -O                                                                        (1 = 0.6%) {24.6%}
1070  -O                                                                        (1 = 0.6%) {25.1%}
1071  ... 
1075  -O                                                                        (1 = 0.6%) {25.7%}
1076  -O                                                                        (1 = 0.6%) {26.3%}
1077  ... 
1124  -O                                                                        (1 = 0.6%) {26.9%}
1125  ... 
1302  -O                                                                        (1 = 0.6%) {27.4%}
1303  ... 
1347  -O                                                                        (1 = 0.6%) {28.0%}
1348  ... 
1351  -O                                                                        (1 = 0.6%) {28.6%}
1352  ... 
1354  -O                                                                        (1 = 0.6%) {29.1%}
1355  ... 
1368  -O                                                                        (1 = 0.6%) {29.7%}
1369  ... 
1417  -O                                                                        (1 = 0.6%) {30.3%}
1418  ... 
1441  -O                                                                        (1 = 0.6%) {30.9%}
1442  ... 
1458  -O                                                                        (1 = 0.6%) {31.4%}
1459  -O                                                                        (1 = 0.6%) {32.0%}
1460  ... 
1462  -O                                                                        (1 = 0.6%) {32.6%}
1463  -O                                                                        (1 = 0.6%) {33.1%}
1464  ... 
1467  -O                                                                        (1 = 0.6%) {33.7%}
1468  ... 
1502  -O                                                                        (1 = 0.6%) {34.3%}
1503  ... 
1692  -O                                                                        (1 = 0.6%) {34.9%}
1693  -O                                                                        (1 = 0.6%) {35.4%}
1694  ... 
1827  -O                                                                        (1 = 0.6%) {36.0%}
1828  ... 
2013  -O                                                                        (1 = 0.6%) {36.6%}
2014  ... 
2077  -O                                                                        (1 = 0.6%) {37.1%}
2078  ... 
2094  -O                                                                        (1 = 0.6%) {37.7%}
2095  O                                                                         (0 = 0.0%) {38.3%}
2096  -O                                                                        (1 = 0.6%) {38.3%}
2097  ... 
2100  -O                                                                        (1 = 0.6%) {38.9%}
2101  ... 
2112  -O                                                                        (1 = 0.6%) {39.4%}
2113  ... 
2121  -O                                                                        (1 = 0.6%) {40.0%}
2122  ... 
2157  -O                                                                        (1 = 0.6%) {40.6%}
2158  ... 
2188  -O                                                                        (1 = 0.6%) {41.1%}
2189  ... 
2191  -O                                                                        (1 = 0.6%) {41.7%}
2192  ... 
2195  -O                                                                        (1 = 0.6%) {42.3%}
2196  ... 
2203  -O                                                                        (1 = 0.6%) {42.9%}
2204  -O                                                                        (1 = 0.6%) {43.4%}
2205  ... 
2217  -O                                                                        (1 = 0.6%) {44.0%}
2218  ... 
2226  -O                                                                        (1 = 0.6%) {44.6%}
2227  O                                                                         (0 = 0.0%) {45.1%}
2228  -O                                                                        (1 = 0.6%) {45.1%}
2229  -O                                                                        (1 = 0.6%) {45.7%}
2230  ... 
2236  -O                                                                        (1 = 0.6%) {46.3%}
2237  ... 
2298  -O                                                                        (1 = 0.6%) {46.9%}
2299  ... 
2314  -O                                                                        (1 = 0.6%) {47.4%}
2315  ... 
2319  -O                                                                        (1 = 0.6%) {48.0%}
2320  ... 
2322  -O                                                                        (1 = 0.6%) {48.6%}
2323  ... 
2347  -O                                                                        (1 = 0.6%) {49.1%}
2348  ... 
2355  -O                                                                        (1 = 0.6%) {49.7%}
2356  ... 
2361  -O                                                                        (1 = 0.6%) {50.3%}
2362  ... 
2387  -O                                                                        (1 = 0.6%) {50.9%}
2388  -O                                                                        (1 = 0.6%) {51.4%}
2389  ... 
2399  -O                                                                        (1 = 0.6%) {52.0%}
2400  ... 
2413  -O                                                                        (1 = 0.6%) {52.6%}
2414  ... 
2429  -O                                                                        (1 = 0.6%) {53.1%}
2430  O                                                                         (0 = 0.0%) {53.7%}
2431  -O                                                                        (1 = 0.6%) {53.7%}
2432  ... 
2487  -O                                                                        (1 = 0.6%) {54.3%}
2488  ... 
2518  -O                                                                        (1 = 0.6%) {54.9%}
2519  ... 
2598  -O                                                                        (1 = 0.6%) {55.4%}
2599  ... 
2618  -O                                                                        (1 = 0.6%) {56.0%}
2619  ... 
2654  -O                                                                        (1 = 0.6%) {56.6%}
2655  -O                                                                        (1 = 0.6%) {57.1%}
2656  -O                                                                        (1 = 0.6%) {57.7%}
2657  -O                                                                        (1 = 0.6%) {58.3%}
2658  -O                                                                        (1 = 0.6%) {58.9%}
2659  -O                                                                        (1 = 0.6%) {59.4%}
2660  -O                                                                        (1 = 0.6%) {60.0%}
2661  -O                                                                        (1 = 0.6%) {60.6%}
2662  -O                                                                        (1 = 0.6%) {61.1%}
2663  -O                                                                        (1 = 0.6%) {61.7%}
2664  ... 
2699  -O                                                                        (1 = 0.6%) {62.3%}
2700  -O                                                                        (1 = 0.6%) {62.9%}
2701  -O                                                                        (1 = 0.6%) {63.4%}
2702  -O                                                                        (1 = 0.6%) {64.0%}
2703  -O                                                                        (1 = 0.6%) {64.6%}
2704  -O                                                                        (1 = 0.6%) {65.1%}
2705  -O                                                                        (1 = 0.6%) {65.7%}
2706  -O                                                                        (1 = 0.6%) {66.3%}
2707  -O                                                                        (1 = 0.6%) {66.9%}
2708  ... 
2710  -O                                                                        (1 = 0.6%) {67.4%}
2711  -O                                                                        (1 = 0.6%) {68.0%}
2712  ... 
2714  -O                                                                        (1 = 0.6%) {68.6%}
2715  -O                                                                        (1 = 0.6%) {69.1%}
2716  -O                                                                        (1 = 0.6%) {69.7%}
2717  ... 
2723  -O                                                                        (1 = 0.6%) {70.3%}
2724  ... 
2738  -O                                                                        (1 = 0.6%) {70.9%}
2739  ... 
2769  -O                                                                        (1 = 0.6%) {71.4%}
2770  ... 
2841  -O                                                                        (1 = 0.6%) {72.0%}
2842  ... 
2903  -O                                                                        (1 = 0.6%) {72.6%}
2904  -O                                                                        (1 = 0.6%) {73.1%}
2905  ... 
2927  -O                                                                        (1 = 0.6%) {73.7%}
2928  ... 
2935  -O                                                                        (1 = 0.6%) {74.3%}
2936  ... 
3004  -O                                                                        (1 = 0.6%) {74.9%}
3005  ... 
3019  -O                                                                        (1 = 0.6%) {75.4%}
3020  -O                                                                        (1 = 0.6%) {76.0%}
3021  ... 
3028  -O                                                                        (1 = 0.6%) {76.6%}
3029  ... 
3066  -O                                                                        (1 = 0.6%) {77.1%}
3067  ... 
3157  -O                                                                        (1 = 0.6%) {77.7%}
3158  ... 
3198  -O                                                                        (1 = 0.6%) {78.3%}
3199  ... 
3254  -O                                                                        (1 = 0.6%) {78.9%}
3255  ... 
3258  -O                                                                        (1 = 0.6%) {79.4%}
3259  ... 
3275  -O                                                                        (1 = 0.6%) {80.0%}
3276  ... 
3279  -O                                                                        (1 = 0.6%) {80.6%}
3280  ... 
3307  -O                                                                        (1 = 0.6%) {81.1%}
3308  -O                                                                        (1 = 0.6%) {81.7%}
3309  ... 
3349  -O                                                                        (1 = 0.6%) {82.3%}
3350  ... 
3359  -O                                                                        (1 = 0.6%) {82.9%}
3360  ... 
3409  -O                                                                        (1 = 0.6%) {83.4%}
3410  ... 
3444  -O                                                                        (1 = 0.6%) {84.0%}
3445  ... 
3580  -O                                                                        (1 = 0.6%) {84.6%}
3581  -O                                                                        (1 = 0.6%) {85.1%}
3582  ... 
3698  -O                                                                        (1 = 0.6%) {85.7%}
3699  ... 
3789  -O                                                                        (1 = 0.6%) {86.3%}
3790  -O                                                                        (1 = 0.6%) {86.9%}
3791  ... 
3803  -O                                                                        (1 = 0.6%) {87.4%}
3804  ... 
3870  -O                                                                        (1 = 0.6%) {88.0%}
3871  ... 
3973  -O                                                                        (1 = 0.6%) {88.6%}
3974  ... 
4007  -O                                                                        (1 = 0.6%) {89.1%}
4008  ... 
4113  -O                                                                        (1 = 0.6%) {89.7%}
4114  ... 
4161  -O                                                                        (1 = 0.6%) {90.3%}
4162  ... 
4177  -O                                                                        (1 = 0.6%) {90.9%}
4178  ... 
4194  -O                                                                        (1 = 0.6%) {91.4%}
4195  O                                                                         (0 = 0.0%) {92.0%}
4196  -O                                                                        (1 = 0.6%) {92.0%}
4197  ... 
4240  -O                                                                        (1 = 0.6%) {92.6%}
4241  O                                                                         (0 = 0.0%) {93.1%}
4242  -O                                                                        (1 = 0.6%) {93.1%}
4243  ... 
4307  -O                                                                        (1 = 0.6%) {93.7%}
4308  ... 
4317  -O                                                                        (1 = 0.6%) {94.3%}
4318  ... 
4372  -O                                                                        (1 = 0.6%) {94.9%}
4373  ... 
4379  -O                                                                        (1 = 0.6%) {95.4%}
4380  ... 
4419  -O                                                                        (1 = 0.6%) {96.0%}
4420  ... 
4561  -O                                                                        (1 = 0.6%) {96.6%}
4562  ... 
4673  -O                                                                        (1 = 0.6%) {97.1%}
4674  ... 
4689  -O                                                                        (1 = 0.6%) {97.7%}
4690  ... 
4743  -O                                                                        (1 = 0.6%) {98.3%}
4744  ... 
4877  -O                                                                        (1 = 0.6%) {98.9%}
4878  ... 
4994  -O                                                                        (1 = 0.6%) {99.4%}
4995  ... 

Histogram: Blink.UseCounter.PermissionsPolicy.Allow2 recorded 0 samples (flags = 0x41)
0 ... 

Histogram: Blink.UseCounter.PermissionsPolicy.Header2 recorded 0 samples (flags = 0x41)
0 ... 

Histogram: Blink.UseCounter.PermissionsPolicy.Violation.Enforce recorded 0 samples (flags = 0x41)
0 ... 

Histogram: Blink.UseCounter.WebDXFeatures recorded 15 samples, mean = 37.7 (flags = 0x41)
0   ... 
5   -O                                                                        (1 = 6.7%) {0.0%}
6   ... 
8   -O                                                                        (1 = 6.7%) {6.7%}
9   -O                                                                        (1 = 6.7%) {13.3%}
10  O                                                                         (0 = 0.0%) {20.0%}
11  -O                                                                        (1 = 6.7%) {20.0%}
12  ... 
27  -O                                                                        (1 = 6.7%) {26.7%}
28  -O                                                                        (1 = 6.7%) {33.3%}
29  -O                                                                        (1 = 6.7%) {40.0%}
30  ... 
38  -O                                                                        (1 = 6.7%) {46.7%}
39  -O                                                                        (1 = 6.7%) {53.3%}
40  ... 
45  -O                                                                        (1 = 6.7%) {60.0%}
46  -O                                                                        (1 = 6.7%) {66.7%}
47  ... 
58  -O                                                                        (1 = 6.7%) {73.3%}
59  ... 
68  -O                                                                        (1 = 6.7%) {80.0%}
69  ... 
71  -O                                                                        (1 = 6.7%) {86.7%}
72  ... 
83  -O                                                                        (1 = 6.7%) {93.3%}
84  ... 

Histogram: Blink.UserDrivenDocumentUpdate.UpdateTime.PreFCP recorded 1 samples, mean = 11.0 (flags = 0x41)
0   ... 
11  -O                                                                        (1 = 100.0%) {0.0%}
15  ... 

Histogram: Bookmarks.BookmarkBar.Shown recorded 1 samples, mean = 0.0 (flags = 0x41)
0  -O                                                                        (1 = 100.0%)
1  ... 

Histogram: Bookmarks.Count.OnProfileLoad3 recorded 1 samples, mean = 0.0 (flags = 0x41)
0  -O                                                                        (1 = 100.0%)
1  ... 

Histogram: Bookmarks.Storage.TimeToLoadAtStartup2 recorded 1 samples, mean = 4230.0 (flags = 0x41)
0     ... 
4222  -O                                                                        (1 = 100.0%) {0.0%}
5017  ... 

Histogram: Bookmarks.Times.OnProfileLoad.TimeSinceAdded3 recorded 1 samples, mean = 0.0 (flags = 0x41)
0  -O                                                                        (1 = 100.0%)
1  ... 

Histogram: Bookmarks.Utilization.OnProfileLoad.PercentageUsed recorded 1 samples, mean = 0.0 (flags = 0x41)
0  -O                                                                        (1 = 100.0%)
1  ... 

Histogram: Bookmarks.Utilization.OnProfileLoad.TotalUnused recorded 1 samples, mean = 0.0 (flags = 0x41)
0  -O                                                                        (1 = 100.0%)
1  ... 

Histogram: Bookmarks.Utilization.OnProfileLoad.TotalUsed recorded 1 samples, mean = 0.0 (flags = 0x41)
0  -O                                                                        (1 = 100.0%)
1  ... 

Histogram: BrotliFilter.CompressionPercent recorded 34 samples, mean = 35.3 (flags = 0x41)
0    ... 
10   -O                                                                        (1 = 2.9%) {0.0%}
11   --O                                                                       (2 = 5.9%) {2.9%}
12   -O                                                                        (1 = 2.9%) {8.8%}
13   O                                                                         (0 = 0.0%) {11.8%}
14   -O                                                                        (1 = 2.9%) {11.8%}
15   -O                                                                        (1 = 2.9%) {14.7%}
16   -O                                                                        (1 = 2.9%) {17.6%}
17   -O                                                                        (1 = 2.9%) {20.6%}
18   -O                                                                        (1 = 2.9%) {23.5%}
19   ... 
22   -O                                                                        (1 = 2.9%) {26.5%}
23   -O                                                                        (1 = 2.9%) {29.4%}
24   --O                                                                       (2 = 5.9%) {32.4%}
25   -O                                                                        (1 = 2.9%) {38.2%}
26   -O                                                                        (1 = 2.9%) {41.2%}
27   O                                                                         (0 = 0.0%) {44.1%}
28   -O                                                                        (1 = 2.9%) {44.1%}
29   --O                                                                       (2 = 5.9%) {47.1%}
30   --O                                                                       (2 = 5.9%) {52.9%}
31   O                                                                         (0 = 0.0%) {58.8%}
32   -O                                                                        (1 = 2.9%) {58.8%}
33   O                                                                         (0 = 0.0%) {61.8%}
34   --O                                                                       (2 = 5.9%) {61.8%}
35   ... 
38   -O                                                                        (1 = 2.9%) {67.6%}
39   -O                                                                        (1 = 2.9%) {70.6%}
40   O                                                                         (0 = 0.0%) {73.5%}
41   -O                                                                        (1 = 2.9%) {73.5%}
42   O                                                                         (0 = 0.0%) {76.5%}
43   -O                                                                        (1 = 2.9%) {76.5%}
44   -O                                                                        (1 = 2.9%) {79.4%}
45   O                                                                         (0 = 0.0%) {82.4%}
46   -O                                                                        (1 = 2.9%) {82.4%}
47   --O                                                                       (2 = 5.9%) {85.3%}
48   ... 
84   -O                                                                        (1 = 2.9%) {91.2%}
85   ... 
101  --O                                                                       (2 = 5.9%) {94.1%}

Histogram: BrotliFilter.Status recorded 34 samples, mean = 1.0 (flags = 0x41)
0  O                                                                         (0 = 0.0%)
1  ----------------------------------O                                       (34 = 100.0%) {0.0%}
2  ... 

Histogram: BrotliFilter.UsedMemoryKB recorded 34 samples, mean = 214.7 (flags = 0x41)
0    ... 
16   --O                                                                       (2 = 5.9%) {0.0%}
20   O                                                                         (0 = 0.0%) {5.9%}
25   ---O                                                                      (3 = 8.8%) {5.9%}
31   -------O                                                                  (7 = 20.6%) {14.7%}
39   O                                                                         (0 = 0.0%) {35.3%}
49   --O                                                                       (2 = 5.9%) {35.3%}
61   -O                                                                        (1 = 2.9%) {41.2%}
76   ----O                                                                     (4 = 11.8%) {44.1%}
95   O                                                                         (0 = 0.0%) {55.9%}
119  ---O                                                                      (3 = 8.8%) {55.9%}
149  O                                                                         (0 = 0.0%) {64.7%}
187  -O                                                                        (1 = 2.9%) {64.7%}
234  ... 
367  -------O                                                                  (7 = 20.6%) {67.6%}
460  O                                                                         (0 = 0.0%) {88.2%}
576  -O                                                                        (1 = 2.9%) {88.2%}
722  ---O                                                                      (3 = 8.8%) {91.2%}
905  ... 

Histogram: Browser.ERP.RequestPayloadSizePerHour recorded 1 samples, mean = 0.0 (flags = 0x41)
0  -O                                                                        (1 = 100.0%)
1  ... 

Histogram: Browser.ERP.ResponsePayloadSizePerHour recorded 1 samples, mean = 0.0 (flags = 0x41)
0  -O                                                                        (1 = 100.0%)
1  ... 

Histogram: Browser.MainThreadsCongestion.RunningOnly recorded 148 samples, mean = 0.0 (flags = 0x41)
0  ------------------------------------------------------------------------O (148 = 100.0%)
1  ... 

Histogram: Browser.MainThreadsCongestion.RunningOnly.Initial recorded 1 samples, mean = 0.0 (flags = 0x41)
0  -O                                                                        (1 = 100.0%)
1  ... 

Histogram: Browser.Responsiveness.IOJanksTotalPerMinute recorded 74 samples, mean = 0.0 (flags = 0x41)
0  ------------------------------------------------------------------------O (74 = 100.0%)
1  ... 

Histogram: Browser.Responsiveness.IOJankyIntervalsPerMinute recorded 74 samples, mean = 0.0 (flags = 0x41)
0  ------------------------------------------------------------------------O (74 = 100.0%)
1  ... 

Histogram: BrowserRenderProcessHost.Cleanup.DelayReason recorded 12 samples, mean = 6.8 (flags = 0x41)
0  ---O                                                                      (3 = 25.0%)
1  ... 
9  ---------O                                                                (9 = 75.0%) {25.0%}
10 ... 

Histogram: BrowserRenderProcessHost.Cleanup.Total recorded 12 samples, mean = 1.0 (flags = 0x41)
0  O                                                                         (0 = 0.0%)
1  ------------O                                                             (12 = 100.0%) {0.0%}
2  O                                                                         (0 = 0.0%) {100.0%}

Histogram: BrowserRenderProcessHost.ExistingRendererIsInitializedAndNotDead recorded 1 samples, mean = 1.0 (flags = 0x41)
0  O                                                                         (0 = 0.0%)
1  -O                                                                        (1 = 100.0%) {0.0%}
2  O                                                                         (0 = 0.0%) {100.0%}

Histogram: BrowserRenderProcessHost.FastShutdownIfPossible.DelayReason recorded 1 samples, mean = 4.0 (flags = 0x41)
0  ... 
4  -O                                                                        (1 = 100.0%) {0.0%}
5  ... 

Histogram: BrowserRenderProcessHost.FastShutdownIfPossible.Total recorded 1 samples, mean = 1.0 (flags = 0x41)
0  O                                                                         (0 = 0.0%)
1  -O                                                                        (1 = 100.0%) {0.0%}
2  O                                                                         (0 = 0.0%) {100.0%}

Histogram: BrowserRenderProcessHost.SpareProcessEvictedOtherSpare recorded 2 samples, mean = 0.0 (flags = 0x41)
0  --O                                                                       (2 = 100.0%)
1  ... 

Histogram: BrowserRenderProcessHost.SpareProcessMaybeTakeAction recorded 2 samples, mean = 2.0 (flags = 0x41)
0  -O                                                                        (1 = 50.0%)
1  ... 
4  -O                                                                        (1 = 50.0%) {50.0%}
5  ... 

Histogram: BrowserRenderProcessHost.SpareProcessStartupTime recorded 2 samples, mean = 2657.0 (flags = 0x41)
0     ... 
533   -O                                                                        (1 = 50.0%) {0.0%}
633   ... 
4222  -O                                                                        (1 = 50.0%) {50.0%}
5017  ... 

Histogram: BrowserSwitcher.ExternalGreylistSize recorded 1 samples, mean = 0.0 (flags = 0x41)
0  -O                                                                        (1 = 100.0%)
1  ... 

Histogram: BrowserSwitcher.ExternalSitelistSize recorded 1 samples, mean = 0.0 (flags = 0x41)
0  -O                                                                        (1 = 100.0%)
1  ... 

Histogram: BrowserSwitcher.IeemSitelistSize recorded 1 samples, mean = 0.0 (flags = 0x41)
0  -O                                                                        (1 = 100.0%)
1  ... 

Histogram: BrowsingTopics.BrowsingTopicsState.LoadFinishStatus recorded 1 samples, mean = 1.0 (flags = 0x41)
0  O                                                                         (0 = 0.0%)
1  -O                                                                        (1 = 100.0%) {0.0%}
2  O                                                                         (0 = 0.0%) {100.0%}

Histogram: BrowsingTopics.SiteDataStorage.FileSize.KB recorded 1 samples, mean = 28.0 (flags = 0x41)
0   ... 
28  -O                                                                        (1 = 100.0%) {0.0%}
37  ... 

Histogram: BrowsingTopics.SiteDataStorage.InitStatus recorded 1 samples, mean = 1.0 (flags = 0x41)
0  O                                                                         (0 = 0.0%)
1  -O                                                                        (1 = 100.0%) {0.0%}
2  O                                                                         (0 = 0.0%) {100.0%}

Histogram: CPU.Experimental.CpuEstimationTaskMigrated recorded 14 samples, mean = 0.0 (flags = 0x41)
0  --------------O                                                           (14 = 100.0%)
1  ... 

Histogram: CPU.Experimental.CpuEstimationTaskQueuedTime.Performance recorded 14 samples, mean = 19.8 (flags = 0x41)
0   ... 
7   -O                                                                        (1 = 7.1%) {0.0%}
9   -O                                                                        (1 = 7.1%) {7.1%}
12  -----O                                                                    (5 = 35.7%) {14.3%}
16  O                                                                         (0 = 0.0%) {50.0%}
21  -----O                                                                    (5 = 35.7%) {50.0%}
28  --O                                                                       (2 = 14.3%) {85.7%}
37  ... 

Histogram: CPU.Experimental.CpuEstimationTaskThreadTime.Performance recorded 14 samples, mean = 205.6 (flags = 0x41)
0    ... 
149  ---O                                                                      (3 = 21.4%) {0.0%}
196  -----------O                                                              (11 = 78.6%) {21.4%}
258  ... 

Histogram: CPU.Experimental.CpuEstimationTaskTotalTime.Performance recorded 14 samples, mean = 235.2 (flags = 0x41)
0    ... 
149  --O                                                                       (2 = 14.3%) {0.0%}
196  ----------O                                                               (10 = 71.4%) {14.3%}
258  --O                                                                       (2 = 14.3%) {85.7%}
340  ... 

Histogram: CPU.Experimental.CpuEstimationTaskWallTime.Performance recorded 14 samples, mean = 215.4 (flags = 0x41)
0    ... 
149  --O                                                                       (2 = 14.3%) {0.0%}
196  -----------O                                                              (11 = 78.6%) {14.3%}
258  -O                                                                        (1 = 7.1%) {92.9%}
340  ... 

Histogram: CPU.Experimental.CpuEstimationThreadTimePercent.Performance recorded 14 samples, mean = 95.6 (flags = 0x41)
0   ... 
74  -O                                                                        (1 = 7.1%) {0.0%}
75  ... 
90  -O                                                                        (1 = 7.1%) {7.1%}
91  ... 
96  -O                                                                        (1 = 7.1%) {14.3%}
97  --O                                                                       (2 = 14.3%) {21.4%}
98  ------O                                                                   (6 = 42.9%) {35.7%}
99  ---O                                                                      (3 = 21.4%) {78.6%}
100 ... 

Histogram: CPU.Experimental.EstimatedFrequencyAsPercentOfLimit.Performance recorded 14 samples, mean = 73.6 (flags = 0x41)
0   ... 
52  -O                                                                        (1 = 7.1%) {0.0%}
53  ... 
65  -O                                                                        (1 = 7.1%) {7.1%}
66  O                                                                         (0 = 0.0%) {14.3%}
67  -O                                                                        (1 = 7.1%) {14.3%}
68  --O                                                                       (2 = 14.3%) {21.4%}
69  ... 
71  -O                                                                        (1 = 7.1%) {35.7%}
72  -O                                                                        (1 = 7.1%) {42.9%}
73  -O                                                                        (1 = 7.1%) {50.0%}
74  ... 
77  -O                                                                        (1 = 7.1%) {57.1%}
78  ---O                                                                      (3 = 21.4%) {64.3%}
79  ... 
88  -O                                                                        (1 = 7.1%) {85.7%}
89  ... 
96  -O                                                                        (1 = 7.1%) {92.9%}
97  ... 

Histogram: CPU.Experimental.EstimatedFrequencyAsPercentOfMax.Performance recorded 14 samples, mean = 73.6 (flags = 0x41)
0   ... 
52  -O                                                                        (1 = 7.1%) {0.0%}
53  ... 
65  -O                                                                        (1 = 7.1%) {7.1%}
66  O                                                                         (0 = 0.0%) {14.3%}
67  -O                                                                        (1 = 7.1%) {14.3%}
68  --O                                                                       (2 = 14.3%) {21.4%}
69  ... 
71  -O                                                                        (1 = 7.1%) {35.7%}
72  -O                                                                        (1 = 7.1%) {42.9%}
73  -O                                                                        (1 = 7.1%) {50.0%}
74  ... 
77  -O                                                                        (1 = 7.1%) {57.1%}
78  ---O                                                                      (3 = 21.4%) {64.3%}
79  ... 
88  -O                                                                        (1 = 7.1%) {85.7%}
89  ... 
96  -O                                                                        (1 = 7.1%) {92.9%}
97  ... 

Histogram: CertificateType2.BR.Intermediate.ECDSA recorded 10 samples, mean = 256.0 (flags = 0x41)
0    ... 
256  ----------O                                                               (10 = 100.0%) {0.0%}
257  ... 

Histogram: CertificateType2.BR.Intermediate.RSA recorded 3 samples, mean = 2048.0 (flags = 0x41)
0     ... 
2048  ---O                                                                      (3 = 100.0%) {0.0%}
2049  ... 

Histogram: CertificateType2.BR.Leaf.ECDSA recorded 10 samples, mean = 256.0 (flags = 0x41)
0    ... 
256  ----------O                                                               (10 = 100.0%) {0.0%}
257  ... 

Histogram: CertificateType2.BR.Leaf.RSA recorded 3 samples, mean = 2048.0 (flags = 0x41)
0     ... 
2048  ---O                                                                      (3 = 100.0%) {0.0%}
2049  ... 

Histogram: CertificateType2.BR.Root.ECDSA recorded 10 samples, mean = 384.0 (flags = 0x41)
0    ... 
384  ----------O                                                               (10 = 100.0%) {0.0%}
385  ... 

Histogram: CertificateType2.BR.Root.RSA recorded 3 samples, mean = 2048.0 (flags = 0x41)
0     ... 
2048  ---O                                                                      (3 = 100.0%) {0.0%}
2049  ... 

Histogram: ChildProcess.Launched.UtilityProcessHash recorded 3 samples (flags = 0x41)
-2043041185 -O                                                                        (1 = 33.3%)
-1468742076 -O                                                                        (1 = 33.3%)
1411170475  -O                                                                        (1 = 33.3%)

Histogram: ChildProcess.ProcessLifetime.Utility recorded 3 samples, mean = 2968165.8 (flags = 0x41)
0        ... 
539      -O                                                                        (1 = 33.3%) {0.0%}
730      ... 
3600000  --O                                                                       (2 = 66.7%) {33.3%}

Histogram: Chrome.ProcessSingleton.NotifyResult recorded 1 samples, mean = 0.0 (flags = 0x41)
0  -O                                                                        (1 = 100.0%)
1  ... 

Histogram: Chrome.ProcessSingleton.TimeToCreate recorded 1 samples, mean = 1.0 (flags = 0x41)
0  -O                                                                        (1 = 100.0%)
10 ... 

Histogram: Chrome.SystemNetworkContextManager.NetworkSandboxState recorded 4 samples, mean = 0.0 (flags = 0x41)
0  ----O                                                                     (4 = 100.0%)
1  ... 

Histogram: ChromeElf.Beacon.RetryAttemptsBeforeSuccess recorded 1 samples, mean = 0.0 (flags = 0x41)
0  -O                                                                        (1 = 100.0%)
1  ... 

Histogram: ChromeElf.Beacon.SetupStatus recorded 1 samples, mean = 1.0 (flags = 0x41)
0  O                                                                         (0 = 0.0%)
1  -O                                                                        (1 = 100.0%) {0.0%}
2  ... 

Histogram: ChromeElf.ExtensionPoint.EnableState recorded 1 samples, mean = 1.0 (flags = 0x41)
0  O                                                                         (0 = 0.0%)
1  -O                                                                        (1 = 100.0%) {0.0%}
2  O                                                                         (0 = 0.0%) {100.0%}

Histogram: ClientHints.CriticalCHRestart recorded 1 samples, mean = 0.0 (flags = 0x41)
0  -O                                                                        (1 = 100.0%)
1  ... 

Histogram: ClientHints.FetchLatency_PrefRead recorded 5 samples, mean = 6.6 (flags = 0x41)
0   ... 
2   -O                                                                        (1 = 20.0%) {0.0%}
3   ---O                                                                      (3 = 60.0%) {20.0%}
4   ... 
21  -O                                                                        (1 = 20.0%) {80.0%}
29  ... 

Histogram: ClientHints.FetchLatency_PrerenderHost recorded 5 samples, mean = 0.4 (flags = 0x41)
0  ----O                                                                     (4 = 80.0%)
1  O                                                                         (0 = 0.0%) {80.0%}
2  -O                                                                        (1 = 20.0%) {80.0%}
3  ... 

Histogram: ClientHints.FetchLatency_Total recorded 5 samples, mean = 7.0 (flags = 0x41)
0   ... 
2   -O                                                                        (1 = 20.0%) {0.0%}
3   ---O                                                                      (3 = 60.0%) {20.0%}
4   ... 
21  -O                                                                        (1 = 20.0%) {80.0%}
29  ... 

Histogram: Compositing.Browser.CompositorFrame.Quads recorded 3 samples, mean = 1.0 (flags = 0x41)
0  O                                                                         (0 = 0.0%)
1  ---O                                                                      (3 = 100.0%) {0.0%}
2  ... 

Histogram: Compositing.Browser.LayerTreeImpl.CalculateDrawPropertiesUs recorded 3 samples, mean = 23.7 (flags = 0x41)
0   ... 
9   -O                                                                        (1 = 33.3%) {0.0%}
12  O                                                                         (0 = 0.0%) {33.3%}
16  -O                                                                        (1 = 33.3%) {33.3%}
21  ... 
37  -O                                                                        (1 = 33.3%) {66.7%}
49  ... 

Histogram: Compositing.Browser.LayersUpdateTime recorded 3 samples, mean = 49.0 (flags = 0x41)
0   ... 
15  -O                                                                        (1 = 33.3%) {0.0%}
21  ... 
40  -O                                                                        (1 = 33.3%) {33.3%}
55  O                                                                         (0 = 0.0%) {66.7%}
76  -O                                                                        (1 = 33.3%) {66.7%}
105 ... 

Histogram: Compositing.ColorGamut recorded 9 samples, mean = 0.0 (flags = 0x41)
0  ---------O                                                                (9 = 100.0%)
1  ... 

Histogram: Compositing.DidMainThreadBlockDuringCommit recorded 13 samples, mean = 0.1 (flags = 0x41)
0  ------------O                                                             (12 = 92.3%)
1  -O                                                                        (1 = 7.7%) {92.3%}
2  O                                                                         (0 = 0.0%) {100.0%}

Histogram: Compositing.DirectRenderer.OverlayProcessingUs recorded 9 samples, mean = 0.0 (flags = 0x41)
0  ---------O                                                                (9 = 100.0%)
5  ... 

Histogram: Compositing.DirectRenderer.PartialSwap.ExtraDamage recorded 9 samples, mean = 0.0 (flags = 0x41)
0  ---------O                                                                (9 = 100.0%)
1  ... 

Histogram: Compositing.DirectRenderer.PartialSwap.FrameBufferDamage recorded 9 samples, mean = 0.0 (flags = 0x41)
0  ---------O                                                                (9 = 100.0%)
1  ... 

Histogram: Compositing.DirectRenderer.PartialSwap.RootDamage recorded 9 samples, mean = 100.0 (flags = 0x41)
0    ... 
100  ---------O                                                                (9 = 100.0%) {0.0%}
101  O                                                                         (0 = 0.0%) {100.0%}

Histogram: Compositing.DirectRenderer.PartialSwap.TotalDamage recorded 9 samples, mean = 100.0 (flags = 0x41)
0    ... 
100  ---------O                                                                (9 = 100.0%) {0.0%}
101  O                                                                         (0 = 0.0%) {100.0%}

Histogram: Compositing.DirectRenderer.SkipAllNonRootRenderPassesPerFrame recorded 7 samples, mean = 0.0 (flags = 0x41)
0  -------O                                                                  (7 = 100.0%)
1  ... 

Histogram: Compositing.DirectRenderer.SkipNonRootRenderPass recorded 7 samples, mean = 0.0 (flags = 0x41)
0  -------O                                                                  (7 = 100.0%)
1  ... 

Histogram: Compositing.DirectRenderer.TotalPixelsRendered recorded 9 samples, mean = 1.8 (flags = 0x41)
0  O                                                                         (0 = 0.0%)
1  --O                                                                       (2 = 22.2%) {0.0%}
2  -------O                                                                  (7 = 77.8%) {22.2%}
3  ... 

Histogram: Compositing.Display.Draw.Occlusion.Calculation.Time recorded 9 samples, mean = 5.0 (flags = 0x41)
0   O                                                                         (0 = 0.0%)
1   -O                                                                        (1 = 11.1%) {0.0%}
2   ----O                                                                     (4 = 44.4%) {11.1%}
3   --O                                                                       (2 = 22.2%) {55.6%}
4   ... 
9   -O                                                                        (1 = 11.1%) {77.8%}
10  ... 
20  -O                                                                        (1 = 11.1%) {88.9%}
23  ... 

Histogram: Compositing.Display.Draw.Quads recorded 9 samples, mean = 2.6 (flags = 0x41)
0  O                                                                         (0 = 0.0%)
1  --O                                                                       (2 = 22.2%) {0.0%}
2  O                                                                         (0 = 0.0%) {22.2%}
3  -------O                                                                  (7 = 77.8%) {22.2%}
4  ... 

Histogram: Compositing.Display.DrawToSwapUs recorded 9 samples, mean = 3081.4 (flags = 0x41)
0      ... 
333    -O                                                                        (1 = 11.1%) {0.0%}
404    ... 
594    -O                                                                        (1 = 11.1%) {11.1%}
720    ---O                                                                      (3 = 33.3%) {22.2%}
873    --O                                                                       (2 = 22.2%) {55.6%}
1059   ... 
7277   -O                                                                        (1 = 11.1%) {77.8%}
8824   ... 
12974  -O                                                                        (1 = 11.1%) {88.9%}
15732  ... 

Histogram: Compositing.Display.FlattenedRenderPassCount recorded 9 samples, mean = 1.8 (flags = 0x41)
0  O                                                                         (0 = 0.0%)
1  --O                                                                       (2 = 22.2%) {0.0%}
2  -------O                                                                  (7 = 77.8%) {22.2%}
3  ... 

Histogram: Compositing.Display.PendingSwaps recorded 9 samples, mean = 1.0 (flags = 0x41)
0  O                                                                         (0 = 0.0%)
1  ---------O                                                                (9 = 100.0%) {0.0%}
2  ... 

Histogram: Compositing.Display.VizDependencyResolvedToGpuStartedDrawUs recorded 9 samples, mean = 40.4 (flags = 0x41)
0   ... 
18  ----O                                                                     (4 = 44.4%) {0.0%}
22  -O                                                                        (1 = 11.1%) {44.4%}
27  -O                                                                        (1 = 11.1%) {55.6%}
33  ... 
59  -O                                                                        (1 = 11.1%) {66.7%}
72  -O                                                                        (1 = 11.1%) {77.8%}
87  -O                                                                        (1 = 11.1%) {88.9%}
105 ... 

Histogram: Compositing.Display.VizScheduledDrawToDependencyResolvedUs recorded 9 samples, mean = 2.4 (flags = 0x41)
0  ---------O                                                                (9 = 100.0%)
5  ... 

Histogram: Compositing.Display.VizScheduledDrawToGpuStartedDrawUs recorded 9 samples, mean = 42.9 (flags = 0x41)
0   ... 
18  ----O                                                                     (4 = 44.4%) {0.0%}
22  -O                                                                        (1 = 11.1%) {44.4%}
27  O                                                                         (0 = 0.0%) {55.6%}
33  -O                                                                        (1 = 11.1%) {55.6%}
40  ... 
59  -O                                                                        (1 = 11.1%) {66.7%}
72  -O                                                                        (1 = 11.1%) {77.8%}
87  -O                                                                        (1 = 11.1%) {88.9%}
105 ... 

Histogram: Compositing.MainThreadBlockedDuringCommitTime recorded 1 samples, mean = 9.0 (flags = 0x41)
0  ... 
8  -O                                                                        (1 = 100.0%) {0.0%}
11 ... 

Histogram: Compositing.Renderer.CompositorFrame.Quads recorded 6 samples, mean = 2.0 (flags = 0x41)
0  ... 
2  ------O                                                                   (6 = 100.0%) {0.0%}
3  ... 

Histogram: Compositing.Renderer.LayersUpdateTime recorded 9 samples, mean = 21.4 (flags = 0x41)
0   ... 
8   ---O                                                                      (3 = 33.3%) {0.0%}
11  ---O                                                                      (3 = 33.3%) {33.3%}
15  --O                                                                       (2 = 22.2%) {66.7%}
21  ... 
76  -O                                                                        (1 = 11.1%) {88.9%}
105 ... 

Histogram: Compositing.Renderer.NumRenderSurfaces recorded 14 samples, mean = 1.0 (flags = 0x41)
0  O                                                                         (0 = 0.0%)
1  --------------O                                                           (14 = 100.0%) {0.0%}
2  ... 

Histogram: Compositing.SurfaceAggregator.AggregateUs recorded 9 samples, mean = 929.0 (flags = 0x41)
0     ... 
21    -O                                                                        (1 = 11.1%) {0.0%}
28    O                                                                         (0 = 0.0%) {11.1%}
37    -O                                                                        (1 = 11.1%) {11.1%}
49    ---O                                                                      (3 = 33.3%) {22.2%}
65    -O                                                                        (1 = 11.1%) {55.6%}
86    ... 
149   -O                                                                        (1 = 11.1%) {66.7%}
196   ... 
340   -O                                                                        (1 = 11.1%) {77.8%}
448   ... 
7031  -O                                                                        (1 = 11.1%) {88.9%}
9260  ... 

Histogram: Compositing.SurfaceAggregator.CopiedSurfaceCount recorded 9 samples, mean = 1.8 (flags = 0x41)
0  O                                                                         (0 = 0.0%)
1  --O                                                                       (2 = 22.2%) {0.0%}
2  -------O                                                                  (7 = 77.8%) {22.2%}
3  ... 

Histogram: Compositing.SurfaceAggregator.CopyUs recorded 9 samples, mean = 12.1 (flags = 0x41)
0   -O                                                                        (1 = 11.1%)
5   ... 
7   ---O                                                                      (3 = 33.3%) {11.1%}
8   -O                                                                        (1 = 11.1%) {44.4%}
9   ... 
13  -O                                                                        (1 = 11.1%) {55.6%}
15  O                                                                         (0 = 0.0%) {66.7%}
18  -O                                                                        (1 = 11.1%) {66.7%}
21  --O                                                                       (2 = 22.2%) {77.8%}
25  ... 

Histogram: Compositing.SurfaceAggregator.HasCopyRequestsPerFrame recorded 9 samples, mean = 0.7 (flags = 0x41)
0  ---O                                                                      (3 = 33.3%)
1  ------O                                                                   (6 = 66.7%) {33.3%}
2  O                                                                         (0 = 0.0%) {100.0%}

Histogram: Compositing.SurfaceAggregator.HasPixelMovingBackdropFiltersPerFrame recorded 9 samples, mean = 0.0 (flags = 0x41)
0  ---------O                                                                (9 = 100.0%)
1  ... 

Histogram: Compositing.SurfaceAggregator.HasPixelMovingFiltersPerFrame recorded 9 samples, mean = 0.0 (flags = 0x41)
0  ---------O                                                                (9 = 100.0%)
1  ... 

Histogram: Compositing.SurfaceAggregator.HasUnembeddedRenderPassesPerFrame recorded 9 samples, mean = 0.0 (flags = 0x41)
0  ---------O                                                                (9 = 100.0%)
1  ... 

Histogram: Compositing.SurfaceAggregator.PrewalkUs recorded 9 samples, mean = 902.3 (flags = 0x41)
0     ... 
11    -O                                                                        (1 = 11.1%) {0.0%}
13    ... 
25    -O                                                                        (1 = 11.1%) {11.1%}
29    --O                                                                       (2 = 22.2%) {22.2%}
34    ... 
47    -O                                                                        (1 = 11.1%) {44.4%}
55    -O                                                                        (1 = 11.1%) {55.6%}
64    O                                                                         (0 = 0.0%) {66.7%}
75    -O                                                                        (1 = 11.1%) {66.7%}
88    ... 
311   -O                                                                        (1 = 11.1%) {77.8%}
364   ... 
7294  -O                                                                        (1 = 11.1%) {88.9%}
8540  ... 

Histogram: Compositing.SurfaceAggregator.PrewalkedSurfaceCount recorded 9 samples, mean = 1.8 (flags = 0x41)
0  O                                                                         (0 = 0.0%)
1  --O                                                                       (2 = 22.2%) {0.0%}
2  -------O                                                                  (7 = 77.8%) {22.2%}
3  ... 

Histogram: Compositing.SurfaceManager.MarkForDestructionToDestroy recorded 1 samples, mean = 335.0 (flags = 0x41)
0    ... 
318  -O                                                                        (1 = 100.0%) {0.0%}
378  ... 

Histogram: Content.Classification.OpenGraph recorded 1 samples, mean = 4.0 (flags = 0x41)
0  ... 
4  -O                                                                        (1 = 100.0%) {0.0%}
5  ... 

Histogram: ContentSettings.AllowStorageAccessSync recorded 4 samples, mean = 0.0 (flags = 0x41)
0  ----O                                                                     (4 = 100.0%)
1  ... 

Histogram: ContentSettings.GetContentSetting.Network.Duration recorded 407 samples, mean = 0.6 (flags = 0x41)
0   ------------------------------------------------------------------------O (261 = 64.1%)
1   ------------------------------O                                           (109 = 26.8%) {64.1%}
2   ------O                                                                   (22 = 5.4%) {90.9%}
3   ---O                                                                      (10 = 2.5%) {96.3%}
4   -O                                                                        (2 = 0.5%) {98.8%}
5   O                                                                         (1 = 0.2%) {99.3%}
7   ... 
16  O                                                                         (1 = 0.2%) {99.5%}
21  O                                                                         (1 = 0.2%) {99.8%}
28  ... 

Histogram: ContentSettings.GetCookieSettingInternal.Duration recorded 186 samples, mean = 5.8 (flags = 0x41)
0   O                                                                         (0 = 0.0%)
1   -------------O                                                            (13 = 7.0%) {0.0%}
2   -----------------------------------------------------------O              (59 = 31.7%) {7.0%}
3   ---------------------------------------O                                  (39 = 21.0%) {38.7%}
4   -------------------O                                                      (19 = 10.2%) {59.7%}
5   ----------O                                                               (10 = 5.4%) {69.9%}
7   -------------O                                                            (13 = 7.0%) {75.3%}
9   -------O                                                                  (7 = 3.8%) {82.3%}
12  -------O                                                                  (7 = 3.8%) {86.0%}
16  -------------O                                                            (13 = 7.0%) {89.8%}
21  -----O                                                                    (5 = 2.7%) {96.8%}
28  ... 
65  -O                                                                        (1 = 0.5%) {99.5%}
86  ... 

Histogram: ContentSettings.NumberOfExceptions recorded 1 samples, mean = 3.0 (flags = 0x41)
0  ... 
3  -O                                                                        (1 = 100.0%) {0.0%}
4  ... 

Histogram: ContentSettings.Popups.StrongBlockerActions recorded 1 samples, mean = 0.0 (flags = 0x41)
0  -O                                                                        (1 = 100.0%)
1  ... 

Histogram: ContentSettings.RegularProfile.DefaultAutoVerifySetting recorded 1 samples, mean = 1.0 (flags = 0x41)
0  O                                                                         (0 = 0.0%)
1  -O                                                                        (1 = 100.0%) {0.0%}
2  ... 

Histogram: ContentSettings.RegularProfile.DefaultAutoplaySetting recorded 1 samples, mean = 1.0 (flags = 0x41)
0  O                                                                         (0 = 0.0%)
1  -O                                                                        (1 = 100.0%) {0.0%}
2  ... 

Histogram: ContentSettings.RegularProfile.DefaultBackgroundSyncSetting recorded 1 samples, mean = 1.0 (flags = 0x41)
0  O                                                                         (0 = 0.0%)
1  -O                                                                        (1 = 100.0%) {0.0%}
2  ... 

Histogram: ContentSettings.RegularProfile.DefaultCookiesSetting recorded 1 samples, mean = 1.0 (flags = 0x41)
0  O                                                                         (0 = 0.0%)
1  -O                                                                        (1 = 100.0%) {0.0%}
2  ... 

Histogram: ContentSettings.RegularProfile.DefaultIdleDetectionSetting recorded 1 samples, mean = 3.0 (flags = 0x41)
0  ... 
3  -O                                                                        (1 = 100.0%) {0.0%}
4  ... 

Histogram: ContentSettings.RegularProfile.DefaultImagesSetting recorded 1 samples, mean = 1.0 (flags = 0x41)
0  O                                                                         (0 = 0.0%)
1  -O                                                                        (1 = 100.0%) {0.0%}
2  ... 

Histogram: ContentSettings.RegularProfile.DefaultJavaScriptSetting recorded 1 samples, mean = 1.0 (flags = 0x41)
0  O                                                                         (0 = 0.0%)
1  -O                                                                        (1 = 100.0%) {0.0%}
2  ... 

Histogram: ContentSettings.RegularProfile.DefaultLocationSetting recorded 1 samples, mean = 3.0 (flags = 0x41)
0  ... 
3  -O                                                                        (1 = 100.0%) {0.0%}
4  ... 

Histogram: ContentSettings.RegularProfile.DefaultMIDISysExSetting recorded 1 samples, mean = 3.0 (flags = 0x41)
0  ... 
3  -O                                                                        (1 = 100.0%) {0.0%}
4  ... 

Histogram: ContentSettings.RegularProfile.DefaultMediaStreamCameraSetting recorded 1 samples, mean = 3.0 (flags = 0x41)
0  ... 
3  -O                                                                        (1 = 100.0%) {0.0%}
4  ... 

Histogram: ContentSettings.RegularProfile.DefaultMediaStreamMicSetting recorded 1 samples, mean = 3.0 (flags = 0x41)
0  ... 
3  -O                                                                        (1 = 100.0%) {0.0%}
4  ... 

Histogram: ContentSettings.RegularProfile.DefaultNotificationsSetting recorded 1 samples, mean = 3.0 (flags = 0x41)
0  ... 
3  -O                                                                        (1 = 100.0%) {0.0%}
4  ... 

Histogram: ContentSettings.RegularProfile.DefaultPopupsSetting recorded 1 samples, mean = 2.0 (flags = 0x41)
0  ... 
2  -O                                                                        (1 = 100.0%) {0.0%}
3  ... 

Histogram: ContentSettings.RegularProfile.DefaultSoundSetting recorded 1 samples, mean = 1.0 (flags = 0x41)
0  O                                                                         (0 = 0.0%)
1  -O                                                                        (1 = 100.0%) {0.0%}
2  ... 

Histogram: ContentSettings.RegularProfile.DefaultStorageAccessSetting recorded 1 samples, mean = 3.0 (flags = 0x41)
0  ... 
3  -O                                                                        (1 = 100.0%) {0.0%}
4  ... 

Histogram: ContentSettings.RegularProfile.DefaultSubresourceFilterSetting recorded 1 samples, mean = 2.0 (flags = 0x41)
0  ... 
2  -O                                                                        (1 = 100.0%) {0.0%}
3  ... 

Histogram: ContentSettings.RegularProfile.DefaultUsbGuardSetting recorded 1 samples, mean = 3.0 (flags = 0x41)
0  ... 
3  -O                                                                        (1 = 100.0%) {0.0%}
4  ... 

Histogram: ContentSettings.RegularProfile.DefaultWebBluetoothGuardSetting recorded 1 samples, mean = 3.0 (flags = 0x41)
0  ... 
3  -O                                                                        (1 = 100.0%) {0.0%}
4  ... 

Histogram: ContentSettings.RegularProfile.Exceptions.3pcd-heuristics-grants recorded 1 samples, mean = 0.0 (flags = 0x41)
0  -O                                                                        (1 = 100.0%)
1  ... 

Histogram: ContentSettings.RegularProfile.Exceptions.3pcd-support recorded 1 samples, mean = 0.0 (flags = 0x41)
0  -O                                                                        (1 = 100.0%)
1  ... 

Histogram: ContentSettings.RegularProfile.Exceptions.abusive-notification-permissions recorded 1 samples, mean = 0.0 (flags = 0x41)
0  -O                                                                        (1 = 100.0%)
1  ... 

Histogram: ContentSettings.RegularProfile.Exceptions.access-to-get-all-screens-media-in-session recorded 1 samples, mean = 0.0 (flags = 0x41)
0  -O                                                                        (1 = 100.0%)
1  ... 

Histogram: ContentSettings.RegularProfile.Exceptions.accessibility-events recorded 1 samples, mean = 0.0 (flags = 0x41)
0  -O                                                                        (1 = 100.0%)
1  ... 

Histogram: ContentSettings.RegularProfile.Exceptions.anti-abuse recorded 1 samples, mean = 0.0 (flags = 0x41)
0  -O                                                                        (1 = 100.0%)
1  ... 

Histogram: ContentSettings.RegularProfile.Exceptions.app-banner recorded 1 samples, mean = 0.0 (flags = 0x41)
0  -O                                                                        (1 = 100.0%)
1  ... 

Histogram: ContentSettings.RegularProfile.Exceptions.ar recorded 1 samples, mean = 0.0 (flags = 0x41)
0  -O                                                                        (1 = 100.0%)
1  ... 

Histogram: ContentSettings.RegularProfile.Exceptions.auto-picture-in-picture recorded 1 samples, mean = 0.0 (flags = 0x41)
0  -O                                                                        (1 = 100.0%)
1  ... 

Histogram: ContentSettings.RegularProfile.Exceptions.auto-select-certificate recorded 1 samples, mean = 0.0 (flags = 0x41)
0  -O                                                                        (1 = 100.0%)
1  ... 

Histogram: ContentSettings.RegularProfile.Exceptions.automatic-downloads recorded 1 samples, mean = 0.0 (flags = 0x41)
0  -O                                                                        (1 = 100.0%)
1  ... 

Histogram: ContentSettings.RegularProfile.Exceptions.automatic-fullscreen recorded 1 samples, mean = 0.0 (flags = 0x41)
0  -O                                                                        (1 = 100.0%)
1  ... 

Histogram: ContentSettings.RegularProfile.Exceptions.autoplay recorded 1 samples, mean = 0.0 (flags = 0x41)
0  -O                                                                        (1 = 100.0%)
1  ... 

Histogram: ContentSettings.RegularProfile.Exceptions.background-sync recorded 1 samples, mean = 0.0 (flags = 0x41)
0  -O                                                                        (1 = 100.0%)
1  ... 

Histogram: ContentSettings.RegularProfile.Exceptions.bluetooth-chooser-data recorded 1 samples, mean = 0.0 (flags = 0x41)
0  -O                                                                        (1 = 100.0%)
1  ... 

Histogram: ContentSettings.RegularProfile.Exceptions.bluetooth-guard recorded 1 samples, mean = 0.0 (flags = 0x41)
0  -O                                                                        (1 = 100.0%)
1  ... 

Histogram: ContentSettings.RegularProfile.Exceptions.bluetooth-scanning recorded 1 samples, mean = 0.0 (flags = 0x41)
0  -O                                                                        (1 = 100.0%)
1  ... 

Histogram: ContentSettings.RegularProfile.Exceptions.camera-pan-tilt-zoom recorded 1 samples, mean = 0.0 (flags = 0x41)
0  -O                                                                        (1 = 100.0%)
1  ... 

Histogram: ContentSettings.RegularProfile.Exceptions.captured-surface-control recorded 1 samples, mean = 0.0 (flags = 0x41)
0  -O                                                                        (1 = 100.0%)
1  ... 

Histogram: ContentSettings.RegularProfile.Exceptions.client-hints recorded 1 samples, mean = 0.0 (flags = 0x41)
0  -O                                                                        (1 = 100.0%)
1  ... 

Histogram: ContentSettings.RegularProfile.Exceptions.clipboard recorded 1 samples, mean = 0.0 (flags = 0x41)
0  -O                                                                        (1 = 100.0%)
1  ... 

Histogram: ContentSettings.RegularProfile.Exceptions.cookie-controls-metadata recorded 1 samples, mean = 0.0 (flags = 0x41)
0  -O                                                                        (1 = 100.0%)
1  ... 

Histogram: ContentSettings.RegularProfile.Exceptions.cookies recorded 1 samples, mean = 0.0 (flags = 0x41)
0  -O                                                                        (1 = 100.0%)
1  ... 

Histogram: ContentSettings.RegularProfile.Exceptions.cookies.Allow recorded 1 samples, mean = 0.0 (flags = 0x41)
0  -O                                                                        (1 = 100.0%)
1  ... 

Histogram: ContentSettings.RegularProfile.Exceptions.cookies.AllowThirdParty recorded 1 samples, mean = 0.0 (flags = 0x41)
0  -O                                                                        (1 = 100.0%)
1  ... 

Histogram: ContentSettings.RegularProfile.Exceptions.cookies.Block recorded 1 samples, mean = 0.0 (flags = 0x41)
0  -O                                                                        (1 = 100.0%)
1  ... 

Histogram: ContentSettings.RegularProfile.Exceptions.cookies.DomainWildcardAllowThirdParty recorded 1 samples, mean = 0.0 (flags = 0x41)
0  -O                                                                        (1 = 100.0%)
1  ... 

Histogram: ContentSettings.RegularProfile.Exceptions.cookies.SessionOnly recorded 1 samples, mean = 0.0 (flags = 0x41)
0  -O                                                                        (1 = 100.0%)
1  ... 

Histogram: ContentSettings.RegularProfile.Exceptions.cookies.TemporaryAllowThirdParty recorded 1 samples, mean = 0.0 (flags = 0x41)
0  -O                                                                        (1 = 100.0%)
1  ... 

Histogram: ContentSettings.RegularProfile.Exceptions.direct-sockets recorded 1 samples, mean = 0.0 (flags = 0x41)
0  -O                                                                        (1 = 100.0%)
1  ... 

Histogram: ContentSettings.RegularProfile.Exceptions.display-media-system-audio recorded 1 samples, mean = 0.0 (flags = 0x41)
0  -O                                                                        (1 = 100.0%)
1  ... 

Histogram: ContentSettings.RegularProfile.Exceptions.durable-storage recorded 1 samples, mean = 0.0 (flags = 0x41)
0  -O                                                                        (1 = 100.0%)
1  ... 

Histogram: ContentSettings.RegularProfile.Exceptions.fedcm-idp-registration recorded 1 samples, mean = 0.0 (flags = 0x41)
0  -O                                                                        (1 = 100.0%)
1  ... 

Histogram: ContentSettings.RegularProfile.Exceptions.fedcm-idp-signin recorded 1 samples, mean = 1.0 (flags = 0x41)
0  O                                                                         (0 = 0.0%)
1  -O                                                                        (1 = 100.0%) {0.0%}
2  ... 

Histogram: ContentSettings.RegularProfile.Exceptions.fedcm-share recorded 1 samples, mean = 0.0 (flags = 0x41)
0  -O                                                                        (1 = 100.0%)
1  ... 

Histogram: ContentSettings.RegularProfile.Exceptions.file-system-access-chooser-data recorded 1 samples, mean = 0.0 (flags = 0x41)
0  -O                                                                        (1 = 100.0%)
1  ... 

Histogram: ContentSettings.RegularProfile.Exceptions.file-system-access-extended-permission recorded 1 samples, mean = 0.0 (flags = 0x41)
0  -O                                                                        (1 = 100.0%)
1  ... 

Histogram: ContentSettings.RegularProfile.Exceptions.file-system-access-restore-permission recorded 1 samples, mean = 0.0 (flags = 0x41)
0  -O                                                                        (1 = 100.0%)
1  ... 

Histogram: ContentSettings.RegularProfile.Exceptions.file-system-last-picked-directory recorded 1 samples, mean = 0.0 (flags = 0x41)
0  -O                                                                        (1 = 100.0%)
1  ... 

Histogram: ContentSettings.RegularProfile.Exceptions.file-system-read-guard recorded 1 samples, mean = 0.0 (flags = 0x41)
0  -O                                                                        (1 = 100.0%)
1  ... 

Histogram: ContentSettings.RegularProfile.Exceptions.file-system-write-guard recorded 1 samples, mean = 0.0 (flags = 0x41)
0  -O                                                                        (1 = 100.0%)
1  ... 

Histogram: ContentSettings.RegularProfile.Exceptions.formfill-metadata recorded 1 samples, mean = 0.0 (flags = 0x41)
0  -O                                                                        (1 = 100.0%)
1  ... 

Histogram: ContentSettings.RegularProfile.Exceptions.geolocation recorded 1 samples, mean = 0.0 (flags = 0x41)
0  -O                                                                        (1 = 100.0%)
1  ... 

Histogram: ContentSettings.RegularProfile.Exceptions.hid-chooser-data recorded 1 samples, mean = 0.0 (flags = 0x41)
0  -O                                                                        (1 = 100.0%)
1  ... 

Histogram: ContentSettings.RegularProfile.Exceptions.hid-guard recorded 1 samples, mean = 0.0 (flags = 0x41)
0  -O                                                                        (1 = 100.0%)
1  ... 

Histogram: ContentSettings.RegularProfile.Exceptions.http-allowed recorded 1 samples, mean = 0.0 (flags = 0x41)
0  -O                                                                        (1 = 100.0%)
1  ... 

Histogram: ContentSettings.RegularProfile.Exceptions.https-enforced recorded 1 samples, mean = 0.0 (flags = 0x41)
0  -O                                                                        (1 = 100.0%)
1  ... 

Histogram: ContentSettings.RegularProfile.Exceptions.idle-detection recorded 1 samples, mean = 0.0 (flags = 0x41)
0  -O                                                                        (1 = 100.0%)
1  ... 

Histogram: ContentSettings.RegularProfile.Exceptions.images recorded 1 samples, mean = 0.0 (flags = 0x41)
0  -O                                                                        (1 = 100.0%)
1  ... 

Histogram: ContentSettings.RegularProfile.Exceptions.important-site-info recorded 1 samples, mean = 0.0 (flags = 0x41)
0  -O                                                                        (1 = 100.0%)
1  ... 

Histogram: ContentSettings.RegularProfile.Exceptions.insecure-private-network recorded 1 samples, mean = 0.0 (flags = 0x41)
0  -O                                                                        (1 = 100.0%)
1  ... 

Histogram: ContentSettings.RegularProfile.Exceptions.intent-picker-auto-display recorded 1 samples, mean = 0.0 (flags = 0x41)
0  -O                                                                        (1 = 100.0%)
1  ... 

Histogram: ContentSettings.RegularProfile.Exceptions.javascript recorded 1 samples, mean = 0.0 (flags = 0x41)
0  -O                                                                        (1 = 100.0%)
1  ... 

Histogram: ContentSettings.RegularProfile.Exceptions.javascript-jit recorded 1 samples, mean = 0.0 (flags = 0x41)
0  -O                                                                        (1 = 100.0%)
1  ... 

Histogram: ContentSettings.RegularProfile.Exceptions.javascript-optimizer recorded 1 samples, mean = 0.0 (flags = 0x41)
0  -O                                                                        (1 = 100.0%)
1  ... 

Histogram: ContentSettings.RegularProfile.Exceptions.keyboard-lock recorded 1 samples, mean = 0.0 (flags = 0x41)
0  -O                                                                        (1 = 100.0%)
1  ... 

Histogram: ContentSettings.RegularProfile.Exceptions.legacy-cookie-access recorded 1 samples, mean = 0.0 (flags = 0x41)
0  -O                                                                        (1 = 100.0%)
1  ... 

Histogram: ContentSettings.RegularProfile.Exceptions.local-fonts recorded 1 samples, mean = 0.0 (flags = 0x41)
0  -O                                                                        (1 = 100.0%)
1  ... 

Histogram: ContentSettings.RegularProfile.Exceptions.media-engagement recorded 1 samples, mean = 1.0 (flags = 0x41)
0  O                                                                         (0 = 0.0%)
1  -O                                                                        (1 = 100.0%) {0.0%}
2  ... 

Histogram: ContentSettings.RegularProfile.Exceptions.media-stream-camera recorded 1 samples, mean = 0.0 (flags = 0x41)
0  -O                                                                        (1 = 100.0%)
1  ... 

Histogram: ContentSettings.RegularProfile.Exceptions.media-stream-mic recorded 1 samples, mean = 0.0 (flags = 0x41)
0  -O                                                                        (1 = 100.0%)
1  ... 

Histogram: ContentSettings.RegularProfile.Exceptions.midi-sysex recorded 1 samples, mean = 0.0 (flags = 0x41)
0  -O                                                                        (1 = 100.0%)
1  ... 

Histogram: ContentSettings.RegularProfile.Exceptions.mixed-script recorded 1 samples, mean = 0.0 (flags = 0x41)
0  -O                                                                        (1 = 100.0%)
1  ... 

Histogram: ContentSettings.RegularProfile.Exceptions.nfc-devices recorded 1 samples, mean = 0.0 (flags = 0x41)
0  -O                                                                        (1 = 100.0%)
1  ... 

Histogram: ContentSettings.RegularProfile.Exceptions.notification-interactions recorded 1 samples, mean = 0.0 (flags = 0x41)
0  -O                                                                        (1 = 100.0%)
1  ... 

Histogram: ContentSettings.RegularProfile.Exceptions.notification-permission-review recorded 1 samples, mean = 0.0 (flags = 0x41)
0  -O                                                                        (1 = 100.0%)
1  ... 

Histogram: ContentSettings.RegularProfile.Exceptions.notifications recorded 1 samples, mean = 0.0 (flags = 0x41)
0  -O                                                                        (1 = 100.0%)
1  ... 

Histogram: ContentSettings.RegularProfile.Exceptions.password-protection recorded 1 samples, mean = 0.0 (flags = 0x41)
0  -O                                                                        (1 = 100.0%)
1  ... 

Histogram: ContentSettings.RegularProfile.Exceptions.payment-handler recorded 1 samples, mean = 0.0 (flags = 0x41)
0  -O                                                                        (1 = 100.0%)
1  ... 

Histogram: ContentSettings.RegularProfile.Exceptions.permission-autoblocking-data recorded 1 samples, mean = 0.0 (flags = 0x41)
0  -O                                                                        (1 = 100.0%)
1  ... 

Histogram: ContentSettings.RegularProfile.Exceptions.permission-autorevocation-data recorded 1 samples, mean = 0.0 (flags = 0x41)
0  -O                                                                        (1 = 100.0%)
1  ... 

Histogram: ContentSettings.RegularProfile.Exceptions.pointer-lock recorded 1 samples, mean = 0.0 (flags = 0x41)
0  -O                                                                        (1 = 100.0%)
1  ... 

Histogram: ContentSettings.RegularProfile.Exceptions.popups recorded 1 samples, mean = 0.0 (flags = 0x41)
0  -O                                                                        (1 = 100.0%)
1  ... 

Histogram: ContentSettings.RegularProfile.Exceptions.popups.Allow recorded 1 samples, mean = 0.0 (flags = 0x41)
0  -O                                                                        (1 = 100.0%)
1  ... 

Histogram: ContentSettings.RegularProfile.Exceptions.popups.Block recorded 1 samples, mean = 0.0 (flags = 0x41)
0  -O                                                                        (1 = 100.0%)
1  ... 

Histogram: ContentSettings.RegularProfile.Exceptions.private-network-chooser-data recorded 1 samples, mean = 0.0 (flags = 0x41)
0  -O                                                                        (1 = 100.0%)
1  ... 

Histogram: ContentSettings.RegularProfile.Exceptions.private-network-guard recorded 1 samples, mean = 0.0 (flags = 0x41)
0  -O                                                                        (1 = 100.0%)
1  ... 

Histogram: ContentSettings.RegularProfile.Exceptions.protected-media-identifier recorded 1 samples, mean = 0.0 (flags = 0x41)
0  -O                                                                        (1 = 100.0%)
1  ... 

Histogram: ContentSettings.RegularProfile.Exceptions.protocol-handler recorded 1 samples, mean = 0.0 (flags = 0x41)
0  -O                                                                        (1 = 100.0%)
1  ... 

Histogram: ContentSettings.RegularProfile.Exceptions.reduced-accept-language recorded 1 samples, mean = 0.0 (flags = 0x41)
0  -O                                                                        (1 = 100.0%)
1  ... 

Histogram: ContentSettings.RegularProfile.Exceptions.safe-browsing-url-check-data recorded 1 samples, mean = 0.0 (flags = 0x41)
0  -O                                                                        (1 = 100.0%)
1  ... 

Histogram: ContentSettings.RegularProfile.Exceptions.sensors recorded 1 samples, mean = 0.0 (flags = 0x41)
0  -O                                                                        (1 = 100.0%)
1  ... 

Histogram: ContentSettings.RegularProfile.Exceptions.serial-chooser-data recorded 1 samples, mean = 0.0 (flags = 0x41)
0  -O                                                                        (1 = 100.0%)
1  ... 

Histogram: ContentSettings.RegularProfile.Exceptions.serial-guard recorded 1 samples, mean = 0.0 (flags = 0x41)
0  -O                                                                        (1 = 100.0%)
1  ... 

Histogram: ContentSettings.RegularProfile.Exceptions.site-engagement recorded 1 samples, mean = 1.0 (flags = 0x41)
0  O                                                                         (0 = 0.0%)
1  -O                                                                        (1 = 100.0%) {0.0%}
2  ... 

Histogram: ContentSettings.RegularProfile.Exceptions.sound recorded 1 samples, mean = 0.0 (flags = 0x41)
0  -O                                                                        (1 = 100.0%)
1  ... 

Histogram: ContentSettings.RegularProfile.Exceptions.speaker-selection recorded 1 samples, mean = 0.0 (flags = 0x41)
0  -O                                                                        (1 = 100.0%)
1  ... 

Histogram: ContentSettings.RegularProfile.Exceptions.ssl-cert-decisions recorded 1 samples, mean = 0.0 (flags = 0x41)
0  -O                                                                        (1 = 100.0%)
1  ... 

Histogram: ContentSettings.RegularProfile.Exceptions.storage-access recorded 1 samples, mean = 0.0 (flags = 0x41)
0  -O                                                                        (1 = 100.0%)
1  ... 

Histogram: ContentSettings.RegularProfile.Exceptions.storage-access-header-origin-trial recorded 1 samples, mean = 0.0 (flags = 0x41)
0  -O                                                                        (1 = 100.0%)
1  ... 

Histogram: ContentSettings.RegularProfile.Exceptions.storage-access.Allow recorded 1 samples, mean = 0.0 (flags = 0x41)
0  -O                                                                        (1 = 100.0%)
1  ... 

Histogram: ContentSettings.RegularProfile.Exceptions.storage-access.Ask recorded 1 samples, mean = 0.0 (flags = 0x41)
0  -O                                                                        (1 = 100.0%)
1  ... 

Histogram: ContentSettings.RegularProfile.Exceptions.storage-access.Block recorded 1 samples, mean = 0.0 (flags = 0x41)
0  -O                                                                        (1 = 100.0%)
1  ... 

Histogram: ContentSettings.RegularProfile.Exceptions.storage-access.MaxRequester recorded 1 samples, mean = 0.0 (flags = 0x41)
0  -O                                                                        (1 = 100.0%)
1  ... 

Histogram: ContentSettings.RegularProfile.Exceptions.storage-access.MaxTopLevel recorded 1 samples, mean = 0.0 (flags = 0x41)
0  -O                                                                        (1 = 100.0%)
1  ... 

Histogram: ContentSettings.RegularProfile.Exceptions.subresource-filter recorded 1 samples, mean = 0.0 (flags = 0x41)
0  -O                                                                        (1 = 100.0%)
1  ... 

Histogram: ContentSettings.RegularProfile.Exceptions.subresource-filter-data recorded 1 samples, mean = 0.0 (flags = 0x41)
0  -O                                                                        (1 = 100.0%)
1  ... 

Histogram: ContentSettings.RegularProfile.Exceptions.subresource-filter.Allow recorded 1 samples, mean = 0.0 (flags = 0x41)
0  -O                                                                        (1 = 100.0%)
1  ... 

Histogram: ContentSettings.RegularProfile.Exceptions.subresource-filter.Block recorded 1 samples, mean = 0.0 (flags = 0x41)
0  -O                                                                        (1 = 100.0%)
1  ... 

Histogram: ContentSettings.RegularProfile.Exceptions.third-party-storage-partitioning recorded 1 samples, mean = 0.0 (flags = 0x41)
0  -O                                                                        (1 = 100.0%)
1  ... 

Histogram: ContentSettings.RegularProfile.Exceptions.top-level-3pcd-origin-trial recorded 1 samples, mean = 0.0 (flags = 0x41)
0  -O                                                                        (1 = 100.0%)
1  ... 

Histogram: ContentSettings.RegularProfile.Exceptions.top-level-3pcd-support recorded 1 samples, mean = 0.0 (flags = 0x41)
0  -O                                                                        (1 = 100.0%)
1  ... 

Histogram: ContentSettings.RegularProfile.Exceptions.top-level-storage-access recorded 1 samples, mean = 0.0 (flags = 0x41)
0  -O                                                                        (1 = 100.0%)
1  ... 

Histogram: ContentSettings.RegularProfile.Exceptions.tracking-protection recorded 1 samples, mean = 0.0 (flags = 0x41)
0  -O                                                                        (1 = 100.0%)
1  ... 

Histogram: ContentSettings.RegularProfile.Exceptions.tracking-protection.Allow recorded 1 samples, mean = 0.0 (flags = 0x41)
0  -O                                                                        (1 = 100.0%)
1  ... 

Histogram: ContentSettings.RegularProfile.Exceptions.tracking-protection.Block recorded 1 samples, mean = 0.0 (flags = 0x41)
0  -O                                                                        (1 = 100.0%)
1  ... 

Histogram: ContentSettings.RegularProfile.Exceptions.unused-site-permissions recorded 1 samples, mean = 0.0 (flags = 0x41)
0  -O                                                                        (1 = 100.0%)
1  ... 

Histogram: ContentSettings.RegularProfile.Exceptions.usb-chooser-data recorded 1 samples, mean = 0.0 (flags = 0x41)
0  -O                                                                        (1 = 100.0%)
1  ... 

Histogram: ContentSettings.RegularProfile.Exceptions.usb-guard recorded 1 samples, mean = 0.0 (flags = 0x41)
0  -O                                                                        (1 = 100.0%)
1  ... 

Histogram: ContentSettings.RegularProfile.Exceptions.vr recorded 1 samples, mean = 0.0 (flags = 0x41)
0  -O                                                                        (1 = 100.0%)
1  ... 

Histogram: ContentSettings.RegularProfile.Exceptions.webid-api recorded 1 samples, mean = 0.0 (flags = 0x41)
0  -O                                                                        (1 = 100.0%)
1  ... 

Histogram: ContentSettings.RegularProfile.Exceptions.webid-auto-reauthn recorded 1 samples, mean = 0.0 (flags = 0x41)
0  -O                                                                        (1 = 100.0%)
1  ... 

Histogram: ContentSettings.RegularProfile.Exceptions.window-placement recorded 1 samples, mean = 0.0 (flags = 0x41)
0  -O                                                                        (1 = 100.0%)
1  ... 

Histogram: Conversions.DelayOnAttestationsLoaded recorded 1 samples, mean = 300000.0 (flags = 0x41)
0       ... 
300000  -O                                                                        (1 = 100.0%) {0.0%}

Histogram: Cookie.ClockSkew.AddMinutes recorded 6 samples, mean = 0.0 (flags = 0x41)
0  ------O                                                                   (6 = 100.0%)
1  ... 

Histogram: Cookie.ClockSkew.AddMinutes12To24Hours recorded 6 samples, mean = 0.0 (flags = 0x41)
0  ------O                                                                   (6 = 100.0%)
720... 

Histogram: Cookie.ClockSkew.ExpiredWithoutSkew recorded 6 samples, mean = 0.0 (flags = 0x41)
0  ------O                                                                   (6 = 100.0%)
1  ... 

Histogram: Cookie.CookiePrefix recorded 7 samples, mean = 0.0 (flags = 0x41)
0  -------O                                                                  (7 = 100.0%)
1  ... 

Histogram: Cookie.CookieSchemeRequestScheme recorded 76 samples, mean = 2.0 (flags = 0x41)
0  ... 
2  ------------------------------------------------------------------------O (76 = 100.0%) {0.0%}
3  ... 

Histogram: Cookie.CookieSourceScheme recorded 7 samples, mean = 0.0 (flags = 0x41)
0  -------O                                                                  (7 = 100.0%)
1  ... 

Histogram: Cookie.CookieSourceSchemeName recorded 7 samples, mean = 14.0 (flags = 0x41)
0   ... 
14  -------O                                                                  (7 = 100.0%) {0.0%}
15  ... 

Histogram: Cookie.CrossSiteRedirectType.Read recorded 121 samples, mean = 1.0 (flags = 0x41)
0  O                                                                         (0 = 0.0%)
1  ------------------------------------------------------------------------O (121 = 100.0%) {0.0%}
2  ... 

Histogram: Cookie.CrossSiteRedirectType.Write recorded 7 samples, mean = 1.0 (flags = 0x41)
0  O                                                                         (0 = 0.0%)
1  -------O                                                                  (7 = 100.0%) {0.0%}
2  ... 

Histogram: Cookie.DaysSinceRefreshForRetrieval recorded 4 samples, mean = 0.0 (flags = 0x41)
0  ----O                                                                     (4 = 100.0%)
1  ... 

Histogram: Cookie.DomainHasNonASCII recorded 7 samples, mean = 0.0 (flags = 0x41)
0  -------O                                                                  (7 = 100.0%)
1  ... 

Histogram: Cookie.DomainSet recorded 7 samples, mean = 1.0 (flags = 0x41)
0  O                                                                         (0 = 0.0%)
1  -------O                                                                  (7 = 100.0%) {0.0%}
2  O                                                                         (0 = 0.0%) {100.0%}

Histogram: Cookie.DoubleUnderscorePrefixedName recorded 7 samples, mean = 0.7 (flags = 0x41)
0  --O                                                                       (2 = 28.6%)
1  -----O                                                                    (5 = 71.4%) {28.6%}
2  O                                                                         (0 = 0.0%) {100.0%}

Histogram: Cookie.ExpirationDuration400DaysLTE recorded 6 samples, mean = 60.8 (flags = 0x41)
0    -----O                                                                    (5 = 83.3%)
1    ... 
364  -O                                                                        (1 = 16.7%) {83.3%}
400  O                                                                         (0 = 0.0%) {100.0%}

Histogram: Cookie.ExpirationDurationMinutesSecure recorded 6 samples, mean = 87625.0 (flags = 0x41)
0       ... 
26      -----O                                                                    (5 = 83.3%) {0.0%}
36      ... 
429766  -O                                                                        (1 = 16.7%) {83.3%}
587706  ... 

Histogram: Cookie.FirstPartyPartitioned.HasCrossSiteAncestor recorded 45 samples, mean = 0.0 (flags = 0x41)
0  ---------------------------------------------O                            (45 = 100.0%)
1  ... 

Histogram: Cookie.FirstPartySets.Browser.DelayedQueriesCount recorded 1 samples, mean = 2.0 (flags = 0x41)
0  ... 
2  -O                                                                        (1 = 100.0%) {0.0%}
3  ... 

Histogram: Cookie.FirstPartySets.Browser.MostDelayedQueryDelta recorded 1 samples, mean = 61.0 (flags = 0x41)
0   ... 
57  -O                                                                        (1 = 100.0%) {0.0%}
68  ... 

Histogram: Cookie.FirstPartySets.ComponentSetsNonfatalErrors recorded 1 samples, mean = 0.0 (flags = 0x41)
0  -O                                                                        (1 = 100.0%)
1  ... 

Histogram: Cookie.FirstPartySets.ComponentSetsParsedSuccessfully recorded 1 samples, mean = 0.0 (flags = 0x41)
0  -O                                                                        (1 = 100.0%)
1  ... 

Histogram: Cookie.FirstPartySets.ContextDelayedQueriesCount recorded 1 samples, mean = 0.0 (flags = 0x41)
0  -O                                                                        (1 = 100.0%)
1  ... 

Histogram: Cookie.FirstPartySets.ContextMostDelayedQueryDelta recorded 1 samples, mean = 0.0 (flags = 0x41)
0  -O                                                                        (1 = 100.0%)
1  ... 

Histogram: Cookie.FirstPartySets.EnqueueingDelay.ContextConfig2 recorded 1 samples, mean = 18.0 (flags = 0x41)
0   ... 
17  -O                                                                        (1 = 100.0%) {0.0%}
20  ... 

Histogram: Cookie.FirstPartySets.InitializationDuration.ContextReadyToServeQueries2 recorded 1 samples, mean = 965.0 (flags = 0x41)
0    ... 
894  -O                                                                        (1 = 100.0%) {0.0%}
1062 ... 

Histogram: Cookie.FirstPartySets.InitializationDuration.ReadCommandLineSet2 recorded 1 samples, mean = 61.0 (flags = 0x41)
0   ... 
57  -O                                                                        (1 = 100.0%) {0.0%}
68  ... 

Histogram: Cookie.FirstPartySets.InitializationDuration.ReadComponentSets2 recorded 1 samples, mean = 0.0 (flags = 0x41)
0  -O                                                                        (1 = 100.0%)
1  ... 

Histogram: Cookie.FirstPartySets.InitializationDuration.ReadyToServeQueries2 recorded 1 samples, mean = 0.0 (flags = 0x41)
0  -O                                                                        (1 = 100.0%)
1  ... 

Histogram: Cookie.FirstPartySets.Network.DelayedQueriesCount recorded 1 samples, mean = 0.0 (flags = 0x41)
0  -O                                                                        (1 = 100.0%)
1  ... 

Histogram: Cookie.FirstPartySets.Network.MostDelayedQueryDelta recorded 1 samples, mean = 0.0 (flags = 0x41)
0  -O                                                                        (1 = 100.0%)
1  ... 

Histogram: Cookie.FirstPartySets.ProcessedEntireComponent recorded 1 samples, mean = 1.0 (flags = 0x41)
0  O                                                                         (0 = 0.0%)
1  -O                                                                        (1 = 100.0%) {0.0%}
2  O                                                                         (0 = 0.0%) {100.0%}

Histogram: Cookie.FromStorageWithValidLength recorded 140 samples, mean = 1.0 (flags = 0x41)
0  O                                                                         (0 = 0.0%)
1  ------------------------------------------------------------------------O (140 = 100.0%) {0.0%}
2  O                                                                         (0 = 0.0%) {100.0%}

Histogram: Cookie.HasNonASCII.Name recorded 7 samples, mean = 0.0 (flags = 0x41)
0  -------O                                                                  (7 = 100.0%)
1  ... 

Histogram: Cookie.HasNonASCII.Value recorded 7 samples, mean = 0.0 (flags = 0x41)
0  -------O                                                                  (7 = 100.0%)
1  ... 

Histogram: Cookie.IncludedRequestEffectiveSameSite recorded 121 samples, mean = 0.0 (flags = 0x41)
0  ------------------------------------------------------------------------O (121 = 100.0%)
1  ... 

Histogram: Cookie.IncludedResponseEffectiveSameSite recorded 7 samples, mean = 0.0 (flags = 0x41)
0  -------O                                                                  (7 = 100.0%)
1  ... 

Histogram: Cookie.IsPartitionedValid recorded 1 samples, mean = 1.0 (flags = 0x41)
0  O                                                                         (0 = 0.0%)
1  -O                                                                        (1 = 100.0%) {0.0%}
2  O                                                                         (0 = 0.0%) {100.0%}

Histogram: Cookie.NameOrValueHtab recorded 7 samples, mean = 0.0 (flags = 0x41)
0  -------O                                                                  (7 = 100.0%)
1  ... 

Histogram: Cookie.OnCookiesAccessed.BatchSize recorded 38 samples, mean = 1.1 (flags = 0x41)
0  O                                                                         (0 = 0.0%)
1  -----------------------------------O                                      (35 = 92.1%) {0.0%}
2  ---O                                                                      (3 = 7.9%) {92.1%}
3  ... 

Histogram: Cookie.OnCookiesAccessed.TotalAccesses recorded 38 samples, mean = 2.1 (flags = 0x41)
0  O                                                                         (0 = 0.0%)
1  -O                                                                        (1 = 2.6%) {0.0%}
2  ----------------------------------O                                       (34 = 89.5%) {2.6%}
3  --O                                                                       (2 = 5.3%) {92.1%}
4  -O                                                                        (1 = 2.6%) {97.4%}
5  ... 

Histogram: Cookie.PartitionedCookiesInRequest recorded 39 samples, mean = 1.0 (flags = 0x41)
0  O                                                                         (0 = 0.0%)
1  ---------------------------------------O                                  (39 = 100.0%) {0.0%}
2  ... 

Histogram: Cookie.Port.Read.RemoteHost recorded 117 samples, mean = 7.0 (flags = 0x41)
0  ... 
7  ------------------------------------------------------------------------O (117 = 100.0%) {0.0%}
8  ... 

Histogram: Cookie.Port.ReadDiffersFromSet.DomainSet recorded 117 samples, mean = 4.0 (flags = 0x41)
0  ... 
4  ------------------------------------------------------------------------O (117 = 100.0%) {0.0%}
5  O                                                                         (0 = 0.0%) {100.0%}

Histogram: Cookie.Port.ReadDiffersFromSet.RemoteHost recorded 117 samples, mean = 4.0 (flags = 0x41)
0  ... 
4  ------------------------------------------------------------------------O (117 = 100.0%) {0.0%}
5  O                                                                         (0 = 0.0%) {100.0%}

Histogram: Cookie.Port.Set.RemoteHost recorded 7 samples, mean = 7.0 (flags = 0x41)
0  ... 
7  -------O                                                                  (7 = 100.0%) {0.0%}
8  ... 

Histogram: Cookie.RequestSameSiteContext recorded 125 samples, mean = 3.0 (flags = 0x41)
0  -O                                                                        (2 = 1.6%)
1  ... 
3  ------------------------------------------------------------------------O (123 = 98.4%) {1.6%}
4  O                                                                         (0 = 0.0%) {100.0%}

Histogram: Cookie.SameSiteAttributeValue recorded 7 samples, mean = 5.0 (flags = 0x41)
0  ... 
5  -------O                                                                  (7 = 100.0%) {0.0%}
6  ... 

Histogram: Cookie.SameSiteNoneSizeBytes recorded 7 samples, mean = 212.1 (flags = 0x41)
0    ... 
40   -O                                                                        (1 = 14.3%) {0.0%}
48   ... 
190  -----O                                                                    (5 = 71.4%) {14.3%}
226  ... 
378  -O                                                                        (1 = 14.3%) {85.7%}
449  ... 

Histogram: Cookie.SameSiteNoneSizeBytes.Partitioned recorded 1 samples, mean = 417.0 (flags = 0x41)
0    ... 
378  -O                                                                        (1 = 100.0%) {0.0%}
449  ... 

Histogram: Cookie.SameSiteNoneSizeBytes.Unpartitioned recorded 6 samples, mean = 178.0 (flags = 0x41)
0    ... 
40   -O                                                                        (1 = 16.7%) {0.0%}
48   ... 
190  -----O                                                                    (5 = 83.3%) {16.7%}
226  ... 

Histogram: Cookie.SessionAgeInHoursLTEOneWeek2 recorded 1 samples, mean = 21.0 (flags = 0x41)
0   ... 
21  -O                                                                        (1 = 100.0%) {0.0%}
22  ... 

Histogram: Cookie.SessionAgeSinceLastUpdateInHoursLTEOneWeek recorded 1 samples, mean = 21.0 (flags = 0x41)
0   ... 
21  -O                                                                        (1 = 100.0%) {0.0%}
22  ... 

Histogram: Cookie.SourceType recorded 11 samples, mean = 1.0 (flags = 0x41)
0  O                                                                         (0 = 0.0%)
1  -----------O                                                              (11 = 100.0%) {0.0%}
2  ... 

Histogram: Cookie.TimeBlockedOnLoad recorded 2 samples, mean = 391.5 (flags = 0x41)
0    ... 
21   -O                                                                        (1 = 50.0%) {0.0%}
26   ... 
658  -O                                                                        (1 = 50.0%) {50.0%}
816  ... 

Histogram: Cookie.TimeInitializeDB recorded 2 samples, mean = 9.5 (flags = 0x41)
0   ... 
2   -O                                                                        (1 = 50.0%) {0.0%}
3   ... 
17  -O                                                                        (1 = 50.0%) {50.0%}
21  ... 

Histogram: Cookie.TimeOpsBlockedDueToGlobalOp recorded 2 samples, mean = 10.5 (flags = 0x41)
0   -O                                                                        (1 = 50.0%)
1   ... 
21  -O                                                                        (1 = 50.0%) {50.0%}
26  ... 

Histogram: Cookie.Type2 recorded 11 samples, mean = 12.2 (flags = 0x41)
0   ... 
4   --O                                                                       (2 = 18.2%) {0.0%}
5   ... 
14  ---------O                                                                (9 = 81.8%) {18.2%}
15  ... 

Histogram: Crypto.TPMDuration.MessageSigningRSA recorded 1 samples, mean = 668.0 (flags = 0x41)
0    ... 
574  -O                                                                        (1 = 100.0%) {0.0%}
729  ... 

Histogram: Crypto.TPMDuration.NewKeyCreationRSA recorded 1 samples, mean = 377.0 (flags = 0x41)
0    ... 
356  -O                                                                        (1 = 100.0%) {0.0%}
452  ... 

Histogram: Crypto.TPMDuration.WrappedKeyCreationRSA recorded 1 samples, mean = 518.0 (flags = 0x41)
0    ... 
452  -O                                                                        (1 = 100.0%) {0.0%}
574  ... 

Histogram: Crypto.TPMOperation.MessageSigningRSA recorded 1 samples, mean = 1.0 (flags = 0x41)
0  O                                                                         (0 = 0.0%)
1  -O                                                                        (1 = 100.0%) {0.0%}
2  O                                                                         (0 = 0.0%) {100.0%}

Histogram: Crypto.TPMOperation.MessageVerifyRSA recorded 1 samples, mean = 1.0 (flags = 0x41)
0  O                                                                         (0 = 0.0%)
1  -O                                                                        (1 = 100.0%) {0.0%}
2  O                                                                         (0 = 0.0%) {100.0%}

Histogram: Crypto.TPMOperation.NewKeyCreationRSA recorded 1 samples, mean = 1.0 (flags = 0x41)
0  O                                                                         (0 = 0.0%)
1  -O                                                                        (1 = 100.0%) {0.0%}
2  O                                                                         (0 = 0.0%) {100.0%}

Histogram: Crypto.TPMOperation.Virtual.NewKeyCreationECDSA recorded 1 samples, mean = 0.0 (flags = 0x41)
0  -O                                                                        (1 = 100.0%)
1  ... 

Histogram: Crypto.TPMOperation.WrappedKeyCreationRSA recorded 1 samples, mean = 1.0 (flags = 0x41)
0  O                                                                         (0 = 0.0%)
1  -O                                                                        (1 = 100.0%) {0.0%}
2  O                                                                         (0 = 0.0%) {100.0%}

Histogram: Crypto.TPMSupport2 recorded 1 samples, mean = 1.0 (flags = 0x41)
0  O                                                                         (0 = 0.0%)
1  -O                                                                        (1 = 100.0%) {0.0%}
2  ... 

Histogram: Crypto.TPMSupportType recorded 1 samples, mean = 1.0 (flags = 0x41)
0  O                                                                         (0 = 0.0%)
1  -O                                                                        (1 = 100.0%) {0.0%}
2  ... 

Histogram: Crypto.TpmError.VirtualCreateKey recorded 1 samples (flags = 0x41)
-2146893767-O                                                                        (1 = 100.0%)

Histogram: Crypto.VirtualKeySupport recorded 1 samples, mean = 2.0 (flags = 0x41)
0  ... 
2  -O                                                                        (1 = 100.0%) {0.0%}
3  O                                                                         (0 = 0.0%) {100.0%}

Histogram: DOMStorage.CommitMeasuredDelay recorded 3 samples, mean = 4704.0 (flags = 0x41)
0     ... 
3681  -O                                                                        (1 = 33.3%) {0.0%}
4249  O                                                                         (0 = 0.0%) {33.3%}
4904  --O                                                                       (2 = 66.7%) {33.3%}
5660  ... 

Histogram: DOMStorage.CommitSizeBytes recorded 1 samples, mean = 1777.0 (flags = 0x41)
0     ... 
1763  -O                                                                        (1 = 100.0%) {0.0%}
1988  ... 

Histogram: DataUse.BytesReceived3.Delegate recorded 76 samples, mean = 18318.4 (flags = 0x41)
0       ... 
64      -O                                                                        (1 = 1.3%) {0.0%}
83      ... 
297     -O                                                                        (1 = 1.3%) {1.3%}
383     --O                                                                       (2 = 2.6%) {2.6%}
494     -O                                                                        (1 = 1.3%) {5.3%}
637     -O                                                                        (1 = 1.3%) {6.6%}
821     ----O                                                                     (4 = 5.3%) {7.9%}
1059    -------------------------------O                                          (31 = 40.8%) {13.2%}
1366    -O                                                                        (1 = 1.3%) {53.9%}
1761    --O                                                                       (2 = 2.6%) {55.3%}
2271    -O                                                                        (1 = 1.3%) {57.9%}
2928    ----O                                                                     (4 = 5.3%) {59.2%}
3776    ---O                                                                      (3 = 3.9%) {64.5%}
4869    -O                                                                        (1 = 1.3%) {68.4%}
6279    -O                                                                        (1 = 1.3%) {69.7%}
8097    --O                                                                       (2 = 2.6%) {71.1%}
10441   --O                                                                       (2 = 2.6%) {73.7%}
13464   O                                                                         (0 = 0.0%) {76.3%}
17362   --O                                                                       (2 = 2.6%) {76.3%}
22388   --O                                                                       (2 = 2.6%) {78.9%}
28869   --O                                                                       (2 = 2.6%) {81.6%}
37226   --O                                                                       (2 = 2.6%) {84.2%}
48002   --O                                                                       (2 = 2.6%) {86.8%}
61898   O                                                                         (0 = 0.0%) {89.5%}
79817   ---O                                                                      (3 = 3.9%) {89.5%}
102923  ---O                                                                      (3 = 3.9%) {93.4%}
132718  --O                                                                       (2 = 2.6%) {97.4%}
171138  ... 

Histogram: DataUse.BytesSent3.Delegate recorded 76 samples, mean = 797.7 (flags = 0x41)
0      ... 
21     -O                                                                        (1 = 1.3%) {0.0%}
28     ... 
65     -------------------------O                                                (25 = 32.9%) {1.3%}
86     -----O                                                                    (5 = 6.6%) {34.2%}
113    -O                                                                        (1 = 1.3%) {40.8%}
149    -O                                                                        (1 = 1.3%) {42.1%}
196    --O                                                                       (2 = 2.6%) {43.4%}
258    O                                                                         (0 = 0.0%) {46.1%}
340    -O                                                                        (1 = 1.3%) {46.1%}
448    ----O                                                                     (4 = 5.3%) {47.4%}
590    O                                                                         (0 = 0.0%) {52.6%}
777    -------O                                                                  (7 = 9.2%) {52.6%}
1023   ----------------------------O                                             (28 = 36.8%) {61.8%}
1347   ... 
16063  -O                                                                        (1 = 1.3%) {98.7%}
21156  ... 

Histogram: DefaultBrowser.State recorded 1 samples, mean = 0.0 (flags = 0x41)
0  -O                                                                        (1 = 100.0%)
1  ... 

Histogram: DiskCache.0.Error recorded 1 samples, mean = 0.0 (flags = 0x41)
0  -O                                                                        (1 = 100.0%)
1  ... 

Histogram: DiskCache.0.TotalIOTimeRead recorded 11 samples, mean = 0.1 (flags = 0x41)
0  ----------O                                                               (10 = 90.9%)
1  -O                                                                        (1 = 9.1%) {90.9%}
2  ... 

Histogram: DiskCache.0.TotalIOTimeWrite recorded 206 samples, mean = 0.1 (flags = 0x41)
0  ------------------------------------------------------------------------O (194 = 94.2%)
1  ----O                                                                     (10 = 4.9%) {94.2%}
2  -O                                                                        (2 = 1.0%) {99.0%}
3  ... 

Histogram: Download.Database.IsAvailable recorded 1 samples, mean = 1.0 (flags = 0x41)
0  O                                                                         (0 = 0.0%)
1  -O                                                                        (1 = 100.0%) {0.0%}
2  O                                                                         (0 = 0.0%) {100.0%}

Histogram: Download.Service.Db.Operation.Success recorded 1 samples, mean = 0.0 (flags = 0x41)
0  -O                                                                        (1 = 100.0%)
1  ... 

Histogram: Download.Service.Db.Records recorded 1 samples, mean = 0.0 (flags = 0x41)
0  -O                                                                        (1 = 100.0%)
1  ... 

Histogram: Download.Service.Db.Records.Active recorded 1 samples, mean = 0.0 (flags = 0x41)
0  -O                                                                        (1 = 100.0%)
1  ... 

Histogram: Download.Service.Db.Records.Available recorded 1 samples, mean = 0.0 (flags = 0x41)
0  -O                                                                        (1 = 100.0%)
1  ... 

Histogram: Download.Service.Db.Records.Complete recorded 1 samples, mean = 0.0 (flags = 0x41)
0  -O                                                                        (1 = 100.0%)
1  ... 

Histogram: Download.Service.Db.Records.New recorded 1 samples, mean = 0.0 (flags = 0x41)
0  -O                                                                        (1 = 100.0%)
1  ... 

Histogram: Download.Service.Db.Records.Paused recorded 1 samples, mean = 0.0 (flags = 0x41)
0  -O                                                                        (1 = 100.0%)
1  ... 

Histogram: Download.Service.Files.CleanUp.External recorded 3 samples, mean = 0.0 (flags = 0x41)
0  ---O                                                                      (3 = 100.0%)
1  ... 

Histogram: Download.Service.Files.CleanUp.External.Orphaned recorded 1 samples, mean = 0.0 (flags = 0x41)
0  -O                                                                        (1 = 100.0%)
1  ... 

Histogram: Download.Service.Files.CleanUp.External.Timeout recorded 1 samples, mean = 0.0 (flags = 0x41)
0  -O                                                                        (1 = 100.0%)
1  ... 

Histogram: Download.Service.Files.CleanUp.External.Unknown recorded 1 samples, mean = 0.0 (flags = 0x41)
0  -O                                                                        (1 = 100.0%)
1  ... 

Histogram: Download.Service.Files.CleanUp.Failure recorded 3 samples, mean = 0.0 (flags = 0x41)
0  ---O                                                                      (3 = 100.0%)
1  ... 

Histogram: Download.Service.Files.CleanUp.Failure.Orphaned recorded 1 samples, mean = 0.0 (flags = 0x41)
0  -O                                                                        (1 = 100.0%)
1  ... 

Histogram: Download.Service.Files.CleanUp.Failure.Timeout recorded 1 samples, mean = 0.0 (flags = 0x41)
0  -O                                                                        (1 = 100.0%)
1  ... 

Histogram: Download.Service.Files.CleanUp.Failure.Unknown recorded 1 samples, mean = 0.0 (flags = 0x41)
0  -O                                                                        (1 = 100.0%)
1  ... 

Histogram: Download.Service.Files.CleanUp.Success recorded 3 samples, mean = 0.0 (flags = 0x41)
0  ---O                                                                      (3 = 100.0%)
1  ... 

Histogram: Download.Service.Files.CleanUp.Success.Orphaned recorded 1 samples, mean = 0.0 (flags = 0x41)
0  -O                                                                        (1 = 100.0%)
1  ... 

Histogram: Download.Service.Files.CleanUp.Success.Timeout recorded 1 samples, mean = 0.0 (flags = 0x41)
0  -O                                                                        (1 = 100.0%)
1  ... 

Histogram: Download.Service.Files.CleanUp.Success.Unknown recorded 1 samples, mean = 0.0 (flags = 0x41)
0  -O                                                                        (1 = 100.0%)
1  ... 

Histogram: Download.Service.StartUpStatus.Initialization recorded 1 samples, mean = 0.0 (flags = 0x41)
0  -O                                                                        (1 = 100.0%)
1  ... 

Histogram: Enterprise.TimeToFirstPolicyLoad.Profile.Unmanaged recorded 1 samples, mean = 0.0 (flags = 0x41)
0  -O                                                                        (1 = 100.0%)
1  ... 

Histogram: EnterpriseCheck.AzureADJoinStatusCheckTime recorded 1 samples, mean = 13.0 (flags = 0x41)
0   ... 
12  -O                                                                        (1 = 100.0%) {0.0%}
14  ... 

Histogram: Event.GestureCreated recorded 1 samples, mean = 12.0 (flags = 0x41)
0   ... 
12  -O                                                                        (1 = 100.0%) {0.0%}
13  ... 

Histogram: Extension.Toolbar.BrowserActionsCount2 recorded 1 samples, mean = 0.0 (flags = 0x41)
0  -O                                                                        (1 = 100.0%)
1  ... 

Histogram: ExtensionToolbarModel.BrowserActionsCount recorded 1 samples, mean = 0.0 (flags = 0x41)
0  -O                                                                        (1 = 100.0%)
1  ... 

Histogram: Extensions.AppLocation2 recorded 1 samples, mean = 5.0 (flags = 0x41)
0  ... 
5  -O                                                                        (1 = 100.0%) {0.0%}
6  ... 

Histogram: Extensions.CorruptExtensionTotalDisables recorded 1 samples, mean = 0.0 (flags = 0x41)
0  -O                                                                        (1 = 100.0%)
1  ... 

Histogram: Extensions.CorruptExtensionTotalDisables2 recorded 1 samples, mean = 0.0 (flags = 0x41)
0  -O                                                                        (1 = 100.0%)
1  ... 

Histogram: Extensions.Database.Open.State recorded 1 samples, mean = 0.0 (flags = 0x41)
0  -O                                                                        (1 = 100.0%)
1  ... 

Histogram: Extensions.DeveloperModeEnabled recorded 2 samples, mean = 0.0 (flags = 0x41)
0  --O                                                                       (2 = 100.0%)
1  ... 

Histogram: Extensions.DidCreateScriptContext_Unspecified recorded 1 samples, mean = 0.0 (flags = 0x41)
0  -O                                                                        (1 = 100.0%)
1  ... 

Histogram: Extensions.DidCreateScriptContext_WebPage recorded 3 samples, mean = 0.0 (flags = 0x41)
0  ---O                                                                      (3 = 100.0%)
1  ... 

Histogram: Extensions.Disabled recorded 1 samples, mean = 0.0 (flags = 0x41)
0  -O                                                                        (1 = 100.0%)
1  ... 

Histogram: Extensions.Disabled2 recorded 1 samples, mean = 0.0 (flags = 0x41)
0  -O                                                                        (1 = 100.0%)
1  ... 

Histogram: Extensions.DisabledForPermissions recorded 1 samples, mean = 0.0 (flags = 0x41)
0  -O                                                                        (1 = 100.0%)
1  ... 

Histogram: Extensions.DisabledForPermissions2 recorded 1 samples, mean = 0.0 (flags = 0x41)
0  -O                                                                        (1 = 100.0%)
1  ... 

Histogram: Extensions.EventlessEventPages2 recorded 1 samples, mean = 0.0 (flags = 0x41)
0  -O                                                                        (1 = 100.0%)
1  ... 

Histogram: Extensions.ExtensionLocation recorded 1 samples, mean = 5.0 (flags = 0x41)
0  ... 
5  -O                                                                        (1 = 100.0%) {0.0%}
6  ... 

Histogram: Extensions.ExtensionLocation2 recorded 1 samples, mean = 5.0 (flags = 0x41)
0  ... 
5  -O                                                                        (1 = 100.0%) {0.0%}
6  ... 

Histogram: Extensions.ExtensionsWithPageActions recorded 1 samples, mean = 0.0 (flags = 0x41)
0  -O                                                                        (1 = 100.0%)
1  ... 

Histogram: Extensions.HomepageOverrides recorded 1 samples, mean = 0.0 (flags = 0x41)
0  -O                                                                        (1 = 100.0%)
1  ... 

Histogram: Extensions.HomepageOverrides2 recorded 1 samples, mean = 0.0 (flags = 0x41)
0  -O                                                                        (1 = 100.0%)
1  ... 

Histogram: Extensions.InjectEnd_ScriptCount recorded 3 samples, mean = 0.0 (flags = 0x41)
0  ---O                                                                      (3 = 100.0%)
1  ... 

Histogram: Extensions.InjectIdle_ScriptCount recorded 3 samples, mean = 0.0 (flags = 0x41)
0  ---O                                                                      (3 = 100.0%)
1  ... 

Histogram: Extensions.InjectStart_CssCount recorded 5 samples, mean = 0.0 (flags = 0x41)
0  -----O                                                                    (5 = 100.0%)
1  ... 

Histogram: Extensions.InjectStart_ScriptCount recorded 5 samples, mean = 0.0 (flags = 0x41)
0  -----O                                                                    (5 = 100.0%)
1  ... 

Histogram: Extensions.LoadAll recorded 1 samples, mean = 2.0 (flags = 0x41)
0  ... 
2  -O                                                                        (1 = 100.0%) {0.0%}
3  ... 

Histogram: Extensions.LoadAll2 recorded 1 samples, mean = 2.0 (flags = 0x41)
0  ... 
2  -O                                                                        (1 = 100.0%) {0.0%}
3  ... 

Histogram: Extensions.LoadAllComponentTime recorded 1 samples, mean = 1.0 (flags = 0x41)
0  O                                                                         (0 = 0.0%)
1  -O                                                                        (1 = 100.0%) {0.0%}
2  ... 

Histogram: Extensions.LoadAllComponentTime.User recorded 1 samples, mean = 1.0 (flags = 0x41)
0  O                                                                         (0 = 0.0%)
1  -O                                                                        (1 = 100.0%) {0.0%}
2  ... 

Histogram: Extensions.LoadAllTime2 recorded 1 samples, mean = 0.0 (flags = 0x41)
0  -O                                                                        (1 = 100.0%)
1  ... 

Histogram: Extensions.LoadAllTime2.User recorded 1 samples, mean = 0.0 (flags = 0x41)
0  -O                                                                        (1 = 100.0%)
1  ... 

Histogram: Extensions.LoadApp recorded 1 samples, mean = 0.0 (flags = 0x41)
0  -O                                                                        (1 = 100.0%)
1  ... 

Histogram: Extensions.LoadApp2 recorded 1 samples, mean = 0.0 (flags = 0x41)
0  -O                                                                        (1 = 100.0%)
1  ... 

Histogram: Extensions.LoadAppExternal recorded 1 samples, mean = 0.0 (flags = 0x41)
0  -O                                                                        (1 = 100.0%)
1  ... 

Histogram: Extensions.LoadAppExternal2 recorded 1 samples, mean = 0.0 (flags = 0x41)
0  -O                                                                        (1 = 100.0%)
1  ... 

Histogram: Extensions.LoadAppUser recorded 1 samples, mean = 0.0 (flags = 0x41)
0  -O                                                                        (1 = 100.0%)
1  ... 

Histogram: Extensions.LoadAppUser2 recorded 1 samples, mean = 0.0 (flags = 0x41)
0  -O                                                                        (1 = 100.0%)
1  ... 

Histogram: Extensions.LoadBrowserAction recorded 1 samples, mean = 0.0 (flags = 0x41)
0  -O                                                                        (1 = 100.0%)
1  ... 

Histogram: Extensions.LoadBrowserAction2 recorded 1 samples, mean = 0.0 (flags = 0x41)
0  -O                                                                        (1 = 100.0%)
1  ... 

Histogram: Extensions.LoadExtension recorded 1 samples, mean = 0.0 (flags = 0x41)
0  -O                                                                        (1 = 100.0%)
1  ... 

Histogram: Extensions.LoadExtension2 recorded 1 samples, mean = 0.0 (flags = 0x41)
0  -O                                                                        (1 = 100.0%)
1  ... 

Histogram: Extensions.LoadExtensionExternal recorded 1 samples, mean = 0.0 (flags = 0x41)
0  -O                                                                        (1 = 100.0%)
1  ... 

Histogram: Extensions.LoadExtensionExternal2 recorded 1 samples, mean = 0.0 (flags = 0x41)
0  -O                                                                        (1 = 100.0%)
1  ... 

Histogram: Extensions.LoadExtensionUser2 recorded 1 samples, mean = 0.0 (flags = 0x41)
0  -O                                                                        (1 = 100.0%)
1  ... 

Histogram: Extensions.LoadHostedApp recorded 1 samples, mean = 0.0 (flags = 0x41)
0  -O                                                                        (1 = 100.0%)
1  ... 

Histogram: Extensions.LoadHostedApp2 recorded 1 samples, mean = 0.0 (flags = 0x41)
0  -O                                                                        (1 = 100.0%)
1  ... 

Histogram: Extensions.LoadNoExtensionAction recorded 1 samples, mean = 0.0 (flags = 0x41)
0  -O                                                                        (1 = 100.0%)
1  ... 

Histogram: Extensions.LoadNoExtensionAction2 recorded 1 samples, mean = 0.0 (flags = 0x41)
0  -O                                                                        (1 = 100.0%)
1  ... 

Histogram: Extensions.LoadOffStoreItems recorded 1 samples, mean = 0.0 (flags = 0x41)
0  -O                                                                        (1 = 100.0%)
1  ... 

Histogram: Extensions.LoadOffStoreItems2 recorded 1 samples, mean = 0.0 (flags = 0x41)
0  -O                                                                        (1 = 100.0%)
1  ... 

Histogram: Extensions.LoadPackagedApp recorded 1 samples, mean = 0.0 (flags = 0x41)
0  -O                                                                        (1 = 100.0%)
1  ... 

Histogram: Extensions.LoadPackagedApp2 recorded 1 samples, mean = 0.0 (flags = 0x41)
0  -O                                                                        (1 = 100.0%)
1  ... 

Histogram: Extensions.LoadPlatformApp recorded 1 samples, mean = 0.0 (flags = 0x41)
0  -O                                                                        (1 = 100.0%)
1  ... 

Histogram: Extensions.LoadPlatformApp2 recorded 1 samples, mean = 0.0 (flags = 0x41)
0  -O                                                                        (1 = 100.0%)
1  ... 

Histogram: Extensions.LoadTheme recorded 1 samples, mean = 0.0 (flags = 0x41)
0  -O                                                                        (1 = 100.0%)
1  ... 

Histogram: Extensions.LoadTheme2 recorded 1 samples, mean = 0.0 (flags = 0x41)
0  -O                                                                        (1 = 100.0%)
1  ... 

Histogram: Extensions.LoadUserScript recorded 1 samples, mean = 0.0 (flags = 0x41)
0  -O                                                                        (1 = 100.0%)
1  ... 

Histogram: Extensions.LoadUserScript2 recorded 1 samples, mean = 0.0 (flags = 0x41)
0  -O                                                                        (1 = 100.0%)
1  ... 

Histogram: Extensions.Management_Refresh recorded 1 samples, mean = 0.0 (flags = 0x41)
0  -O                                                                        (1 = 100.0%)
1  ... 

Histogram: Extensions.ManifestVersion2Count.Component recorded 1 samples, mean = 1.0 (flags = 0x41)
0  O                                                                         (0 = 0.0%)
1  -O                                                                        (1 = 100.0%) {0.0%}
2  ... 

Histogram: Extensions.ManifestVersion2Count.External recorded 1 samples, mean = 0.0 (flags = 0x41)
0  -O                                                                        (1 = 100.0%)
1  ... 

Histogram: Extensions.ManifestVersion2Count.Internal recorded 1 samples, mean = 0.0 (flags = 0x41)
0  -O                                                                        (1 = 100.0%)
1  ... 

Histogram: Extensions.ManifestVersion2Count.Policy recorded 1 samples, mean = 0.0 (flags = 0x41)
0  -O                                                                        (1 = 100.0%)
1  ... 

Histogram: Extensions.ManifestVersion2Count.Unpacked recorded 1 samples, mean = 0.0 (flags = 0x41)
0  -O                                                                        (1 = 100.0%)
1  ... 

Histogram: Extensions.ManifestVersion3Count.Component recorded 1 samples, mean = 0.0 (flags = 0x41)
0  -O                                                                        (1 = 100.0%)
1  ... 

Histogram: Extensions.ManifestVersion3Count.External recorded 1 samples, mean = 0.0 (flags = 0x41)
0  -O                                                                        (1 = 100.0%)
1  ... 

Histogram: Extensions.ManifestVersion3Count.Internal recorded 1 samples, mean = 0.0 (flags = 0x41)
0  -O                                                                        (1 = 100.0%)
1  ... 

Histogram: Extensions.ManifestVersion3Count.Policy recorded 1 samples, mean = 0.0 (flags = 0x41)
0  -O                                                                        (1 = 100.0%)
1  ... 

Histogram: Extensions.ManifestVersion3Count.Unpacked recorded 1 samples, mean = 0.0 (flags = 0x41)
0  -O                                                                        (1 = 100.0%)
1  ... 

Histogram: Extensions.ManifestVersionByLocation.Component recorded 1 samples, mean = 2.0 (flags = 0x41)
0  ... 
2  -O                                                                        (1 = 100.0%) {0.0%}
3  ... 

Histogram: Extensions.ManifestVersionPopulationSplit.Component recorded 1 samples, mean = 1.0 (flags = 0x41)
0  O                                                                         (0 = 0.0%)
1  -O                                                                        (1 = 100.0%) {0.0%}
2  ... 

Histogram: Extensions.ManifestVersionPopulationSplit.External recorded 1 samples, mean = 0.0 (flags = 0x41)
0  -O                                                                        (1 = 100.0%)
1  ... 

Histogram: Extensions.ManifestVersionPopulationSplit.Internal recorded 1 samples, mean = 0.0 (flags = 0x41)
0  -O                                                                        (1 = 100.0%)
1  ... 

Histogram: Extensions.ManifestVersionPopulationSplit.InternalAndExternal recorded 1 samples, mean = 0.0 (flags = 0x41)
0  -O                                                                        (1 = 100.0%)
1  ... 

Histogram: Extensions.ManifestVersionPopulationSplit.Unpacked recorded 1 samples, mean = 0.0 (flags = 0x41)
0  -O                                                                        (1 = 100.0%)
1  ... 

Histogram: Extensions.NewTabPageOverrides recorded 1 samples, mean = 0.0 (flags = 0x41)
0  -O                                                                        (1 = 100.0%)
1  ... 

Histogram: Extensions.NewTabPageOverrides2 recorded 1 samples, mean = 0.0 (flags = 0x41)
0  -O                                                                        (1 = 100.0%)
1  ... 

Histogram: Extensions.NonWebStoreNewTabPageOverrides recorded 1 samples, mean = 0.0 (flags = 0x41)
0  -O                                                                        (1 = 100.0%)
1  ... 

Histogram: Extensions.NonWebStoreNewTabPageOverrides2 recorded 1 samples, mean = 0.0 (flags = 0x41)
0  -O                                                                        (1 = 100.0%)
1  ... 

Histogram: Extensions.NonWebstoreLocation recorded 2 samples, mean = 5.0 (flags = 0x41)
0  ... 
5  --O                                                                       (2 = 100.0%) {0.0%}
6  ... 

Histogram: Extensions.NonWebstoreLocation2 recorded 2 samples, mean = 5.0 (flags = 0x41)
0  ... 
5  --O                                                                       (2 = 100.0%) {0.0%}
6  ... 

Histogram: Extensions.NonWebstoreLocationWithDeveloperModeOff.Enabled3 recorded 2 samples, mean = 5.0 (flags = 0x41)
0  ... 
5  --O                                                                       (2 = 100.0%) {0.0%}
6  ... 

Histogram: Extensions.NotAllowlistedDisabled recorded 1 samples, mean = 0.0 (flags = 0x41)
0  -O                                                                        (1 = 100.0%)
1  ... 

Histogram: Extensions.NotAllowlistedDisabled2 recorded 1 samples, mean = 0.0 (flags = 0x41)
0  -O                                                                        (1 = 100.0%)
1  ... 

Histogram: Extensions.NotAllowlistedEnabled recorded 1 samples, mean = 0.0 (flags = 0x41)
0  -O                                                                        (1 = 100.0%)
1  ... 

Histogram: Extensions.NotAllowlistedEnabled2 recorded 1 samples, mean = 0.0 (flags = 0x41)
0  -O                                                                        (1 = 100.0%)
1  ... 

Histogram: Extensions.ProcessManagerStartupHostsTime2 recorded 1 samples, mean = 0.0 (flags = 0x41)
0  -O                                                                        (1 = 100.0%)
1  ... 

Histogram: Extensions.SearchEngineOverrides recorded 1 samples, mean = 0.0 (flags = 0x41)
0  -O                                                                        (1 = 100.0%)
1  ... 

Histogram: Extensions.SearchEngineOverrides2 recorded 1 samples, mean = 0.0 (flags = 0x41)
0  -O                                                                        (1 = 100.0%)
1  ... 

Histogram: Extensions.StartupPagesOverrides recorded 1 samples, mean = 0.0 (flags = 0x41)
0  -O                                                                        (1 = 100.0%)
1  ... 

Histogram: Extensions.StartupPagesOverrides2 recorded 1 samples, mean = 0.0 (flags = 0x41)
0  -O                                                                        (1 = 100.0%)
1  ... 

Histogram: Extensions.WebRequestBlockingCount recorded 1 samples, mean = 0.0 (flags = 0x41)
0  -O                                                                        (1 = 100.0%)
1  ... 

Histogram: Extensions.WebRequestBlockingCount2 recorded 1 samples, mean = 0.0 (flags = 0x41)
0  -O                                                                        (1 = 100.0%)
1  ... 

Histogram: Extensions.WebRequestCount recorded 1 samples, mean = 0.0 (flags = 0x41)
0  -O                                                                        (1 = 100.0%)
1  ... 

Histogram: Extensions.WebRequestCount2 recorded 1 samples, mean = 0.0 (flags = 0x41)
0  -O                                                                        (1 = 100.0%)
1  ... 

Histogram: FetchKeepAlive.Renderer.Total.ReceivedResponse recorded 1 samples, mean = 1.0 (flags = 0x41)
0  O                                                                         (0 = 0.0%)
1  -O                                                                        (1 = 100.0%) {0.0%}
2  O                                                                         (0 = 0.0%) {100.0%}

Histogram: FetchKeepAlive.Renderer.Total.Started recorded 1 samples, mean = 1.0 (flags = 0x41)
0  O                                                                         (0 = 0.0%)
1  -O                                                                        (1 = 100.0%) {0.0%}
2  O                                                                         (0 = 0.0%) {100.0%}

Histogram: FetchKeepAlive.Requests2.Network recorded 2 samples, mean = 0.5 (flags = 0x41)
0  -O                                                                        (1 = 50.0%)
1  -O                                                                        (1 = 50.0%) {50.0%}
2  O                                                                         (0 = 0.0%) {100.0%}

Histogram: FetchKeepAlive.Requests2.SentToService.Renderer recorded 1 samples, mean = 2.0 (flags = 0x41)
0  ... 
2  -O                                                                        (1 = 100.0%) {0.0%}
3  ... 

Histogram: FetchKeepAlive.Requests2.Started.IsContextDetached.Renderer recorded 1 samples, mean = 0.0 (flags = 0x41)
0  -O                                                                        (1 = 100.0%)
1  ... 

Histogram: FetchKeepAlive.Requests2.Started.Renderer recorded 1 samples, mean = 1.0 (flags = 0x41)
0  O                                                                         (0 = 0.0%)
1  -O                                                                        (1 = 100.0%) {0.0%}
2  ... 

Histogram: FetchKeepAlive.Requests2.Succeeded.IsContextDetached.Renderer recorded 1 samples, mean = 0.0 (flags = 0x41)
0  -O                                                                        (1 = 100.0%)
1  ... 

Histogram: FetchKeepAlive.Requests2.Succeeded.Renderer recorded 1 samples, mean = 1.0 (flags = 0x41)
0  O                                                                         (0 = 0.0%)
1  -O                                                                        (1 = 100.0%) {0.0%}
2  ... 

Histogram: FetchKeepAlive.Requests2.Total.Renderer recorded 1 samples, mean = 1.0 (flags = 0x41)
0  O                                                                         (0 = 0.0%)
1  -O                                                                        (1 = 100.0%) {0.0%}
2  ... 

Histogram: FirstPartySets.Database.InitStatus recorded 1 samples, mean = 1.0 (flags = 0x41)
0  O                                                                         (0 = 0.0%)
1  -O                                                                        (1 = 100.0%) {0.0%}
2  ... 

Histogram: FirstPartySets.Database.TransactionFailed recorded 7 samples, mean = 0.0 (flags = 0x41)
0  -------O                                                                  (7 = 100.0%)
1  ... 

Histogram: FirstPartySets.Initialization.ClearSiteDataOutcome recorded 1 samples, mean = 1.0 (flags = 0x41)
0  O                                                                         (0 = 0.0%)
1  -O                                                                        (1 = 100.0%) {0.0%}
2  O                                                                         (0 = 0.0%) {100.0%}

Histogram: FirstPartySets.Initialization.SitesToClear.Count recorded 1 samples, mean = 0.0 (flags = 0x41)
0  -O                                                                        (1 = 100.0%)
1  ... 

Histogram: GPU.ANGLE.D3DShaderBlobSizeKB recorded 4 samples, mean = 0.5 (flags = 0x41)
0  ----O                                                                     (4 = 100.0%)
1000... 

Histogram: GPU.ANGLE.D3DShaderCompilationTimeUs recorded 4 samples, mean = 4195.5 (flags = 0x41)
0     ... 
2336  -O                                                                        (1 = 25.0%) {0.0%}
3077  -O                                                                        (1 = 25.0%) {25.0%}
4053  --O                                                                       (2 = 50.0%) {50.0%}
5338  ... 

Histogram: GPU.BlocklistFeatureTestResults.Accelerated2dCanvas recorded 1 samples, mean = 0.0 (flags = 0x41)
0  -O                                                                        (1 = 100.0%)
1  ... 

Histogram: GPU.BlocklistFeatureTestResults.GpuCompositing recorded 1 samples, mean = 0.0 (flags = 0x41)
0  -O                                                                        (1 = 100.0%)
1  ... 

Histogram: GPU.BlocklistFeatureTestResults.GpuRasterization recorded 1 samples, mean = 0.0 (flags = 0x41)
0  -O                                                                        (1 = 100.0%)
1  ... 

Histogram: GPU.BlocklistFeatureTestResults.Webgl recorded 1 samples, mean = 0.0 (flags = 0x41)
0  -O                                                                        (1 = 100.0%)
1  ... 

Histogram: GPU.BlocklistFeatureTestResults.Webgl2 recorded 1 samples, mean = 0.0 (flags = 0x41)
0  -O                                                                        (1 = 100.0%)
1  ... 

Histogram: GPU.BlocklistFeatureTestResults.Webgpu recorded 1 samples, mean = 2.0 (flags = 0x41)
0  ... 
2  -O                                                                        (1 = 100.0%) {0.0%}
3  ... 

Histogram: GPU.BlocklistTestResultsPerEntry recorded 2 samples, mean = 91.5 (flags = 0x41)
0    -O                                                                        (1 = 50.0%)
1    ... 
183  -O                                                                        (1 = 50.0%) {50.0%}
184  O                                                                         (0 = 0.0%) {100.0%}

Histogram: GPU.CanvasOopRaster.OopRasterAndGpuAcceleration recorded 1 samples, mean = 0.0 (flags = 0x41)
0  -O                                                                        (1 = 100.0%)
1  ... 

Histogram: GPU.CompositingMode recorded 14 samples, mean = 1.0 (flags = 0x41)
0  O                                                                         (0 = 0.0%)
1  --------------O                                                           (14 = 100.0%) {0.0%}
2  ... 

Histogram: GPU.D3D12FeatureLevel recorded 1 samples, mean = 2.0 (flags = 0x41)
0  ... 
2  -O                                                                        (1 = 100.0%) {0.0%}
3  ... 

Histogram: GPU.D3D12HighestShaderModel2 recorded 1 samples, mean = 7.0 (flags = 0x41)
0  ... 
7  -O                                                                        (1 = 100.0%) {0.0%}
8  ... 

Histogram: GPU.DriverBugTestResultsPerEntry recorded 23 samples (flags = 0x41)
0    -O                                                                        (1 = 4.3%)
17   -O                                                                        (1 = 4.3%)
132  -O                                                                        (1 = 4.3%)
206  -O                                                                        (1 = 4.3%)
225  -O                                                                        (1 = 4.3%)
256  -O                                                                        (1 = 4.3%)
286  -O                                                                        (1 = 4.3%)
315  -O                                                                        (1 = 4.3%)
345  -O                                                                        (1 = 4.3%)
347  -O                                                                        (1 = 4.3%)
360  -O                                                                        (1 = 4.3%)
371  -O                                                                        (1 = 4.3%)
372  -O                                                                        (1 = 4.3%)
380  -O                                                                        (1 = 4.3%)
391  -O                                                                        (1 = 4.3%)
394  -O                                                                        (1 = 4.3%)
398  -O                                                                        (1 = 4.3%)
403  -O                                                                        (1 = 4.3%)
412  -O                                                                        (1 = 4.3%)
414  -O                                                                        (1 = 4.3%)
419  -O                                                                        (1 = 4.3%)
430  -O                                                                        (1 = 4.3%)
432  -O                                                                        (1 = 4.3%)

Histogram: GPU.EstablishGpuChannelSyncTime recorded 2 samples, mean = 537.5 (flags = 0x41)
0    ... 
318  -O                                                                        (1 = 50.0%) {0.0%}
378  ... 
633  -O                                                                        (1 = 50.0%) {50.0%}
752  ... 

Histogram: GPU.EstablishGpuChannelSyncTime.FirstRun recorded 2 samples, mean = 537.5 (flags = 0x41)
0    ... 
318  -O                                                                        (1 = 50.0%) {0.0%}
378  ... 
633  -O                                                                        (1 = 50.0%) {50.0%}
752  ... 

Histogram: GPU.GPUProcessLaunchTime recorded 2 samples, mean = 2303.5 (flags = 0x41)
0     ... 
318   -O                                                                        (1 = 50.0%) {0.0%}
378   ... 
4222  -O                                                                        (1 = 50.0%) {50.0%}
5017  ... 

Histogram: GPU.GPUProcessTerminationStatus2 recorded 1 samples, mean = 4.0 (flags = 0x41)
0  ... 
4  -O                                                                        (1 = 100.0%) {0.0%}
5  ... 

Histogram: GPU.HardwareAccelerationModeEnabled recorded 1 samples, mean = 1.0 (flags = 0x41)
0  O                                                                         (0 = 0.0%)
1  -O                                                                        (1 = 100.0%) {0.0%}
2  O                                                                         (0 = 0.0%) {100.0%}

Histogram: GPU.ProcessLifetimeEvents.HardwareAccelerated recorded 1 samples, mean = 0.0 (flags = 0x41)
0  -O                                                                        (1 = 100.0%)
1  ... 

Histogram: GPU.RasterDecoder.TimeToFlush recorded 2 samples, mean = 282.0 (flags = 0x41)
0    ... 
148  -O                                                                        (1 = 50.0%) {0.0%}
168  ... 
364  -O                                                                        (1 = 50.0%) {50.0%}
414  ... 

Histogram: GPU.SharedImage.BackingType recorded 4 samples, mean = 7.0 (flags = 0x41)
0   ... 
2   --O                                                                       (2 = 50.0%) {0.0%}
3   ... 
12  --O                                                                       (2 = 50.0%) {50.0%}
13  ... 

Histogram: GPU.SharedImage.ContentConsumed recorded 23 samples, mean = 0.4 (flags = 0x41)
0  --------------O                                                           (14 = 60.9%)
1  ---------O                                                                (9 = 39.1%) {60.9%}
2  O                                                                         (0 = 0.0%) {100.0%}

Histogram: GPU.SkiaBackendType recorded 1 samples, mean = 2.0 (flags = 0x41)
0  ... 
2  -O                                                                        (1 = 100.0%) {0.0%}
3  ... 

Histogram: GPU.SupportsDX12 recorded 1 samples, mean = 1.0 (flags = 0x41)
0  O                                                                         (0 = 0.0%)
1  -O                                                                        (1 = 100.0%) {0.0%}
2  O                                                                         (0 = 0.0%) {100.0%}

Histogram: GPU.WatchdogThread.Event recorded 1 samples, mean = 0.0 (flags = 0x41)
0  -O                                                                        (1 = 100.0%)
1  ... 

Histogram: GPU.WatchdogThread.Event.main recorded 1 samples, mean = 0.0 (flags = 0x41)
0  -O                                                                        (1 = 100.0%)
1  ... 

Histogram: GPU.WatchdogThread.Timeout recorded 126 samples, mean = 0.0 (flags = 0x41)
0  ------------------------------------------------------------------------O (126 = 100.0%)
1  ... 

Histogram: GPU.WatchdogThread.Timeout.Normal recorded 126 samples, mean = 0.0 (flags = 0x41)
0  ------------------------------------------------------------------------O (126 = 100.0%)
1  ... 

Histogram: GPU.WatchdogThread.Timeout.Normal.main recorded 126 samples, mean = 0.0 (flags = 0x41)
0  ------------------------------------------------------------------------O (126 = 100.0%)
1  ... 

Histogram: GPU.WatchdogThread.Timeout.main recorded 126 samples, mean = 0.0 (flags = 0x41)
0  ------------------------------------------------------------------------O (126 = 100.0%)
1  ... 

Histogram: Gaia.AuthFetcher.ListAccounts.NetErrorCodes recorded 1 samples (flags = 0x41)
0  -O                                                                        (1 = 100.0%)

Histogram: Gpu.FenceHandle.CloneCountsPerSubmit recorded 9 samples, mean = 0.0 (flags = 0x41)
0  ---------O                                                                (9 = 100.0%)
1  ... 

Histogram: Gpu.GrCompileShaderUs recorded 4 samples, mean = 576.0 (flags = 0x41)
0     ... 
258   -O                                                                        (1 = 25.0%) {0.0%}
340   O                                                                         (0 = 0.0%) {25.0%}
448   --O                                                                       (2 = 50.0%) {25.0%}
590   ... 
1023  -O                                                                        (1 = 25.0%) {75.0%}
1347  ... 

Histogram: Gpu.GrLinkProgramUs recorded 2 samples, mean = 5576.5 (flags = 0x41)
0     ... 
4053  -O                                                                        (1 = 50.0%) {0.0%}
5338  -O                                                                        (1 = 50.0%) {50.0%}
7031  ... 

Histogram: Gpu.PassthroughProgramCacheLoadHitInCache recorded 2 samples, mean = 0.0 (flags = 0x41)
0  --O                                                                       (2 = 100.0%)
1  ... 

Histogram: Gpu.Rasterization.Raster.MSAASampleCountLog2 recorded 2 samples, mean = 0.0 (flags = 0x41)
0  --O                                                                       (2 = 100.0%)
1  ... 

Histogram: HangWatcher.IsThreadHung.BrowserProcess.IOThread.Normal recorded 445 samples, mean = 0.0 (flags = 0x41)
0  ------------------------------------------------------------------------O (445 = 100.0%)
1  ... 

Histogram: HangWatcher.IsThreadHung.BrowserProcess.UIThread.Normal recorded 445 samples, mean = 0.0 (flags = 0x41)
0  ------------------------------------------------------------------------O (445 = 100.0%)
1  ... 

Histogram: HangWatcher.IsThreadHung.RendererProcess.IOThread recorded 444 samples, mean = 0.0 (flags = 0x41)
0  ------------------------------------------------------------------------O (444 = 100.0%)
1  ... 

Histogram: HangWatcher.IsThreadHung.RendererProcess.IOThread.BestEffort recorded 444 samples, mean = 0.0 (flags = 0x41)
0  ------------------------------------------------------------------------O (444 = 100.0%)
1  ... 

Histogram: HangWatcher.IsThreadHung.RendererProcess.MainThread recorded 444 samples, mean = 0.0 (flags = 0x41)
0  ------------------------------------------------------------------------O (444 = 100.0%)
1  ... 

Histogram: HangWatcher.IsThreadHung.RendererProcess.MainThread.BestEffort recorded 444 samples, mean = 0.0 (flags = 0x41)
0  ------------------------------------------------------------------------O (444 = 100.0%)
1  ... 

Histogram: HangWatcher.IsThreadHung.UtilityProcess.IOThread recorded 890 samples, mean = 0.0 (flags = 0x41)
0  ------------------------------------------------------------------------O (890 = 100.0%)
1  ... 

Histogram: HangWatcher.IsThreadHung.UtilityProcess.MainThread recorded 890 samples, mean = 0.0 (flags = 0x41)
0  ------------------------------------------------------------------------O (890 = 100.0%)
1  ... 

Histogram: HangWatcher.SleepDrift.BrowserProcess recorded 2224 samples, mean = 5.9 (flags = 0x41)
0    ------------------------------------------------------------------------O (452 = 20.3%)
1    ---------------------------------O                                        (210 = 9.4%) {20.3%}
2    ---------------------O                                                    (130 = 5.8%) {29.8%}
3    -----------------------O                                                  (144 = 6.5%) {35.6%}
4    ----------------O                                                         (102 = 4.6%) {42.1%}
5    ---------------------O                                                    (129 = 5.8%) {46.7%}
6    ----------------O                                                         (102 = 4.6%) {52.5%}
7    ---------------O                                                          (94 = 4.2%) {57.1%}
8    ---------------------------------O                                        (209 = 9.4%) {61.3%}
10   -------------------------------------O                                    (234 = 10.5%) {70.7%}
12   ------------------------------------O                                     (228 = 10.3%) {81.2%}
14   ------------------------------O                                           (187 = 8.4%) {91.5%}
17   O                                                                         (1 = 0.0%) {99.9%}
20   ... 
29   O                                                                         (1 = 0.0%) {99.9%}
34   ... 
114  O                                                                         (1 = 0.0%) {100.0%}
135  ... 

Histogram: Hardware.Display.Count.OnStartup recorded 1 samples, mean = 2.0 (flags = 0x41)
0  ... 
2  -O                                                                        (1 = 100.0%) {0.0%}
3  ... 

Histogram: Hardware.Display.SupportsHDR recorded 2 samples, mean = 0.0 (flags = 0x41)
0  --O                                                                       (2 = 100.0%)
1  ... 

Histogram: HeapProfiling.InProcess.Enabled recorded 1 samples, mean = 0.0 (flags = 0x41)
0  -O                                                                        (1 = 100.0%)
1  ... 

Histogram: HeapProfiling.InProcess.Enabled.Browser recorded 1 samples, mean = 0.0 (flags = 0x41)
0  -O                                                                        (1 = 100.0%)
1  ... 

Histogram: Histogram.TooManyBuckets.1000 recorded 4 samples (flags = 0x41)
-2140283801 --O                                                                       (2 = 50.0%)
1721222685  --O                                                                       (2 = 50.0%)

Histogram: History.Backend.TransactionCommitSuccess recorded 2 samples, mean = 1.0 (flags = 0x41)
0  O                                                                         (0 = 0.0%)
1  --O                                                                       (2 = 100.0%) {0.0%}
2  O                                                                         (0 = 0.0%) {100.0%}

Histogram: History.ClearBrowsingData.TaskQueueAtShutdown recorded 1 samples, mean = 0.0 (flags = 0x41)
0  -O                                                                        (1 = 100.0%)
1  ... 

Histogram: History.Clusters.ContextClusterer.VisitProcessingLatency.CleanUpTimer recorded 7 samples, mean = 0.0 (flags = 0x41)
0  -------O                                                                  (7 = 100.0%)
1  ... 

Histogram: History.Clusters.ContextClusterer.VisitProcessingLatency.UrlVisited recorded 4 samples, mean = 0.0 (flags = 0x41)
0  ----O                                                                     (4 = 100.0%)
1  ... 

Histogram: History.Clusters.JourneysEligibleAndEnabledAtSessionStart recorded 1 samples, mean = 1.0 (flags = 0x41)
0  O                                                                         (0 = 0.0%)
1  -O                                                                        (1 = 100.0%) {0.0%}
2  O                                                                         (0 = 0.0%) {100.0%}

Histogram: History.Clusters.KeywordCache.LoadCachesFromPrefs.Latency recorded 1 samples, mean = 0.0 (flags = 0x41)
0  -O                                                                        (1 = 100.0%)
1  ... 

Histogram: History.InMemoryDBItemCount recorded 1 samples, mean = 2.0 (flags = 0x41)
0  ... 
2  -O                                                                        (1 = 100.0%) {0.0%}
3  ... 

Histogram: History.TopSites.QueryFromHistoryTime recorded 1 samples, mean = 333.0 (flags = 0x41)
0    ... 
318  -O                                                                        (1 = 100.0%) {0.0%}
378  ... 

Histogram: History.VisitedLinks.HashTableLengthOnReaderInit recorded 3 samples, mean = 16381.0 (flags = 0x41)
0      ... 
14319  ---O                                                                      (3 = 100.0%) {0.0%}
19866  ... 

Histogram: History.VisitedLinks.HashTableSizeOnTableCreate recorded 2 samples, mean = 0.0 (flags = 0x41)
0  --O                                                                       (2 = 100.0%)
1  ... 

Histogram: History.VisitedLinks.HashTableUsageOnLinkAdded recorded 4 samples, mean = 2.2 (flags = 0x41)
0  -O                                                                        (1 = 25.0%)
1  ... 
3  ---O                                                                      (3 = 75.0%) {25.0%}
4  ... 

Histogram: History.VisitedLinks.TryToAddFingerprint recorded 5 samples, mean = 0.8 (flags = 0x41)
0  -O                                                                        (1 = 20.0%)
1  ----O                                                                     (4 = 80.0%) {20.0%}
2  ... 

Histogram: History.VisitedLinks.VisitLoggedFromMainFrame recorded 3 samples, mean = 1.0 (flags = 0x41)
0  O                                                                         (0 = 0.0%)
1  ---O                                                                      (3 = 100.0%) {0.0%}
2  O                                                                         (0 = 0.0%) {100.0%}

Histogram: History.VisitedLinks.VisitLoggedFromTransition recorded 3 samples, mean = 1.7 (flags = 0x41)
0  O                                                                         (0 = 0.0%)
1  -O                                                                        (1 = 33.3%) {0.0%}
2  --O                                                                       (2 = 66.7%) {33.3%}
3  ... 

Histogram: HttpCache.AccessToDone2 recorded 48 samples, mean = 1121.7 (flags = 0x41)
0     ... 
3     -O                                                                        (1 = 2.1%) {0.0%}
4     ... 
78    --O                                                                       (2 = 4.2%) {2.1%}
85    ... 
123   -O                                                                        (1 = 2.1%) {6.2%}
135   ... 
194   -O                                                                        (1 = 2.1%) {8.3%}
212   ... 
254   -O                                                                        (1 = 2.1%) {10.4%}
278   O                                                                         (0 = 0.0%) {12.5%}
304   --O                                                                       (2 = 4.2%) {12.5%}
333   ... 
436   --O                                                                       (2 = 4.2%) {16.7%}
477   -----O                                                                    (5 = 10.4%) {20.8%}
522   ---O                                                                      (3 = 6.2%) {31.2%}
571   -O                                                                        (1 = 2.1%) {37.5%}
625   -O                                                                        (1 = 2.1%) {39.6%}
684   -O                                                                        (1 = 2.1%) {41.7%}
748   -O                                                                        (1 = 2.1%) {43.8%}
818   ----O                                                                     (4 = 8.3%) {45.8%}
895   --O                                                                       (2 = 4.2%) {54.2%}
979   -O                                                                        (1 = 2.1%) {58.3%}
1071  O                                                                         (0 = 0.0%) {60.4%}
1172  -O                                                                        (1 = 2.1%) {60.4%}
1282  ... 
1680  ----O                                                                     (4 = 8.3%) {62.5%}
1838  -------O                                                                  (7 = 14.6%) {70.8%}
2011  --O                                                                       (2 = 4.2%) {85.4%}
2201  -O                                                                        (1 = 2.1%) {89.6%}
2408  ---O                                                                      (3 = 6.2%) {91.7%}
2635  -O                                                                        (1 = 2.1%) {97.9%}
2883  ... 

Histogram: HttpCache.AccessToDone2.SentRequest recorded 46 samples, mean = 1167.7 (flags = 0x41)
0     ... 
78    --O                                                                       (2 = 4.3%) {0.0%}
85    ... 
194   -O                                                                        (1 = 2.2%) {4.3%}
212   ... 
254   -O                                                                        (1 = 2.2%) {6.5%}
278   O                                                                         (0 = 0.0%) {8.7%}
304   --O                                                                       (2 = 4.3%) {8.7%}
333   ... 
436   --O                                                                       (2 = 4.3%) {13.0%}
477   -----O                                                                    (5 = 10.9%) {17.4%}
522   ---O                                                                      (3 = 6.5%) {28.3%}
571   -O                                                                        (1 = 2.2%) {34.8%}
625   -O                                                                        (1 = 2.2%) {37.0%}
684   -O                                                                        (1 = 2.2%) {39.1%}
748   -O                                                                        (1 = 2.2%) {41.3%}
818   ----O                                                                     (4 = 8.7%) {43.5%}
895   --O                                                                       (2 = 4.3%) {52.2%}
979   -O                                                                        (1 = 2.2%) {56.5%}
1071  O                                                                         (0 = 0.0%) {58.7%}
1172  -O                                                                        (1 = 2.2%) {58.7%}
1282  ... 
1680  ----O                                                                     (4 = 8.7%) {60.9%}
1838  -------O                                                                  (7 = 15.2%) {69.6%}
2011  --O                                                                       (2 = 4.3%) {84.8%}
2201  -O                                                                        (1 = 2.2%) {89.1%}
2408  ---O                                                                      (3 = 6.5%) {91.3%}
2635  -O                                                                        (1 = 2.2%) {97.8%}
2883  ... 

Histogram: HttpCache.AccessToDone2.Used recorded 2 samples, mean = 64.0 (flags = 0x41)
0    ... 
3    -O                                                                        (1 = 50.0%) {0.0%}
4    ... 
125  -O                                                                        (1 = 50.0%) {50.0%}
133  ... 

Histogram: HttpCache.AddTransactionToEntry recorded 48 samples, mean = 0.0 (flags = 0x41)
0  ------------------------------------------------O                         (48 = 100.0%)
1  ... 

Histogram: HttpCache.BeforeSend recorded 46 samples, mean = 0.3 (flags = 0x41)
0  ---------------------------------------O                                  (39 = 84.8%)
1  ---O                                                                      (3 = 6.5%) {84.8%}
2  ---O                                                                      (3 = 6.5%) {91.3%}
3  -O                                                                        (1 = 2.2%) {97.8%}
4  ... 

Histogram: HttpCache.BeforeSend.CantConditionalize recorded 4 samples, mean = 0.5 (flags = 0x41)
0  --O                                                                       (2 = 50.0%)
1  --O                                                                       (2 = 50.0%) {50.0%}
2  ... 

Histogram: HttpCache.BeforeSend.NotCached recorded 39 samples, mean = 0.2 (flags = 0x41)
0  -----------------------------------O                                      (35 = 89.7%)
1  -O                                                                        (1 = 2.6%) {89.7%}
2  --O                                                                       (2 = 5.1%) {92.3%}
3  -O                                                                        (1 = 2.6%) {97.4%}
4  ... 

Histogram: HttpCache.BeforeSend.Updated recorded 2 samples, mean = 0.0 (flags = 0x41)
0  --O                                                                       (2 = 100.0%)
1  ... 

Histogram: HttpCache.BeforeSend.Validated recorded 1 samples, mean = 2.0 (flags = 0x41)
0  ... 
2  -O                                                                        (1 = 100.0%) {0.0%}
3  ... 

Histogram: HttpCache.CreateDiskEntry recorded 39 samples, mean = 0.2 (flags = 0x41)
0  -----------------------------------O                                      (35 = 89.7%)
1  -O                                                                        (1 = 2.6%) {89.7%}
2  --O                                                                       (2 = 5.1%) {92.3%}
3  -O                                                                        (1 = 2.6%) {97.4%}
4  ... 

Histogram: HttpCache.HardReset recorded 1 samples, mean = 0.0 (flags = 0x40)
0  -O                                                                        (1 = 100.0%)
1  ... 

Histogram: HttpCache.IsNoStore recorded 48 samples, mean = 0.1 (flags = 0x41)
0  --------------------------------------------O                             (44 = 91.7%)
1  ----O                                                                     (4 = 8.3%) {91.7%}
2  O                                                                         (0 = 0.0%) {100.0%}

Histogram: HttpCache.IsNoStore.MainFrameHTML recorded 1 samples, mean = 1.0 (flags = 0x41)
0  O                                                                         (0 = 0.0%)
1  -O                                                                        (1 = 100.0%) {0.0%}
2  O                                                                         (0 = 0.0%) {100.0%}

Histogram: HttpCache.MaxFileSizeOnInit recorded 1 samples, mean = 40960.0 (flags = 0x41)
0      ... 
37526  -O                                                                        (1 = 100.0%) {0.0%}
42713  ... 

Histogram: HttpCache.OpenDiskEntry recorded 9 samples, mean = 2.1 (flags = 0x41)
0   ------O                                                                   (6 = 66.7%)
1   --O                                                                       (2 = 22.2%) {66.7%}
2   ... 
17  -O                                                                        (1 = 11.1%) {88.9%}
20  ... 

Histogram: HttpCache.Pattern recorded 48 samples, mean = 2.5 (flags = 0x41)
0  ... 
2  ---------------------------------------O                                  (39 = 81.2%) {0.0%}
3  --O                                                                       (2 = 4.2%) {81.2%}
4  -O                                                                        (1 = 2.1%) {85.4%}
5  --O                                                                       (2 = 4.2%) {87.5%}
6  ----O                                                                     (4 = 8.3%) {91.7%}
7  O                                                                         (0 = 0.0%) {100.0%}

Histogram: HttpCache.Pattern.CSS recorded 8 samples, mean = 2.2 (flags = 0x41)
0  ... 
2  -------O                                                                  (7 = 87.5%) {0.0%}
3  O                                                                         (0 = 0.0%) {87.5%}
4  -O                                                                        (1 = 12.5%) {87.5%}
5  ... 

Histogram: HttpCache.Pattern.CSSThirdParty recorded 8 samples, mean = 2.2 (flags = 0x41)
0  ... 
2  -------O                                                                  (7 = 87.5%) {0.0%}
3  O                                                                         (0 = 0.0%) {87.5%}
4  -O                                                                        (1 = 12.5%) {87.5%}
5  ... 

Histogram: HttpCache.Pattern.Font recorded 5 samples, mean = 2.0 (flags = 0x41)
0  ... 
2  -----O                                                                    (5 = 100.0%) {0.0%}
3  ... 

Histogram: HttpCache.Pattern.FontThirdParty recorded 5 samples, mean = 2.0 (flags = 0x41)
0  ... 
2  -----O                                                                    (5 = 100.0%) {0.0%}
3  ... 

Histogram: HttpCache.Pattern.JavaScript recorded 26 samples, mean = 2.3 (flags = 0x41)
0  ... 
2  -----------------------O                                                  (23 = 88.5%) {0.0%}
3  -O                                                                        (1 = 3.8%) {88.5%}
4  O                                                                         (0 = 0.0%) {92.3%}
5  -O                                                                        (1 = 3.8%) {92.3%}
6  -O                                                                        (1 = 3.8%) {96.2%}
7  O                                                                         (0 = 0.0%) {100.0%}

Histogram: HttpCache.Pattern.JavaScriptThirdParty recorded 25 samples, mean = 2.2 (flags = 0x41)
0  ... 
2  -----------------------O                                                  (23 = 92.0%) {0.0%}
3  -O                                                                        (1 = 4.0%) {92.0%}
4  O                                                                         (0 = 0.0%) {96.0%}
5  -O                                                                        (1 = 4.0%) {96.0%}
6  ... 

Histogram: HttpCache.Pattern.MainFrameHTML recorded 1 samples, mean = 2.0 (flags = 0x41)
0  ... 
2  -O                                                                        (1 = 100.0%) {0.0%}
3  ... 

Histogram: HttpCache.TotalDiskCacheTimePerTransaction.Read recorded 7 samples, mean = 0.1 (flags = 0x41)
0  ------O                                                                   (6 = 85.7%)
1  -O                                                                        (1 = 14.3%) {85.7%}
2  ... 

Histogram: HttpCache.TotalDiskCacheTimePerTransaction.Write recorded 42 samples, mean = 1.0 (flags = 0x41)
0  -------------------O                                                      (19 = 45.2%)
1  --------------O                                                           (14 = 33.3%) {45.2%}
2  ----O                                                                     (4 = 9.5%) {78.6%}
3  -O                                                                        (1 = 2.4%) {88.1%}
4  ---O                                                                      (3 = 7.1%) {90.5%}
5  -O                                                                        (1 = 2.4%) {97.6%}
6  ... 

Histogram: ImageDecoder.Png.UiGfxIntoSkBitmap recorded 1 samples, mean = 151.0 (flags = 0x41)
0    ... 
149  -O                                                                        (1 = 100.0%) {0.0%}
196  ... 

Histogram: ImportantFile.FileReplaceRetryCount recorded 43 samples, mean = 0.0 (flags = 0x41)
0  -------------------------------------------O                              (43 = 100.0%)
1  ... 

Histogram: ImportantFile.SerializationDuration recorded 29 samples, mean = 0.0 (flags = 0x41)
0  -----------------------------O                                            (29 = 100.0%)
1  ... 

Histogram: ImportantFile.SerializationDuration.Local_State recorded 4 samples, mean = 0.0 (flags = 0x41)
0  ----O                                                                     (4 = 100.0%)
1  ... 

Histogram: ImportantFile.SerializationDuration.Preferences recorded 5 samples, mean = 0.0 (flags = 0x41)
0  -----O                                                                    (5 = 100.0%)
1  ... 

Histogram: ImportantFile.SerializationDuration.TransportSecurityPersister recorded 2 samples, mean = 0.0 (flags = 0x41)
0  --O                                                                       (2 = 100.0%)
1  ... 

Histogram: ImportantFile.WriteDuration recorded 29 samples, mean = 136.9 (flags = 0x41)
0     ... 
4     -O                                                                        (1 = 3.4%) {0.0%}
5     ---------------O                                                          (15 = 51.7%) {3.4%}
6     ------O                                                                   (6 = 20.7%) {55.2%}
7     ---O                                                                      (3 = 10.3%) {75.9%}
8     ... 
20    --O                                                                       (2 = 6.9%) {86.2%}
24    ... 
48    -O                                                                        (1 = 3.4%) {93.1%}
57    ... 
3553  -O                                                                        (1 = 3.4%) {96.6%}
4222  ... 

Histogram: ImportantFile.WriteDuration.Local_State recorded 4 samples, mean = 10.5 (flags = 0x41)
0   ... 
4   -O                                                                        (1 = 25.0%) {0.0%}
5   --O                                                                       (2 = 50.0%) {25.0%}
6   ... 
24  -O                                                                        (1 = 25.0%) {75.0%}
29  ... 

Histogram: ImportantFile.WriteDuration.Preferences recorded 5 samples, mean = 5.4 (flags = 0x41)
0  ... 
5  ---O                                                                      (3 = 60.0%) {0.0%}
6  --O                                                                       (2 = 40.0%) {60.0%}
7  ... 

Histogram: ImportantFile.WriteDuration.SCTAuditing recorded 2 samples, mean = 4.5 (flags = 0x41)
0  ... 
4  -O                                                                        (1 = 50.0%) {0.0%}
5  -O                                                                        (1 = 50.0%) {50.0%}
6  ... 

Histogram: ImportantFile.WriteDuration.TransportSecurityPersister recorded 2 samples, mean = 5.0 (flags = 0x41)
0  ... 
5  --O                                                                       (2 = 100.0%) {0.0%}
6  ... 

Histogram: ImportantFile.WriteDuration.TrustedVault recorded 1 samples, mean = 5.0 (flags = 0x41)
0  ... 
5  -O                                                                        (1 = 100.0%) {0.0%}
6  ... 

Histogram: InProductHelp.Config.ParsingEvent recorded 68 samples, mean = 6.4 (flags = 0x41)
0   -----------------------------O                                            (29 = 42.6%)
1   O                                                                         (0 = 0.0%) {42.6%}
2   ---------O                                                                (9 = 13.2%) {42.6%}
3   ... 
14  ------------------------------O                                           (30 = 44.1%) {55.9%}
15  ... 

Histogram: InProductHelp.Db.Init.AvailabilityStore recorded 1 samples, mean = 1.0 (flags = 0x41)
0  O                                                                         (0 = 0.0%)
1  -O                                                                        (1 = 100.0%) {0.0%}
2  O                                                                         (0 = 0.0%) {100.0%}

Histogram: InProductHelp.Db.Init.EventStore recorded 1 samples, mean = 1.0 (flags = 0x41)
0  O                                                                         (0 = 0.0%)
1  -O                                                                        (1 = 100.0%) {0.0%}
2  O                                                                         (0 = 0.0%) {100.0%}

Histogram: InProductHelp.Db.Load.AvailabilityStore recorded 1 samples, mean = 1.0 (flags = 0x41)
0  O                                                                         (0 = 0.0%)
1  -O                                                                        (1 = 100.0%) {0.0%}
2  O                                                                         (0 = 0.0%) {100.0%}

Histogram: InProductHelp.Db.Load.EventStore recorded 1 samples, mean = 1.0 (flags = 0x41)
0  O                                                                         (0 = 0.0%)
1  -O                                                                        (1 = 100.0%) {0.0%}
2  O                                                                         (0 = 0.0%) {100.0%}

Histogram: InProductHelp.Db.TotalEvents recorded 1 samples, mean = 0.0 (flags = 0x41)
0  -O                                                                        (1 = 100.0%)
1  ... 

Histogram: InProductHelp.Db.Update.AvailabilityStore recorded 1 samples, mean = 1.0 (flags = 0x41)
0  O                                                                         (0 = 0.0%)
1  -O                                                                        (1 = 100.0%) {0.0%}
2  O                                                                         (0 = 0.0%) {100.0%}

Histogram: IndexedDB.ContextShutdownDuration recorded 1 samples, mean = 1.0 (flags = 0x41)
0  O                                                                         (0 = 0.0%)
1  -O                                                                        (1 = 100.0%) {0.0%}
2  ... 

Histogram: Input.Digitizer.MaxTouchPointsSupportedBySystemAtStartup recorded 1 samples, mean = 0.0 (flags = 0x41)
0  -O                                                                        (1 = 100.0%)
1  ... 

Histogram: Input.PointerTypePrimary recorded 1 samples, mean = 2.0 (flags = 0x41)
0  ... 
2  -O                                                                        (1 = 100.0%) {0.0%}
3  O                                                                         (0 = 0.0%) {100.0%}

Histogram: Input.PointerTypesAll recorded 1 samples, mean = 2.0 (flags = 0x41)
0  ... 
2  -O                                                                        (1 = 100.0%) {0.0%}
3  ... 

Histogram: LanguageDetection.TFLiteModel.WasModelAvailableForDetection recorded 1 samples, mean = 0.0 (flags = 0x41)
0  -O                                                                        (1 = 100.0%)
1  ... 

Histogram: LanguageDetection.TFLiteModel.WasModelRequestDeferred recorded 2 samples, mean = 1.0 (flags = 0x41)
0  O                                                                         (0 = 0.0%)
1  --O                                                                       (2 = 100.0%) {0.0%}
2  O                                                                         (0 = 0.0%) {100.0%}

Histogram: LanguageDetection.TFLiteModel.WasModelUnavailableDueToDeferredLoad recorded 1 samples, mean = 0.0 (flags = 0x41)
0  -O                                                                        (1 = 100.0%)
1  ... 

Histogram: LanguageUsage.AcceptLanguage recorded 1 samples (flags = 0x41)
25966  -O                                                                        (1 = 100.0%)

Histogram: LanguageUsage.AcceptLanguage.Count recorded 1 samples, mean = 1.0 (flags = 0x41)
0  O                                                                         (0 = 0.0%)
1  -O                                                                        (1 = 100.0%) {0.0%}
2  ... 

Histogram: LanguageUsage.AcceptLanguageAndContentLanguageUsage recorded 1 samples, mean = 0.0 (flags = 0x41)
0  -O                                                                        (1 = 100.0%)
1  ... 

Histogram: LanguageUsage.AcceptLanguageAndXmlHtmlLangUsage recorded 1 samples, mean = 7.0 (flags = 0x41)
0  ... 
7  -O                                                                        (1 = 100.0%) {0.0%}
8  O                                                                         (0 = 0.0%) {100.0%}

Histogram: LevelDB.ApproximateMemTableMemoryUse.BudgetManager recorded 0 samples (flags = 0x41)
0 ... 

Histogram: LevelDB.ApproximateMemTableMemoryUse.CartDatabase recorded 0 samples (flags = 0x41)
0 ... 

Histogram: LevelDB.ApproximateMemTableMemoryUse.ClientCertificatesDatabase recorded 0 samples (flags = 0x41)
0 ... 

Histogram: LevelDB.ApproximateMemTableMemoryUse.CommerceParcelTrackingDatabase recorded 0 samples (flags = 0x41)
0 ... 

Histogram: LevelDB.ApproximateMemTableMemoryUse.CommerceSubscriptionDatabase recorded 0 samples (flags = 0x41)
0 ... 

Histogram: LevelDB.ApproximateMemTableMemoryUse.CouponDatabase recorded 0 samples (flags = 0x41)
0 ... 

Histogram: LevelDB.ApproximateMemTableMemoryUse.DiscountsDatabase recorded 0 samples (flags = 0x41)
0 ... 

Histogram: LevelDB.ApproximateMemTableMemoryUse.DownloadDB recorded 0 samples (flags = 0x41)
0 ... 

Histogram: LevelDB.ApproximateMemTableMemoryUse.DownloadService recorded 0 samples (flags = 0x41)
0 ... 

Histogram: LevelDB.ApproximateMemTableMemoryUse.FeatureEngagementTrackerAvailabilityStore recorded 0 samples (flags = 0x41)
0 ... 

Histogram: LevelDB.ApproximateMemTableMemoryUse.FeatureEngagementTrackerEventStore recorded 0 samples (flags = 0x41)
0 ... 

Histogram: LevelDB.ApproximateMemTableMemoryUse.Metadata recorded 1 samples, mean = 4104.0 (flags = 0x41)
0  O                                                                         (0 = 0.0%)
1  -O                                                                        (1 = 100.0%) {0.0%}
270601... 

Histogram: LevelDB.ApproximateMemTableMemoryUse.PersistentOriginTrials recorded 0 samples (flags = 0x41)
0 ... 

Histogram: LevelDB.ApproximateMemTableMemoryUse.PreviewsHintCacheStore recorded 0 samples (flags = 0x41)
0 ... 

Histogram: LevelDB.ApproximateMemTableMemoryUse.SegmentInfoDatabase recorded 0 samples (flags = 0x41)
0 ... 

Histogram: LevelDB.ApproximateMemTableMemoryUse.SharedProtoDB recorded 1 samples, mean = 41040.0 (flags = 0x41)
0  O                                                                         (0 = 0.0%)
1  -O                                                                        (1 = 100.0%) {0.0%}
270601... 

Histogram: LevelDB.ApproximateMemTableMemoryUse.SignalDatabase recorded 0 samples (flags = 0x41)
0 ... 

Histogram: LevelDB.ApproximateMemTableMemoryUse.SignalStorageConfigDatabase recorded 0 samples (flags = 0x41)
0 ... 

Histogram: LevelDB.ApproximateMemTableMemoryUse.StrikeService recorded 0 samples (flags = 0x41)
0 ... 

Histogram: LevelDBEnv.DeleteTableBackupFile recorded 0 samples (flags = 0x41)
0 ... 

Histogram: LevelDBEnv.SyncResult recorded 20 samples, mean = 0.0 (flags = 0x41)
0  --------------------O                                                     (20 = 100.0%)
1  ... 

Histogram: LevelDBWrapper.CommitDelay recorded 1 samples, mean = 5000.0 (flags = 0x41)
0     ... 
4516  -O                                                                        (1 = 100.0%) {0.0%}
6118  ... 

Histogram: LoadingPredictor.PreconnectCount recorded 1 samples, mean = 1.0 (flags = 0x41)
0  O                                                                         (0 = 0.0%)
1  -O                                                                        (1 = 100.0%) {0.0%}
2  ... 

Histogram: LoadingPredictor.PreconnectHitsPercentage recorded 1 samples, mean = 100.0 (flags = 0x41)
0    ... 
100  -O                                                                        (1 = 100.0%) {0.0%}
101  O                                                                         (0 = 0.0%) {100.0%}

Histogram: LoadingPredictor.PredictorDatabaseFileSize recorded 1 samples, mean = 44.0 (flags = 0x41)
0   ... 
37  -O                                                                        (1 = 100.0%) {0.0%}
49  ... 

Histogram: LoadingPredictor.PreresolveCount recorded 1 samples, mean = 1.0 (flags = 0x41)
0  O                                                                         (0 = 0.0%)
1  -O                                                                        (1 = 100.0%) {0.0%}
2  ... 

Histogram: LoadingPredictor.PreresolveHitsPercentage recorded 1 samples, mean = 100.0 (flags = 0x41)
0    ... 
100  -O                                                                        (1 = 100.0%) {0.0%}
101  O                                                                         (0 = 0.0%) {100.0%}

Histogram: LocalStorage.MojoSizeInKB recorded 1 samples, mean = 2.0 (flags = 0x41)
0  ... 
2  -O                                                                        (1 = 100.0%) {0.0%}
3  ... 

Histogram: LocalStorage.MojoTimeToPrime recorded 1 samples, mean = 0.0 (flags = 0x41)
0  -O                                                                        (1 = 100.0%)
1  ... 

Histogram: LocalStorage.MojoTimeToPrimeForUnder100KB recorded 1 samples, mean = 0.0 (flags = 0x41)
0  -O                                                                        (1 = 100.0%)
1  ... 

Histogram: LocalStorage.RendererAreaCacheHit recorded 2 samples, mean = 1.0 (flags = 0x41)
0  -O                                                                        (1 = 50.0%)
1  O                                                                         (0 = 0.0%) {50.0%}
2  -O                                                                        (1 = 50.0%) {50.0%}
3  O                                                                         (0 = 0.0%) {100.0%}

Histogram: LocalStorageContext.ShutDown.MaybeDroppedChanges recorded 1 samples, mean = 0.0 (flags = 0x40)
0  -O                                                                        (1 = 100.0%)
1  ... 

Histogram: MPArch.ChildProcessLaunchFirst recorded 1 samples, mean = 14.0 (flags = 0x41)
0   ... 
14  -O                                                                        (1 = 100.0%) {0.0%}
17  ... 

Histogram: MPArch.ChildProcessLaunchSubsequent recorded 7 samples, mean = 4.4 (flags = 0x41)
0  ... 
3  -O                                                                        (1 = 14.3%) {0.0%}
4  --O                                                                       (2 = 28.6%) {14.3%}
5  ----O                                                                     (4 = 57.1%) {42.9%}
6  ... 

Histogram: ManagedUsers.BlockedIframeCount recorded 1 samples, mean = 0.0 (flags = 0x41)
0  -O                                                                        (1 = 100.0%)
1  ... 

Histogram: Manifest.HasProperty.description recorded 1 samples, mean = 0.0 (flags = 0x41)
0  -O                                                                        (1 = 100.0%)
1  ... 

Histogram: Manifest.HasProperty.display recorded 1 samples, mean = 1.0 (flags = 0x41)
0  O                                                                         (0 = 0.0%)
1  -O                                                                        (1 = 100.0%) {0.0%}
2  O                                                                         (0 = 0.0%) {100.0%}

Histogram: Manifest.HasProperty.gcm_sender_id recorded 1 samples, mean = 0.0 (flags = 0x41)
0  -O                                                                        (1 = 100.0%)
1  ... 

Histogram: Manifest.HasProperty.icons recorded 1 samples, mean = 1.0 (flags = 0x41)
0  O                                                                         (0 = 0.0%)
1  -O                                                                        (1 = 100.0%) {0.0%}
2  O                                                                         (0 = 0.0%) {100.0%}

Histogram: Manifest.HasProperty.name recorded 1 samples, mean = 1.0 (flags = 0x41)
0  O                                                                         (0 = 0.0%)
1  -O                                                                        (1 = 100.0%) {0.0%}
2  O                                                                         (0 = 0.0%) {100.0%}

Histogram: Manifest.HasProperty.orientation recorded 1 samples, mean = 0.0 (flags = 0x41)
0  -O                                                                        (1 = 100.0%)
1  ... 

Histogram: Manifest.HasProperty.protocol_handlers recorded 1 samples, mean = 0.0 (flags = 0x41)
0  -O                                                                        (1 = 100.0%)
1  ... 

Histogram: Manifest.HasProperty.screenshots recorded 1 samples, mean = 0.0 (flags = 0x41)
0  -O                                                                        (1 = 100.0%)
1  ... 

Histogram: Manifest.HasProperty.share_target recorded 1 samples, mean = 0.0 (flags = 0x41)
0  -O                                                                        (1 = 100.0%)
1  ... 

Histogram: Manifest.HasProperty.short_name recorded 1 samples, mean = 1.0 (flags = 0x41)
0  O                                                                         (0 = 0.0%)
1  -O                                                                        (1 = 100.0%) {0.0%}
2  O                                                                         (0 = 0.0%) {100.0%}

Histogram: Manifest.HasProperty.start_url recorded 1 samples, mean = 1.0 (flags = 0x41)
0  O                                                                         (0 = 0.0%)
1  -O                                                                        (1 = 100.0%) {0.0%}
2  O                                                                         (0 = 0.0%) {100.0%}

Histogram: Manifest.ParseIdResult recorded 1 samples, mean = 1.0 (flags = 0x41)
0  O                                                                         (0 = 0.0%)
1  -O                                                                        (1 = 100.0%) {0.0%}
2  ... 

Histogram: Media.GPU.VideoDecoderType recorded 1 samples, mean = 11.0 (flags = 0x41)
0   ... 
11  -O                                                                        (1 = 100.0%) {0.0%}
12  ... 

Histogram: Media.MediaHistory.DatabaseExists recorded 1 samples, mean = 0.0 (flags = 0x41)
0  -O                                                                        (1 = 100.0%)
1  ... 

Histogram: MediaRouter.Cast.Discovery.ConnectedDevicesCount recorded 1 samples, mean = 0.0 (flags = 0x41)
0  -O                                                                        (1 = 100.0%)
1  ... 

Histogram: MediaRouter.Cast.Discovery.KnownDevicesCount recorded 1 samples, mean = 0.0 (flags = 0x41)
0  -O                                                                        (1 = 100.0%)
1  ... 

Histogram: MediaRouter.Dial.AvailableDevicesCount recorded 1 samples, mean = 0.0 (flags = 0x41)
0  -O                                                                        (1 = 100.0%)
1  ... 

Histogram: MediaRouter.Dial.KnownDevicesCount recorded 1 samples, mean = 0.0 (flags = 0x41)
0  -O                                                                        (1 = 100.0%)
1  ... 

Histogram: Memory.Discardable.FreelistSize.Foreground recorded 4 samples, mean = 0.0 (flags = 0x41)
0  ----O                                                                     (4 = 100.0%)
1  ... 

Histogram: Memory.Discardable.Size.Foreground recorded 4 samples, mean = 0.0 (flags = 0x41)
0  ----O                                                                     (4 = 100.0%)
1  ... 

Histogram: Memory.Discardable.VirtualSize.Foreground recorded 4 samples, mean = 0.0 (flags = 0x41)
0  ----O                                                                     (4 = 100.0%)
1  ... 

Histogram: Memory.Experimental.AvailableMemoryMB recorded 37 samples, mean = 7893.3 (flags = 0x41)
0     ... 
5936  -O                                                                        (1 = 2.7%) {0.0%}
6554  ----O                                                                     (4 = 10.8%) {2.7%}
7237  ---------O                                                                (9 = 24.3%) {13.5%}
7991  -----------------------O                                                  (23 = 62.2%) {37.8%}
8823  ... 

Histogram: Memory.Experimental.AvailableMemoryPercent recorded 37 samples, mean = 48.1 (flags = 0x41)
0   ... 
39  -O                                                                        (1 = 2.7%) {0.0%}
40  -O                                                                        (1 = 2.7%) {2.7%}
41  -O                                                                        (1 = 2.7%) {5.4%}
42  O                                                                         (0 = 0.0%) {8.1%}
43  --O                                                                       (2 = 5.4%) {8.1%}
44  -O                                                                        (1 = 2.7%) {13.5%}
45  -O                                                                        (1 = 2.7%) {16.2%}
46  ----O                                                                     (4 = 10.8%) {18.9%}
47  --O                                                                       (2 = 5.4%) {29.7%}
48  -O                                                                        (1 = 2.7%) {35.1%}
49  ----O                                                                     (4 = 10.8%) {37.8%}
50  -----------O                                                              (11 = 29.7%) {48.6%}
51  ---O                                                                      (3 = 8.1%) {78.4%}
52  -----O                                                                    (5 = 13.5%) {86.5%}
53  ... 

Histogram: Memory.Experimental.Renderer.HighestPrivateMemoryFootprint.0to2min recorded 1 samples, mean = 118.0 (flags = 0x41)
0    ... 
107  -O                                                                        (1 = 100.0%) {0.0%}
120  ... 

Histogram: Memory.Experimental.Renderer.HighestPrivateMemoryFootprint.2to4min recorded 1 samples, mean = 68.0 (flags = 0x41)
0   ... 
67  -O                                                                        (1 = 100.0%) {0.0%}
75  ... 

Histogram: Memory.Experimental.Renderer.HighestPrivateMemoryFootprint.4to8min recorded 1 samples, mean = 68.0 (flags = 0x41)
0   ... 
67  -O                                                                        (1 = 100.0%) {0.0%}
75  ... 

Histogram: Memory.Experimental.Renderer.HighestPrivateMemoryFootprint.8to16min recorded 1 samples, mean = 68.0 (flags = 0x41)
0   ... 
67  -O                                                                        (1 = 100.0%) {0.0%}
75  ... 

Histogram: Memory.GPU.PeakMemoryAllocationSource2.PageLoad.SharedContextState recorded 1 samples, mean = 0.0 (flags = 0x41)
0  -O                                                                        (1 = 100.0%)
1  ... 

Histogram: Memory.GPU.PeakMemoryAllocationSource2.PageLoad.SharedImageStub recorded 1 samples, mean = 0.0 (flags = 0x41)
0  -O                                                                        (1 = 100.0%)
1  ... 

Histogram: Memory.GPU.PeakMemoryAllocationSource2.PageLoad.Skia recorded 1 samples, mean = 0.0 (flags = 0x41)
0  -O                                                                        (1 = 100.0%)
1  ... 

Histogram: Memory.GPU.PeakMemoryUsage2.PageLoad recorded 1 samples, mean = 0.0 (flags = 0x41)
0  -O                                                                        (1 = 100.0%)
1  ... 

Histogram: Memory.ParkableString.Compression.Latency recorded 18 samples, mean = 15716.9 (flags = 0x41)
0      -O                                                                        (1 = 5.6%)
500    ... 
631    -O                                                                        (1 = 5.6%) {5.6%}
682    -O                                                                        (1 = 5.6%) {11.1%}
737    ... 
929    --O                                                                       (2 = 11.1%) {16.7%}
1004   ... 
1173   -O                                                                        (1 = 5.6%) {27.8%}
1268   ... 
3753   -O                                                                        (1 = 5.6%) {33.3%}
4056   O                                                                         (0 = 0.0%) {38.9%}
4383   -O                                                                        (1 = 5.6%) {38.9%}
4737   ... 
5532   -O                                                                        (1 = 5.6%) {44.4%}
5978   -O                                                                        (1 = 5.6%) {50.0%}
6460   -O                                                                        (1 = 5.6%) {55.6%}
6981   ... 
9521   -O                                                                        (1 = 5.6%) {61.1%}
10289  O                                                                         (0 = 0.0%) {66.7%}
11119  -O                                                                        (1 = 5.6%) {66.7%}
12016  ... 
17709  -O                                                                        (1 = 5.6%) {72.2%}
19137  ... 
22349  -O                                                                        (1 = 5.6%) {77.8%}
24152  ... 
44922  --O                                                                       (2 = 11.1%) {83.3%}
48545  ... 
90293  -O                                                                        (1 = 5.6%) {94.4%}
97576  ... 

Histogram: Memory.ParkableString.Compression.SizeKb recorded 18 samples, mean = 262.7 (flags = 0x41)
0    ... 
14   -O                                                                        (1 = 5.6%) {0.0%}
16   ... 
23   -O                                                                        (1 = 5.6%) {5.6%}
26   -O                                                                        (1 = 5.6%) {11.1%}
29   -O                                                                        (1 = 5.6%) {16.7%}
33   O                                                                         (0 = 0.0%) {22.2%}
37   -O                                                                        (1 = 5.6%) {22.2%}
42   ... 
75   -O                                                                        (1 = 5.6%) {27.8%}
84   -O                                                                        (1 = 5.6%) {33.3%}
95   O                                                                         (0 = 0.0%) {38.9%}
107  -O                                                                        (1 = 5.6%) {38.9%}
120  O                                                                         (0 = 0.0%) {44.4%}
135  -O                                                                        (1 = 5.6%) {44.4%}
152  O                                                                         (0 = 0.0%) {50.0%}
171  --O                                                                       (2 = 11.1%) {50.0%}
192  -O                                                                        (1 = 5.6%) {61.1%}
216  ... 
307  -O                                                                        (1 = 5.6%) {66.7%}
345  -O                                                                        (1 = 5.6%) {72.2%}
388  ... 
554  -O                                                                        (1 = 5.6%) {77.8%}
623  O                                                                         (0 = 0.0%) {83.3%}
701  --O                                                                       (2 = 11.1%) {83.3%}
789  -O                                                                        (1 = 5.6%) {94.4%}
888  ... 

Histogram: Memory.ParkableString.Decompression.Latency recorded 3 samples, mean = 1026.3 (flags = 0x41)
0     ... 
682   -O                                                                        (1 = 33.3%) {0.0%}
737   ... 
929   -O                                                                        (1 = 33.3%) {33.3%}
1004  ... 
1370  -O                                                                        (1 = 33.3%) {66.7%}
1480  ... 

Histogram: Memory.ParkableString.Decompression.ThroughputMBps recorded 3 samples, mean = 119.7 (flags = 0x41)
0    ... 
33   -O                                                                        (1 = 33.3%) {0.0%}
37   ... 
75   -O                                                                        (1 = 33.3%) {33.3%}
84   ... 
243  -O                                                                        (1 = 33.3%) {66.7%}
273  ... 

Histogram: Memory.ParkableString.DiskReadTime.5min recorded 1 samples, mean = 0.0 (flags = 0x41)
0  -O                                                                        (1 = 100.0%)
1  ... 

Histogram: Memory.ParkableString.DiskWriteTime.5min recorded 1 samples, mean = 5.0 (flags = 0x41)
0  ... 
5  -O                                                                        (1 = 100.0%) {0.0%}
6  ... 

Histogram: Memory.ParkableString.OnDiskSizeKb.5min recorded 1 samples, mean = 932.0 (flags = 0x41)
0    ... 
896  -O                                                                        (1 = 100.0%) {0.0%}
1122 ... 

Histogram: Memory.ParkableString.Read.Latency recorded 3 samples, mean = 657.7 (flags = 0x41)
0     -O                                                                        (1 = 33.3%)
500   ... 
796   -O                                                                        (1 = 33.3%) {33.3%}
860   ... 
1004  -O                                                                        (1 = 33.3%) {66.7%}
1085  ... 

Histogram: Memory.ParkableString.TotalParkingThreadTime.5min recorded 1 samples, mean = 122.0 (flags = 0x41)
0    ... 
114  -O                                                                        (1 = 100.0%) {0.0%}
135  ... 

Histogram: Memory.ParkableString.TotalUnparkingTime.5min recorded 1 samples, mean = 0.0 (flags = 0x41)
0  -O                                                                        (1 = 100.0%)
1  ... 

Histogram: Memory.PartitionAlloc.MemoryReclaim recorded 4389 samples, mean = 293.4 (flags = 0x41)
0     ... 
49    --O                                                                       (24 = 0.5%) {0.0%}
65    -------------------------------------O                                    (385 = 8.8%) {0.5%}
86    ------------------------------------------------------------------------O (754 = 17.2%) {9.3%}
113   -----------------------------------------------------------------------O  (739 = 16.8%) {26.5%}
149   ---------------------O                                                    (225 = 5.1%) {43.3%}
196   -----------------O                                                        (176 = 4.0%) {48.5%}
258   -----------------------------------------------------------O              (623 = 14.2%) {52.5%}
340   ---------------------------O                                              (283 = 6.4%) {66.7%}
448   ---------------------------------------------------------------O          (663 = 15.1%) {73.1%}
590   -----------------------------------------O                                (434 = 9.9%) {88.2%}
777   ------O                                                                   (64 = 1.5%) {98.1%}
1023  -O                                                                        (11 = 0.3%) {99.6%}
1347  O                                                                         (2 = 0.0%) {99.8%}
1774  O                                                                         (2 = 0.0%) {99.9%}
2336  O                                                                         (0 = 0.0%) {99.9%}
3077  O                                                                         (3 = 0.1%) {99.9%}
4053  O                                                                         (1 = 0.0%) {100.0%}
5338  ... 

Histogram: Memory.PartitionAlloc.PartitionRoot.ExtrasSize recorded 1 samples, mean = 4.0 (flags = 0x41)
0  ... 
4  -O                                                                        (1 = 100.0%) {0.0%}
5  ... 

Histogram: Memory.PartitionAlloc.PeriodicPurge recorded 479 samples, mean = 28.2 (flags = 0x41)
0    ... 
4    --O                                                                       (3 = 0.6%) {0.0%}
5    ---------O                                                                (15 = 3.1%) {0.6%}
7    ---O                                                                      (5 = 1.0%) {3.8%}
9    --------O                                                                 (14 = 2.9%) {4.8%}
12   ---------------------------O                                              (46 = 9.6%) {7.7%}
16   ------------------------------------------------------------------------O (124 = 25.9%) {17.3%}
21   --------------------------------------------O                             (76 = 15.9%) {43.2%}
28   ---------------------------------------------------------O                (98 = 20.5%) {59.1%}
37   ----------------------------O                                             (49 = 10.2%) {79.5%}
49   -------------------O                                                      (33 = 6.9%) {89.8%}
65   -----O                                                                    (8 = 1.7%) {96.7%}
86   --O                                                                       (4 = 0.8%) {98.3%}
113  -O                                                                        (2 = 0.4%) {99.2%}
149  O                                                                         (0 = 0.0%) {99.6%}
196  -O                                                                        (2 = 0.4%) {99.6%}
258  ... 

Histogram: Memory.PressureLevel2 recorded 4456 samples, mean = 0.0 (flags = 0x41)
0  ------------------------------------------------------------------------O (4456 = 100.0%)
1  ... 

Histogram: Mojo.Channel.WriteReceiveMessageProcessType recorded 5 samples, mean = 4.0 (flags = 0x41)
0  --O                                                                       (2 = 40.0%)
1  O                                                                         (0 = 0.0%) {40.0%}
2  -O                                                                        (1 = 20.0%) {40.0%}
3  ... 
9  --O                                                                       (2 = 40.0%) {60.0%}
10 ... 

Histogram: NQE.ContentObserver.NetworkQualityMeaningfullyChanged recorded 10 samples, mean = 0.6 (flags = 0x40)
0  ----O                                                                     (4 = 40.0%)
1  ------O                                                                   (6 = 60.0%) {40.0%}
2  O                                                                         (0 = 0.0%) {100.0%}

Histogram: NQE.RTT.Error.Absolute recorded 36 samples, mean = 327.9 (flags = 0x41)
0     ... 
5     -O                                                                        (1 = 2.8%) {0.0%}
6     ... 
14    -O                                                                        (1 = 2.8%) {2.8%}
17    ... 
24    ----O                                                                     (4 = 11.1%) {5.6%}
29    -O                                                                        (1 = 2.8%) {16.7%}
34    ---O                                                                      (3 = 8.3%) {19.4%}
40    O                                                                         (0 = 0.0%) {27.8%}
48    -O                                                                        (1 = 2.8%) {27.8%}
57    O                                                                         (0 = 0.0%) {30.6%}
68    ---O                                                                      (3 = 8.3%) {30.6%}
81    O                                                                         (0 = 0.0%) {38.9%}
96    --O                                                                       (2 = 5.6%) {38.9%}
114   ... 
160   -O                                                                        (1 = 2.8%) {44.4%}
190   ---O                                                                      (3 = 8.3%) {47.2%}
226   -O                                                                        (1 = 2.8%) {55.6%}
268   O                                                                         (0 = 0.0%) {58.3%}
318   ---------O                                                                (9 = 25.0%) {58.3%}
378   ... 
633   -O                                                                        (1 = 2.8%) {83.3%}
752   O                                                                         (0 = 0.0%) {86.1%}
894   -O                                                                        (1 = 2.8%) {86.1%}
1062  O                                                                         (0 = 0.0%) {88.9%}
1262  ----O                                                                     (4 = 11.1%) {88.9%}
1500  ... 

Histogram: NQE.RTT.Error.IsZero recorded 36 samples, mean = 0.0 (flags = 0x41)
0  ------------------------------------O                                     (36 = 100.0%)
1  ... 

Histogram: NQE.RTT.Error.Negative recorded 9 samples, mean = 100.9 (flags = 0x41)
0    ... 
14   -O                                                                        (1 = 11.1%) {0.0%}
17   ... 
34   ---O                                                                      (3 = 33.3%) {11.1%}
40   O                                                                         (0 = 0.0%) {44.4%}
48   -O                                                                        (1 = 11.1%) {44.4%}
57   ... 
96   -O                                                                        (1 = 11.1%) {55.6%}
114  ... 
160  -O                                                                        (1 = 11.1%) {66.7%}
190  -O                                                                        (1 = 11.1%) {77.8%}
226  -O                                                                        (1 = 11.1%) {88.9%}
268  ... 

Histogram: NQE.RTT.Error.Positive recorded 27 samples, mean = 403.5 (flags = 0x41)
0     ... 
5     -O                                                                        (1 = 3.7%) {0.0%}
6     ... 
24    ----O                                                                     (4 = 14.8%) {3.7%}
29    -O                                                                        (1 = 3.7%) {18.5%}
34    ... 
68    ---O                                                                      (3 = 11.1%) {22.2%}
81    O                                                                         (0 = 0.0%) {33.3%}
96    -O                                                                        (1 = 3.7%) {33.3%}
114   ... 
190   --O                                                                       (2 = 7.4%) {37.0%}
226   ... 
318   ---------O                                                                (9 = 33.3%) {44.4%}
378   ... 
633   -O                                                                        (1 = 3.7%) {77.8%}
752   O                                                                         (0 = 0.0%) {81.5%}
894   -O                                                                        (1 = 3.7%) {81.5%}
1062  O                                                                         (0 = 0.0%) {85.2%}
1262  ----O                                                                     (4 = 14.8%) {85.2%}
1500  ... 

Histogram: NQE.RTT.HittingThreshold.EndToEnd.FallbackSuccess recorded 5 samples, mean = 0.0 (flags = 0x41)
0  -----O                                                                    (5 = 100.0%)
1  ... 

Histogram: NQE.RTT.HittingThreshold.Transport.FallbackSuccess recorded 1 samples, mean = 0.0 (flags = 0x41)
0  -O                                                                        (1 = 100.0%)
1  ... 

Histogram: NQE.RTT.ObservationSource recorded 115 samples, mean = 1.5 (flags = 0x41)
0  -----------------------------------O                                      (36 = 31.3%)
1  O                                                                         (0 = 0.0%) {31.3%}
2  ------------------------------------------------------------------------O (75 = 65.2%) {31.3%}
3  -O                                                                        (1 = 0.9%) {96.5%}
4  -O                                                                        (1 = 0.9%) {97.4%}
5  O                                                                         (0 = 0.0%) {98.3%}
6  -O                                                                        (1 = 0.9%) {98.3%}
7  -O                                                                        (1 = 0.9%) {99.1%}
8  ... 

Histogram: NQE.RTT.OnECTComputation recorded 41 samples, mean = 166.6 (flags = 0x41)
0    ... 
81   ----O                                                                     (4 = 9.8%) {0.0%}
96   O                                                                         (0 = 0.0%) {9.8%}
114  -O                                                                        (1 = 2.4%) {9.8%}
135  ----------------------O                                                   (22 = 53.7%) {12.2%}
160  -------O                                                                  (7 = 17.1%) {65.9%}
190  O                                                                         (0 = 0.0%) {82.9%}
226  -O                                                                        (1 = 2.4%) {82.9%}
268  ------O                                                                   (6 = 14.6%) {85.4%}
318  ... 

Histogram: NQE.RenderThreadNotified recorded 19 samples, mean = 1.0 (flags = 0x40)
0  O                                                                         (0 = 0.0%)
1  -------------------O                                                      (19 = 100.0%) {0.0%}
2  O                                                                         (0 = 0.0%) {100.0%}

Histogram: NQE.TransportRTT.OnECTComputation recorded 40 samples, mean = 59.9 (flags = 0x41)
0    ... 
29   ---O                                                                      (3 = 7.5%) {0.0%}
34   O                                                                         (0 = 0.0%) {7.5%}
40   -------------O                                                            (13 = 32.5%) {7.5%}
48   --------------O                                                           (14 = 35.0%) {40.0%}
57   --O                                                                       (2 = 5.0%) {75.0%}
68   ... 
96   -----O                                                                    (5 = 12.5%) {80.0%}
114  ---O                                                                      (3 = 7.5%) {92.5%}
135  ... 

Histogram: Navigation.BeginNavigationImpl.MainFrame recorded 2 samples, mean = 0.0 (flags = 0x41)
0  --O                                                                       (2 = 100.0%)
1  ... 

Histogram: Navigation.BrowserInitiatedSessionHistoryCount recorded 1 samples, mean = 0.0 (flags = 0x41)
0  -O                                                                        (1 = 100.0%)
1  ... 

Histogram: Navigation.CommitRenderFrame recorded 1 samples, mean = 13.0 (flags = 0x41)
0   ... 
12  -O                                                                        (1 = 100.0%) {0.0%}
14  ... 

Histogram: Navigation.CommitToCompositorCreation recorded 1 samples, mean = 869.0 (flags = 0x41)
0    ... 
826  -O                                                                        (1 = 100.0%) {0.0%}
1075 ... 

Histogram: Navigation.CompositorRequestedBeforeCommit2 recorded 1 samples, mean = 0.0 (flags = 0x41)
0  -O                                                                        (1 = 100.0%)
1  ... 

Histogram: Navigation.CompositorRequestedBeforeSwapRFH2 recorded 1 samples, mean = 0.0 (flags = 0x41)
0  -O                                                                        (1 = 100.0%)
1  ... 

Histogram: Navigation.CreateSpeculativeRFH recorded 1 samples, mean = 6.0 (flags = 0x41)
0  ... 
6  -O                                                                        (1 = 100.0%) {0.0%}
7  ... 

Histogram: Navigation.DidCommitSameDocumentNavigation.Duration recorded 1 samples, mean = 1.0 (flags = 0x41)
0  O                                                                         (0 = 0.0%)
1  -O                                                                        (1 = 100.0%) {0.0%}
2  ... 

Histogram: Navigation.DidStartLoading.MainFrame recorded 3 samples, mean = 0.0 (flags = 0x41)
0  ---O                                                                      (3 = 100.0%)
1  ... 

Histogram: Navigation.DidStartLoading.Subframe recorded 2 samples, mean = 0.0 (flags = 0x41)
0  --O                                                                       (2 = 100.0%)
1  ... 

Histogram: Navigation.EarlyRenderFrameHostSwapType recorded 6 samples, mean = 0.0 (flags = 0x41)
0  ------O                                                                   (6 = 100.0%)
1  ... 

Histogram: Navigation.EngagementTime.HTTPS recorded 1 samples, mean = 4451959.0 (flags = 0x41)
0        ... 
3600000  -O                                                                        (1 = 100.0%) {0.0%}

Histogram: Navigation.GetFrameHostForNavigation recorded 4 samples, mean = 4.2 (flags = 0x41)
0   --O                                                                       (2 = 50.0%)
1   ... 
6   -O                                                                        (1 = 25.0%) {50.0%}
7   ... 
10  -O                                                                        (1 = 25.0%) {75.0%}
12  ... 

Histogram: Navigation.GetFrameHostForNavigationTime.InDidCreateNavigationRequest.IsHTTPOrHTTPS recorded 3 samples, mean = 3857.7 (flags = 0x41)
0      ... 
105    -O                                                                        (1 = 33.3%) {0.0%}
146    -O                                                                        (1 = 33.3%) {33.3%}
203    ... 
10321  -O                                                                        (1 = 33.3%) {66.7%}
14319  ... 

Histogram: Navigation.IsGuest recorded 1 samples, mean = 0.0 (flags = 0x41)
0  -O                                                                        (1 = 100.0%)
1  ... 

Histogram: Navigation.IsLockedProcess recorded 1 samples, mean = 1.0 (flags = 0x41)
0  O                                                                         (0 = 0.0%)
1  -O                                                                        (1 = 100.0%) {0.0%}
2  O                                                                         (0 = 0.0%) {100.0%}

Histogram: Navigation.IsLockedProcess.HTTPOrHTTPS recorded 1 samples, mean = 1.0 (flags = 0x41)
0  O                                                                         (0 = 0.0%)
1  -O                                                                        (1 = 100.0%) {0.0%}
2  O                                                                         (0 = 0.0%) {100.0%}

Histogram: Navigation.IsProcessBackgrounded.OnCommit recorded 1 samples, mean = 0.0 (flags = 0x41)
0  -O                                                                        (1 = 100.0%)
1  ... 

Histogram: Navigation.IsProcessBackgrounded.OnDOMContentLoaded recorded 1 samples, mean = 0.0 (flags = 0x41)
0  -O                                                                        (1 = 100.0%)
1  ... 

Histogram: Navigation.IsSameBrowsingInstance recorded 1 samples, mean = 0.0 (flags = 0x41)
0  -O                                                                        (1 = 100.0%)
1  ... 

Histogram: Navigation.IsSameSiteInstance recorded 1 samples, mean = 0.0 (flags = 0x41)
0  -O                                                                        (1 = 100.0%)
1  ... 

Histogram: Navigation.IsSameSiteInstance.MainFrame recorded 1 samples, mean = 0.0 (flags = 0x41)
0  -O                                                                        (1 = 100.0%)
1  ... 

Histogram: Navigation.LoaderCreateToRequestStart.MainFrame recorded 1 samples, mean = 0.0 (flags = 0x41)
0  -O                                                                        (1 = 100.0%)
1  ... 

Histogram: Navigation.MainFrame.FrameCount recorded 1 samples, mean = 2.0 (flags = 0x41)
0  ... 
2  -O                                                                        (1 = 100.0%) {0.0%}
3  ... 

Histogram: Navigation.MainFrame.MaxFrameCount recorded 3 samples, mean = 2.0 (flags = 0x41)
0  O                                                                         (0 = 0.0%)
1  -O                                                                        (1 = 33.3%) {0.0%}
2  -O                                                                        (1 = 33.3%) {33.3%}
3  -O                                                                        (1 = 33.3%) {66.7%}
4  ... 

Histogram: Navigation.MainFrame.NewNavigation.IgnoreRestore.IsHTTPOrHTTPS.BeginNavigationToLoaderStart.Time2 recorded 1 samples, mean = 1.0 (flags = 0x41)
0  O                                                                         (0 = 0.0%)
1  -O                                                                        (1 = 100.0%) {0.0%}
2  ... 

Histogram: Navigation.MainFrame.NewNavigation.IgnoreRestore.IsHTTPOrHTTPS.FetchStart.Time2 recorded 1 samples, mean = 0.0 (flags = 0x41)
0  -O                                                                        (1 = 100.0%)
1  ... 

Histogram: Navigation.MainFrame.NewNavigation.IgnoreRestore.IsHTTPOrHTTPS.LoaderStartToFetchStart.Time2 recorded 1 samples, mean = 845.0 (flags = 0x41)
0    ... 
752  -O                                                                        (1 = 100.0%) {0.0%}
894  ... 

Histogram: Navigation.MainFrame.NewNavigation.IgnoreRestore.IsHTTPOrHTTPS.LoaderStartToReceiveResponse.Time2 recorded 1 samples, mean = 1445.0 (flags = 0x41)
0     ... 
1262  -O                                                                        (1 = 100.0%) {0.0%}
1500  ... 

Histogram: Navigation.MainFrame.NewNavigation.IgnoreRestore.IsHTTPOrHTTPS.NavigationStartToBeginNavigation.Time2 recorded 1 samples, mean = 4139.0 (flags = 0x41)
0     ... 
3553  -O                                                                        (1 = 100.0%) {0.0%}
4222  ... 

Histogram: Navigation.MainFrame.NewNavigation.IgnoreRestore.IsHTTPOrHTTPS.ReceiveHeaders.Time2 recorded 1 samples, mean = 530.0 (flags = 0x41)
0    ... 
449  -O                                                                        (1 = 100.0%) {0.0%}
533  ... 

Histogram: Navigation.MainFrame.NewNavigation.IgnoreRestore.IsHTTPOrHTTPS.ReceiveHeadersToReceiveResponse.Time2 recorded 1 samples, mean = 69.0 (flags = 0x41)
0   ... 
68  -O                                                                        (1 = 100.0%) {0.0%}
81  ... 

Histogram: Navigation.MainFrame.NewNavigation.IgnoreRestore.IsHTTPOrHTTPS.ReceiveResponseToCommitNavigation.Time2 recorded 1 samples, mean = 9.0 (flags = 0x41)
0  ... 
8  -O                                                                        (1 = 100.0%) {0.0%}
10 ... 

Histogram: Navigation.MainFrame.RendererInitiated.InitiatorFramePresentAtStart recorded 1 samples, mean = 0.0 (flags = 0x41)
0  -O                                                                        (1 = 100.0%)
1  ... 

Histogram: Navigation.MainFrame.SiteEngagementLevel recorded 1 samples, mean = 2.0 (flags = 0x41)
0  ... 
2  -O                                                                        (1 = 100.0%) {0.0%}
3  ... 

Histogram: Navigation.MainFrame.ThirdPartyCookieBlockingEnabled recorded 2 samples, mean = 0.0 (flags = 0x41)
0  --O                                                                       (2 = 100.0%)
1  ... 

Histogram: Navigation.MainFrameHasRTLDomain2 recorded 2 samples, mean = 0.0 (flags = 0x41)
0  --O                                                                       (2 = 100.0%)
1  ... 

Histogram: Navigation.MainFrameHasRTLDomainDifferentPage2 recorded 1 samples, mean = 0.0 (flags = 0x41)
0  -O                                                                        (1 = 100.0%)
1  ... 

Histogram: Navigation.MainFrameProfileType2 recorded 2 samples, mean = 0.0 (flags = 0x41)
0  --O                                                                       (2 = 100.0%)
1  ... 

Histogram: Navigation.MainFrameScheme2 recorded 2 samples, mean = 2.0 (flags = 0x41)
0  ... 
2  --O                                                                       (2 = 100.0%) {0.0%}
3  ... 

Histogram: Navigation.MainFrameSchemeDifferentPage2 recorded 1 samples, mean = 2.0 (flags = 0x41)
0  ... 
2  -O                                                                        (1 = 100.0%) {0.0%}
3  ... 

Histogram: Navigation.OnBeforeUnloadOverheadTime recorded 2 samples, mean = 2074.5 (flags = 0x41)
0     ... 
10    -O                                                                        (1 = 50.0%) {0.0%}
12    ... 
3553  -O                                                                        (1 = 50.0%) {50.0%}
4222  ... 

Histogram: Navigation.OnBeforeUnloadTotalTime recorded 2 samples, mean = 0.0 (flags = 0x41)
0  --O                                                                       (2 = 100.0%)
1  ... 

Histogram: Navigation.OriginAgentCluster.Result recorded 1 samples, mean = 9.0 (flags = 0x41)
0  ... 
9  -O                                                                        (1 = 100.0%) {0.0%}
10 O                                                                         (0 = 0.0%) {100.0%}

Histogram: Navigation.PendingCommit.DidBlockGetFrameHostForNavigation.Regular recorded 1 samples, mean = 0.0 (flags = 0x41)
0  -O                                                                        (1 = 100.0%)
1  ... 

Histogram: Navigation.PendingCommit.Duration.Regular recorded 1 samples, mean = 209.0 (flags = 0x41)
0    ... 
190  -O                                                                        (1 = 100.0%) {0.0%}
226  ... 

Histogram: Navigation.Preconnect.PreresolveJobQueueLength recorded 16 samples, mean = 0.5 (flags = 0x41)
0  --------O                                                                 (8 = 50.0%)
1  --------O                                                                 (8 = 50.0%) {50.0%}
2  ... 

Histogram: Navigation.Preconnect.PreresolveJobQueueingTime recorded 8 samples, mean = 0.0 (flags = 0x41)
0  --------O                                                                 (8 = 100.0%)
1  ... 

Histogram: Navigation.Preconnect.ProxyLookupCallbackQueueingTime recorded 8 samples, mean = 295.0 (flags = 0x41)
0    --O                                                                       (2 = 25.0%)
1    O                                                                         (0 = 0.0%) {25.0%}
2    -O                                                                        (1 = 12.5%) {25.0%}
3    ... 
268  --O                                                                       (2 = 25.0%) {37.5%}
318  -O                                                                        (1 = 12.5%) {62.5%}
378  ... 
633  --O                                                                       (2 = 25.0%) {75.0%}
752  ... 

Histogram: Navigation.Preconnect.ProxyLookupLatency recorded 8 samples, mean = 834.1 (flags = 0x41)
0     --O                                                                       (2 = 25.0%)
1     O                                                                         (0 = 0.0%) {25.0%}
2     -O                                                                        (1 = 12.5%) {25.0%}
3     ... 
318   ---O                                                                      (3 = 37.5%) {37.5%}
378   ... 
752   -O                                                                        (1 = 12.5%) {75.0%}
894   ... 
4222  -O                                                                        (1 = 12.5%) {87.5%}
5017  ... 

Histogram: Navigation.Preconnect.ResolveHostCallbackQueueingTime recorded 8 samples, mean = 76.9 (flags = 0x41)
0    ---O                                                                      (3 = 37.5%)
1    O                                                                         (0 = 0.0%) {37.5%}
2    --O                                                                       (2 = 25.0%) {37.5%}
3    ... 
81   -O                                                                        (1 = 12.5%) {62.5%}
96   ... 
160  -O                                                                        (1 = 12.5%) {75.0%}
190  ... 
318  -O                                                                        (1 = 12.5%) {87.5%}
378  ... 

Histogram: Navigation.Preconnect.ResolveHostLatency recorded 8 samples, mean = 98.5 (flags = 0x41)
0    -O                                                                        (1 = 12.5%)
1    --O                                                                       (2 = 25.0%) {12.5%}
2    --O                                                                       (2 = 25.0%) {37.5%}
3    ... 
114  -O                                                                        (1 = 12.5%) {62.5%}
135  ... 
318  --O                                                                       (2 = 25.0%) {75.0%}
378  ... 

Histogram: Navigation.ProcessNavigationThrottlesTime.WillStartRequest.MainFrame recorded 2 samples, mean = 1.0 (flags = 0x41)
0  O                                                                         (0 = 0.0%)
1  --O                                                                       (2 = 100.0%) {0.0%}
2  ... 

Histogram: Navigation.QueueTime.OnReceiveRedirect.MainFrame recorded 1 samples, mean = 105.0 (flags = 0x41)
0   ... 
96  -O                                                                        (1 = 100.0%) {0.0%}
114 ... 

Histogram: Navigation.QueueTime.OnReceiveResponse.MainFrame recorded 1 samples, mean = 64.0 (flags = 0x41)
0   ... 
57  -O                                                                        (1 = 100.0%) {0.0%}
68  ... 

Histogram: Navigation.ReadyToCommitUntilCommit2 recorded 1 samples, mean = 208.0 (flags = 0x41)
0    ... 
173  -O                                                                        (1 = 100.0%) {0.0%}
220  ... 

Histogram: Navigation.ReadyToCommitUntilCommit2.ForegroundProcessPriority recorded 1 samples, mean = 208.0 (flags = 0x41)
0    ... 
173  -O                                                                        (1 = 100.0%) {0.0%}
220  ... 

Histogram: Navigation.ReadyToCommitUntilCommit2.NewNavigation recorded 1 samples, mean = 208.0 (flags = 0x41)
0    ... 
173  -O                                                                        (1 = 100.0%) {0.0%}
220  ... 

Histogram: Navigation.RegisterNavigationThrottlesTime.MainFrame recorded 2 samples, mean = 0.0 (flags = 0x41)
0  --O                                                                       (2 = 100.0%)
1  ... 

Histogram: Navigation.RenderFrameDelete recorded 1 samples, mean = 1.0 (flags = 0x41)
0  O                                                                         (0 = 0.0%)
1  -O                                                                        (1 = 100.0%) {0.0%}
2  ... 

Histogram: Navigation.RenderFrameHostConstructor recorded 4 samples, mean = 0.0 (flags = 0x41)
0  ----O                                                                     (4 = 100.0%)
1  ... 

Histogram: Navigation.RenderFrameHostDestructor recorded 4 samples, mean = 0.8 (flags = 0x41)
0  --O                                                                       (2 = 50.0%)
1  -O                                                                        (1 = 25.0%) {50.0%}
2  -O                                                                        (1 = 25.0%) {75.0%}
3  ... 

Histogram: Navigation.RenderViewHostConstructor recorded 2 samples, mean = 0.0 (flags = 0x41)
0  --O                                                                       (2 = 100.0%)
1  ... 

Histogram: Navigation.RenderViewHostDestructor recorded 2 samples, mean = 0.5 (flags = 0x41)
0  -O                                                                        (1 = 50.0%)
1  -O                                                                        (1 = 50.0%) {50.0%}
2  ... 

Histogram: Navigation.RenderWidgetHostConstructor recorded 2 samples, mean = 0.0 (flags = 0x41)
0  --O                                                                       (2 = 100.0%)
1  ... 

Histogram: Navigation.RenderWidgetHostDestructor recorded 2 samples, mean = 0.0 (flags = 0x41)
0  --O                                                                       (2 = 100.0%)
1  ... 

Histogram: Navigation.RendererCommitDelay.MainFrame recorded 1 samples, mean = 7.0 (flags = 0x41)
0  ... 
7  -O                                                                        (1 = 100.0%) {0.0%}
8  ... 

Histogram: Navigation.RendererCommitQueueTime.MainFrame recorded 1 samples, mean = 7.0 (flags = 0x41)
0  ... 
7  -O                                                                        (1 = 100.0%) {0.0%}
8  ... 

Histogram: Navigation.RendererDidNavigateTime.MainFrame recorded 1 samples, mean = 0.0 (flags = 0x41)
0  -O                                                                        (1 = 100.0%)
1  ... 

Histogram: Navigation.RendererDidNavigateTime.Subframe recorded 2 samples, mean = 0.0 (flags = 0x41)
0  --O                                                                       (2 = 100.0%)
1  ... 

Histogram: Navigation.RequiresDedicatedProcess recorded 1 samples, mean = 1.0 (flags = 0x41)
0  O                                                                         (0 = 0.0%)
1  -O                                                                        (1 = 100.0%) {0.0%}
2  O                                                                         (0 = 0.0%) {100.0%}

Histogram: Navigation.RequiresDedicatedProcess.HTTPOrHTTPS recorded 1 samples, mean = 1.0 (flags = 0x41)
0  O                                                                         (0 = 0.0%)
1  -O                                                                        (1 = 100.0%) {0.0%}
2  O                                                                         (0 = 0.0%) {100.0%}

Histogram: Navigation.SameDocumentNavigationWithScreenshot recorded 1 samples, mean = 0.0 (flags = 0x41)
0  -O                                                                        (1 = 100.0%)
1  ... 

Histogram: Navigation.SendCommitNavigationTime.MainFrame recorded 1 samples, mean = 0.0 (flags = 0x41)
0  -O                                                                        (1 = 100.0%)
1  ... 

Histogram: Navigation.StartToCommit recorded 3 samples, mean = 1934.3 (flags = 0x41)
0     --O                                                                       (2 = 66.7%)
1     ... 
4955  -O                                                                        (1 = 33.3%) {66.7%}
6296  ... 

Histogram: Navigation.StartToCommit.CrossProcess recorded 1 samples, mean = 5803.0 (flags = 0x41)
0     ... 
4955  -O                                                                        (1 = 100.0%) {0.0%}
6296  ... 

Histogram: Navigation.StartToCommit.CrossProcess.ForegroundProcessPriority recorded 1 samples, mean = 5803.0 (flags = 0x41)
0     ... 
4955  -O                                                                        (1 = 100.0%) {0.0%}
6296  ... 

Histogram: Navigation.StartToCommit.CrossProcess.MainFrame recorded 1 samples, mean = 5803.0 (flags = 0x41)
0     ... 
4955  -O                                                                        (1 = 100.0%) {0.0%}
6296  ... 

Histogram: Navigation.StartToCommit.CrossProcess.MainFrame.ForegroundProcessPriority recorded 1 samples, mean = 5803.0 (flags = 0x41)
0     ... 
4955  -O                                                                        (1 = 100.0%) {0.0%}
6296  ... 

Histogram: Navigation.StartToCommit.CrossProcess.MainFrame.NewNavigation recorded 1 samples, mean = 5803.0 (flags = 0x41)
0     ... 
4955  -O                                                                        (1 = 100.0%) {0.0%}
6296  ... 

Histogram: Navigation.StartToCommit.CrossProcess.NewNavigation recorded 1 samples, mean = 5803.0 (flags = 0x41)
0     ... 
4955  -O                                                                        (1 = 100.0%) {0.0%}
6296  ... 

Histogram: Navigation.StartToCommit.ForegroundProcessPriority recorded 3 samples, mean = 1934.3 (flags = 0x41)
0     --O                                                                       (2 = 66.7%)
1     ... 
4955  -O                                                                        (1 = 33.3%) {66.7%}
6296  ... 

Histogram: Navigation.StartToCommit.MainFrame recorded 1 samples, mean = 5803.0 (flags = 0x41)
0     ... 
4955  -O                                                                        (1 = 100.0%) {0.0%}
6296  ... 

Histogram: Navigation.StartToCommit.MainFrame.ForegroundProcessPriority recorded 1 samples, mean = 5803.0 (flags = 0x41)
0     ... 
4955  -O                                                                        (1 = 100.0%) {0.0%}
6296  ... 

Histogram: Navigation.StartToCommit.MainFrame.NewNavigation recorded 1 samples, mean = 5803.0 (flags = 0x41)
0     ... 
4955  -O                                                                        (1 = 100.0%) {0.0%}
6296  ... 

Histogram: Navigation.StartToCommit.NewNavigation recorded 3 samples, mean = 1934.3 (flags = 0x41)
0     --O                                                                       (2 = 66.7%)
1     ... 
4955  -O                                                                        (1 = 33.3%) {66.7%}
6296  ... 

Histogram: Navigation.StartToCommit.SameProcess recorded 2 samples, mean = 0.0 (flags = 0x41)
0  --O                                                                       (2 = 100.0%)
1  ... 

Histogram: Navigation.StartToCommit.SameProcess.ForegroundProcessPriority recorded 2 samples, mean = 0.0 (flags = 0x41)
0  --O                                                                       (2 = 100.0%)
1  ... 

Histogram: Navigation.StartToCommit.SameProcess.NewNavigation recorded 2 samples, mean = 0.0 (flags = 0x41)
0  --O                                                                       (2 = 100.0%)
1  ... 

Histogram: Navigation.StartToCommit.SameProcess.Subframe recorded 2 samples, mean = 0.0 (flags = 0x41)
0  --O                                                                       (2 = 100.0%)
1  ... 

Histogram: Navigation.StartToCommit.SameProcess.Subframe.ForegroundProcessPriority recorded 2 samples, mean = 0.0 (flags = 0x41)
0  --O                                                                       (2 = 100.0%)
1  ... 

Histogram: Navigation.StartToCommit.SameProcess.Subframe.NewNavigation recorded 2 samples, mean = 0.0 (flags = 0x41)
0  --O                                                                       (2 = 100.0%)
1  ... 

Histogram: Navigation.StartToCommit.Subframe recorded 2 samples, mean = 0.0 (flags = 0x41)
0  --O                                                                       (2 = 100.0%)
1  ... 

Histogram: Navigation.StartToCommit.Subframe.ForegroundProcessPriority recorded 2 samples, mean = 0.0 (flags = 0x41)
0  --O                                                                       (2 = 100.0%)
1  ... 

Histogram: Navigation.StartToCommit.Subframe.NewNavigation recorded 2 samples, mean = 0.0 (flags = 0x41)
0  --O                                                                       (2 = 100.0%)
1  ... 

Histogram: Navigation.SuddenTerminationDisabler.AllOrigins recorded 1 samples, mean = 13.0 (flags = 0x41)
0   ... 
13  -O                                                                        (1 = 100.0%) {0.0%}
14  ... 

Histogram: Navigation.SuddenTerminationDisabler.SameOrigin recorded 1 samples, mean = 13.0 (flags = 0x41)
0   ... 
13  -O                                                                        (1 = 100.0%) {0.0%}
14  ... 

Histogram: Navigation.SwapRFHToCompositorCreation recorded 1 samples, mean = 665.0 (flags = 0x41)
0    ... 
635  -O                                                                        (1 = 100.0%) {0.0%}
826  ... 

Histogram: Navigation.ThrottleCount recorded 2 samples, mean = 20.0 (flags = 0x41)
0   ... 
20  --O                                                                       (2 = 100.0%) {0.0%}
21  ... 

Histogram: Navigation.ThrottleEventDurationTime.WillProcessResponse recorded 1 samples, mean = 0.0 (flags = 0x41)
0  -O                                                                        (1 = 100.0%)
1  ... 

Histogram: Navigation.ThrottleEventDurationTime.WillRedirectRequest recorded 1 samples, mean = 0.0 (flags = 0x41)
0  -O                                                                        (1 = 100.0%)
1  ... 

Histogram: Navigation.ThrottleEventDurationTime.WillStartRequest recorded 2 samples, mean = 0.5 (flags = 0x41)
0  -O                                                                        (1 = 50.0%)
1  -O                                                                        (1 = 50.0%) {50.0%}
2  ... 

Histogram: Navigation.ThrottleEventExecutionTime.WillProcessResponse recorded 1 samples, mean = 0.0 (flags = 0x41)
0  -O                                                                        (1 = 100.0%)
1  ... 

Histogram: Navigation.ThrottleEventExecutionTime.WillRedirectRequest recorded 1 samples, mean = 0.0 (flags = 0x41)
0  -O                                                                        (1 = 100.0%)
1  ... 

Histogram: Navigation.ThrottleEventExecutionTime.WillStartRequest recorded 2 samples, mean = 0.5 (flags = 0x41)
0  -O                                                                        (1 = 50.0%)
1  -O                                                                        (1 = 50.0%) {50.0%}
2  ... 

Histogram: Navigation.ThrottleExecutionTime.WillProcessResponse recorded 20 samples, mean = 0.0 (flags = 0x41)
0  --------------------O                                                     (20 = 100.0%)
1  ... 

Histogram: Navigation.ThrottleExecutionTime.WillRedirectRequest recorded 20 samples, mean = 0.0 (flags = 0x41)
0  --------------------O                                                     (20 = 100.0%)
1  ... 

Histogram: Navigation.ThrottleExecutionTime.WillStartRequest recorded 40 samples, mean = 0.0 (flags = 0x41)
0  ----------------------------------------O                                 (40 = 100.0%)
1  ... 

Histogram: Navigation.ThrottleTotalDeferCount recorded 5 samples, mean = 0.0 (flags = 0x41)
0  -----O                                                                    (5 = 100.0%)
1  ... 

Histogram: Navigation.ThrottleTotalDeferCount.Request recorded 5 samples, mean = 0.0 (flags = 0x41)
0  -----O                                                                    (5 = 100.0%)
1  ... 

Histogram: Navigation.ThrottleTotalDeferTime recorded 5 samples, mean = 0.0 (flags = 0x41)
0  -----O                                                                    (5 = 100.0%)
1  ... 

Histogram: Navigation.ThrottleTotalDeferTime.Request recorded 5 samples, mean = 0.0 (flags = 0x41)
0  -----O                                                                    (5 = 100.0%)
1  ... 

Histogram: Navigation.Throttles.PolicyBlocklist.DeferDurationTime recorded 2 samples, mean = 0.0 (flags = 0x41)
0  --O                                                                       (2 = 100.0%)
1  ... 

Histogram: Navigation.Throttles.PolicyBlocklist.RequestThrottleAction recorded 2 samples, mean = 2.5 (flags = 0x41)
0  O                                                                         (0 = 0.0%)
1  -O                                                                        (1 = 50.0%) {0.0%}
2  ... 
4  -O                                                                        (1 = 50.0%) {50.0%}
5  ... 

Histogram: Navigation.Throttles.PolicyBlocklist.RequestToResponseTime recorded 1 samples, mean = 0.0 (flags = 0x41)
0  -O                                                                        (1 = 100.0%)
1  ... 

Histogram: Navigation.TimeToReadyToCommit2 recorded 1 samples, mean = 5594.0 (flags = 0x41)
0     ... 
4955  -O                                                                        (1 = 100.0%) {0.0%}
6296  ... 

Histogram: Navigation.TimeToReadyToCommit2.CrossProcess recorded 1 samples, mean = 5594.0 (flags = 0x41)
0     ... 
4955  -O                                                                        (1 = 100.0%) {0.0%}
6296  ... 

Histogram: Navigation.TimeToReadyToCommit2.CrossProcess.NewNavigation recorded 1 samples, mean = 5594.0 (flags = 0x41)
0     ... 
4955  -O                                                                        (1 = 100.0%) {0.0%}
6296  ... 

Histogram: Navigation.TimeToReadyToCommit2.MainFrame recorded 1 samples, mean = 5594.0 (flags = 0x41)
0     ... 
4955  -O                                                                        (1 = 100.0%) {0.0%}
6296  ... 

Histogram: Navigation.TimeToReadyToCommit2.MainFrame.NewNavigation recorded 1 samples, mean = 5594.0 (flags = 0x41)
0     ... 
4955  -O                                                                        (1 = 100.0%) {0.0%}
6296  ... 

Histogram: Navigation.TimeToReadyToCommit2.NewNavigation recorded 1 samples, mean = 5594.0 (flags = 0x41)
0     ... 
4955  -O                                                                        (1 = 100.0%) {0.0%}
6296  ... 

Histogram: Navigation.Unload recorded 1 samples, mean = 0.0 (flags = 0x41)
0  -O                                                                        (1 = 100.0%)
1  ... 

Histogram: Navigation.UserAgentStringType recorded 4 samples, mean = 1.0 (flags = 0x41)
0  O                                                                         (0 = 0.0%)
1  ----O                                                                     (4 = 100.0%) {0.0%}
2  ... 

Histogram: Navigation.WillStartRequestToLoaderStart.MainFrame recorded 2 samples, mean = 0.5 (flags = 0x41)
0  -O                                                                        (1 = 50.0%)
1  -O                                                                        (1 = 50.0%) {50.0%}
2  ... 

Histogram: NavigationPredictor.SearchEnginePreconnector.IsBrowserAppLikelyInForeground recorded 74 samples, mean = 0.0 (flags = 0x41)
0  -----------------------------------------------------------------------O  (71 = 95.9%)
1  ---O                                                                      (3 = 4.1%) {95.9%}
2  O                                                                         (0 = 0.0%) {100.0%}

Histogram: NavigationSuggestion.GetDomainInfoDelayBeforeAllowingNavigation recorded 1 samples, mean = 0.0 (flags = 0x41)
0  -O                                                                        (1 = 100.0%)
1  ... 

Histogram: NavigationSuggestion.IsLookalikeUrlDelayBeforeAllowingNavigation recorded 1 samples, mean = 0.0 (flags = 0x41)
0  -O                                                                        (1 = 100.0%)
1  ... 

Histogram: NavigationSuggestion.PerformChecksDelayBeforeAllowingNavigation recorded 1 samples, mean = 0.0 (flags = 0x41)
0  -O                                                                        (1 = 100.0%)
1  ... 

Histogram: Net.AlternateProtocolUsage recorded 76 samples, mean = 4.0 (flags = 0x41)
0  -------O                                                                  (7 = 9.2%)
1  ------------------------------O                                           (30 = 39.5%) {9.2%}
2  ... 
7  ---------------------------------------O                                  (39 = 51.3%) {48.7%}
8  O                                                                         (0 = 0.0%) {100.0%}

Histogram: Net.AlternateProtocolUsageGoogle recorded 28 samples, mean = 1.0 (flags = 0x41)
0  O                                                                         (0 = 0.0%)
1  ----------------------------O                                             (28 = 100.0%) {0.0%}
2  ... 

Histogram: Net.AlternativeServiceTypeForRequest recorded 86 samples, mean = 0.5 (flags = 0x41)
0  -----------------------------------------------O                          (47 = 54.7%)
1  ---------------------------------------O                                  (39 = 45.3%) {54.7%}
2  ... 

Histogram: Net.CertVerifier.PathBuilderIterationCount recorded 13 samples, mean = 2.0 (flags = 0x41)
0  ... 
2  -------------O                                                            (13 = 100.0%) {0.0%}
3  ... 

Histogram: Net.CertVerifier_First_Job_Latency recorded 1 samples, mean = 658.0 (flags = 0x41)
0    ... 
648  -O                                                                        (1 = 100.0%) {0.0%}
734  ... 

Histogram: Net.CertVerifier_Job_Latency recorded 13 samples, mean = 366.1 (flags = 0x41)
0    ... 
12   -O                                                                        (1 = 7.7%) {0.0%}
14   ... 
54   -O                                                                        (1 = 7.7%) {7.7%}
61   ... 
88   -O                                                                        (1 = 7.7%) {15.4%}
100  ... 
164  -O                                                                        (1 = 7.7%) {23.1%}
186  ... 
239  -O                                                                        (1 = 7.7%) {30.8%}
271  ... 
348  --O                                                                       (2 = 15.4%) {38.5%}
394  -O                                                                        (1 = 7.7%) {53.8%}
446  O                                                                         (0 = 0.0%) {61.5%}
505  -O                                                                        (1 = 7.7%) {61.5%}
572  ---O                                                                      (3 = 23.1%) {69.2%}
648  -O                                                                        (1 = 7.7%) {92.3%}
734  ... 

Histogram: Net.Certificate.TrustAnchor.Request recorded 76 samples (flags = 0x41)
210  ---------------------------------------O                                  (39 = 51.3%)
486  -------------------------------------O                                    (37 = 48.7%)

Histogram: Net.Certificate.TrustAnchor.Verify recorded 13 samples (flags = 0x41)
210  ---O                                                                      (3 = 23.1%)
486  ----------O                                                               (10 = 76.9%)

Histogram: Net.ConnectionInfo.MainFrame recorded 1 samples, mean = 40.0 (flags = 0x41)
0   ... 
40  -O                                                                        (1 = 100.0%) {0.0%}
41  ... 

Histogram: Net.ConnectionInfo.SubResource recorded 45 samples, mean = 9.6 (flags = 0x41)
0   ... 
4   --------------------------------------O                                   (38 = 84.4%) {0.0%}
5   ... 
40  -------O                                                                  (7 = 15.6%) {84.4%}
41  ... 

Histogram: Net.ContentEncodingType recorded 75 samples, mean = 0.5 (flags = 0x41)
0  --------------------------------------O                                   (38 = 50.7%)
1  ----------------------------------O                                       (34 = 45.3%) {50.7%}
2  ---O                                                                      (3 = 4.0%) {96.0%}
3  ... 

Histogram: Net.Cors.AccessCheckResult recorded 8 samples, mean = 0.0 (flags = 0x41)
0  --------O                                                                 (8 = 100.0%)
1  ... 

Histogram: Net.CountOfQuicServerInfos recorded 1 samples, mean = 0.0 (flags = 0x41)
0  -O                                                                        (1 = 100.0%)
1  ... 

Histogram: Net.DNS.DnsConfig.DnsClientCapability recorded 99 samples, mean = 1.0 (flags = 0x41)
0  O                                                                         (0 = 0.0%)
1  ------------------------------------------------------------------------O (99 = 100.0%) {0.0%}
2  ... 

Histogram: Net.DNS.DnsConfig.SecureDnsMode recorded 1 samples, mean = 4.0 (flags = 0x41)
0  ... 
4  -O                                                                        (1 = 100.0%) {0.0%}
5  ... 

Histogram: Net.DNS.DnsConfig.Windows.Compatibility recorded 4 samples, mean = 0.0 (flags = 0x41)
0  ----O                                                                     (4 = 100.0%)
1  ... 

Histogram: Net.DNS.DnsConfig.Windows.ReadSystemSettings0 recorded 4 samples, mean = 0.0 (flags = 0x41)
0  ----O                                                                     (4 = 100.0%)
1  ... 

Histogram: Net.DNS.DnsHosts.Count recorded 2 samples, mean = 0.0 (flags = 0x41)
0  --O                                                                       (2 = 100.0%)
1  ... 

Histogram: Net.DNS.DnsHosts.EstimateMemoryUsage recorded 2 samples, mean = 0.0 (flags = 0x41)
0  --O                                                                       (2 = 100.0%)
1000... 

Histogram: Net.DNS.DnsHosts.FileSize recorded 2 samples, mean = 824.0 (flags = 0x41)
0    ... 
737  --O                                                                       (2 = 100.0%) {0.0%}
1065 ... 

Histogram: Net.DNS.DnsTask.SuccessTime recorded 34 samples, mean = 44.6 (flags = 0x41)
0    ... 
7    -O                                                                        (1 = 2.9%) {0.0%}
8    O                                                                         (0 = 0.0%) {2.9%}
9    -O                                                                        (1 = 2.9%) {2.9%}
10   --O                                                                       (2 = 5.9%) {5.9%}
12   ----O                                                                     (4 = 11.8%) {11.8%}
14   -O                                                                        (1 = 2.9%) {23.5%}
16   --O                                                                       (2 = 5.9%) {26.5%}
18   --O                                                                       (2 = 5.9%) {32.4%}
21   ... 
28   -O                                                                        (1 = 2.9%) {38.2%}
32   ... 
43   ------O                                                                   (6 = 17.6%) {41.2%}
50   ----------O                                                               (10 = 29.4%) {58.8%}
58   -O                                                                        (1 = 2.9%) {88.2%}
67   ... 
119  -O                                                                        (1 = 2.9%) {91.2%}
137  -O                                                                        (1 = 2.9%) {94.1%}
158  -O                                                                        (1 = 2.9%) {97.1%}
182  ... 

Histogram: Net.DNS.DnsTask.SvcbHttpsTransactionError recorded 20 samples, mean = 0.0 (flags = 0x41)
0  --------------------O                                                     (20 = 100.0%)
1  ... 

Histogram: Net.DNS.DnsTransaction.AttemptType recorded 68 samples, mean = 0.0 (flags = 0x41)
0  --------------------------------------------------------------------O     (68 = 100.0%)
1  ... 

Histogram: Net.DNS.DnsTransaction.Insecure.Other.SuccessTime recorded 54 samples, mean = 48.9 (flags = 0x41)
0    O                                                                         (0 = 0.0%)
1    ----------O                                                               (10 = 18.5%) {0.0%}
2    -O                                                                        (1 = 1.9%) {18.5%}
3    O                                                                         (0 = 0.0%) {20.4%}
4    -O                                                                        (1 = 1.9%) {20.4%}
5    -O                                                                        (1 = 1.9%) {22.2%}
6    ... 
13   -O                                                                        (1 = 1.9%) {24.1%}
16   ... 
41   --------------------------O                                               (26 = 48.1%) {25.9%}
52   --------O                                                                 (8 = 14.8%) {74.1%}
66   ... 
107  --O                                                                       (2 = 3.7%) {88.9%}
136  --O                                                                       (2 = 3.7%) {92.6%}
173  --O                                                                       (2 = 3.7%) {96.3%}
220  ... 

Histogram: Net.DNS.H3SupportedGoogleHost.TaskTypeMetadataAvailability2 recorded 1 samples, mean = 2.0 (flags = 0x41)
0  ... 
2  -O                                                                        (1 = 100.0%) {0.0%}
3  ... 

Histogram: Net.DNS.HTTPSSVC.RecordHttps.Insecure.ExpectNoerror.DnsRcode recorded 34 samples, mean = 1.8 (flags = 0x41)
0  --------------O                                                           (14 = 41.2%)
1  ... 
3  --------------------O                                                     (20 = 58.8%) {41.2%}
4  ... 

Histogram: Net.DNS.HTTPSSVC.RecordHttps.Insecure.ExpectNoerror.Parsable recorded 2 samples, mean = 1.0 (flags = 0x41)
0  O                                                                         (0 = 0.0%)
1  --O                                                                       (2 = 100.0%) {0.0%}
2  O                                                                         (0 = 0.0%) {100.0%}

Histogram: Net.DNS.HTTPSSVC.RecordHttps.Insecure.ExpectNoerror.ResolveTimeAddress recorded 34 samples, mean = 39.3 (flags = 0x41)
0    O                                                                         (0 = 0.0%)
1    ----------O                                                               (10 = 29.4%) {0.0%}
2    -O                                                                        (1 = 2.9%) {29.4%}
3    O                                                                         (0 = 0.0%) {32.4%}
4    -O                                                                        (1 = 2.9%) {32.4%}
5    -O                                                                        (1 = 2.9%) {35.3%}
6    ... 
13   -O                                                                        (1 = 2.9%) {38.2%}
16   ... 
41   -------------O                                                            (13 = 38.2%) {41.2%}
52   ----O                                                                     (4 = 11.8%) {79.4%}
66   ... 
107  -O                                                                        (1 = 2.9%) {91.2%}
136  -O                                                                        (1 = 2.9%) {94.1%}
173  -O                                                                        (1 = 2.9%) {97.1%}
220  ... 

Histogram: Net.DNS.HTTPSSVC.RecordHttps.Insecure.ExpectNoerror.ResolveTimeExperimental recorded 34 samples, mean = 44.6 (flags = 0x41)
0    ... 
6    -O                                                                        (1 = 2.9%) {0.0%}
8    --O                                                                       (2 = 5.9%) {2.9%}
10   ----O                                                                     (4 = 11.8%) {8.8%}
13   --O                                                                       (2 = 5.9%) {20.6%}
16   ----O                                                                     (4 = 11.8%) {26.5%}
20   O                                                                         (0 = 0.0%) {38.2%}
25   -O                                                                        (1 = 2.9%) {38.2%}
32   O                                                                         (0 = 0.0%) {41.2%}
41   -------------O                                                            (13 = 38.2%) {41.2%}
52   ----O                                                                     (4 = 11.8%) {79.4%}
66   ... 
107  -O                                                                        (1 = 2.9%) {91.2%}
136  -O                                                                        (1 = 2.9%) {94.1%}
173  -O                                                                        (1 = 2.9%) {97.1%}
220  ... 

Histogram: Net.DNS.HTTPSSVC.RecordHttps.Insecure.ExpectNoerror.ResolveTimeRatio recorded 34 samples, mean = 35.7 (flags = 0x41)
0   ... 
9   -----O                                                                    (5 = 14.7%) {0.0%}
10  ---------------O                                                          (15 = 44.1%) {14.7%}
11  ... 
19  -O                                                                        (1 = 2.9%) {58.8%}
20  -------------O                                                            (13 = 38.2%) {61.8%}

Histogram: Net.DNS.JobQueueTime.PerTransaction recorded 68 samples, mean = 0.0 (flags = 0x41)
0  -------------------------------------------------------------------O      (67 = 98.5%)
1  -O                                                                        (1 = 1.5%) {98.5%}
2  ... 

Histogram: Net.DNS.JobQueueTime.Success recorded 34 samples, mean = 0.0 (flags = 0x41)
0  ---------------------------------O                                        (33 = 97.1%)
1  -O                                                                        (1 = 2.9%) {97.1%}
2  ... 

Histogram: Net.DNS.Request.TotalTime recorded 254 samples, mean = 6.2 (flags = 0x41)
0    ------------------------------------------------------------------------O (220 = 86.6%)
10   -O                                                                        (2 = 0.8%) {86.6%}
12   --O                                                                       (6 = 2.4%) {87.4%}
15   -O                                                                        (2 = 0.8%) {89.8%}
18   -O                                                                        (3 = 1.2%) {90.6%}
22   ... 
33   O                                                                         (1 = 0.4%) {91.7%}
41   --O                                                                       (5 = 2.0%) {92.1%}
50   ----O                                                                     (11 = 4.3%) {94.1%}
61   O                                                                         (1 = 0.4%) {98.4%}
75   ... 
113  -O                                                                        (2 = 0.8%) {98.8%}
139  O                                                                         (0 = 0.0%) {99.6%}
171  O                                                                         (1 = 0.4%) {99.6%}
210  ... 

Histogram: Net.DNS.Request.TotalTimeAsync recorded 41 samples, mean = 38.2 (flags = 0x41)
0    -------O                                                                  (7 = 17.1%)
10   --O                                                                       (2 = 4.9%) {17.1%}
12   ------O                                                                   (6 = 14.6%) {22.0%}
15   --O                                                                       (2 = 4.9%) {36.6%}
18   ---O                                                                      (3 = 7.3%) {41.5%}
22   ... 
33   -O                                                                        (1 = 2.4%) {48.8%}
41   -----O                                                                    (5 = 12.2%) {51.2%}
50   -----------O                                                              (11 = 26.8%) {63.4%}
61   -O                                                                        (1 = 2.4%) {90.2%}
75   ... 
113  --O                                                                       (2 = 4.9%) {92.7%}
139  O                                                                         (0 = 0.0%) {97.6%}
171  -O                                                                        (1 = 2.4%) {97.6%}
210  ... 

Histogram: Net.DNS.ResolveCategory recorded 42 samples, mean = 0.2 (flags = 0x41)
0  ---------------------------------O                                        (33 = 78.6%)
1  --------O                                                                 (8 = 19.0%) {78.6%}
2  -O                                                                        (1 = 2.4%) {97.6%}
3  ... 

Histogram: Net.DNS.ResolveError.Fast recorded 5 samples (flags = 0x41)
105  -----O                                                                    (5 = 100.0%)

Histogram: Net.DNS.ResolveError.Slow recorded 3 samples (flags = 0x41)
105  ---O                                                                      (3 = 100.0%)

Histogram: Net.DNS.ResolveFailureTime recorded 8 samples, mean = 9.8 (flags = 0x41)
0   O                                                                         (0 = 0.0%)
1   ---O                                                                      (3 = 37.5%) {0.0%}
2   ... 
5   -O                                                                        (1 = 12.5%) {37.5%}
6   -O                                                                        (1 = 12.5%) {50.0%}
7   ... 
12  -O                                                                        (1 = 12.5%) {62.5%}
14  ... 
18  -O                                                                        (1 = 12.5%) {75.0%}
21  ... 
32  -O                                                                        (1 = 12.5%) {87.5%}
37  ... 

Histogram: Net.DNS.ResolveSuccessTime recorded 33 samples, mean = 45.1 (flags = 0x41)
0    ... 
7    -O                                                                        (1 = 3.0%) {0.0%}
8    O                                                                         (0 = 0.0%) {3.0%}
9    -O                                                                        (1 = 3.0%) {3.0%}
10   --O                                                                       (2 = 6.1%) {6.1%}
12   ----O                                                                     (4 = 12.1%) {12.1%}
14   -O                                                                        (1 = 3.0%) {24.2%}
16   --O                                                                       (2 = 6.1%) {27.3%}
18   --O                                                                       (2 = 6.1%) {33.3%}
21   ... 
43   -----O                                                                    (5 = 15.2%) {39.4%}
50   -----------O                                                              (11 = 33.3%) {54.5%}
58   -O                                                                        (1 = 3.0%) {87.9%}
67   ... 
119  -O                                                                        (1 = 3.0%) {90.9%}
137  -O                                                                        (1 = 3.0%) {93.9%}
158  -O                                                                        (1 = 3.0%) {97.0%}
182  ... 

Histogram: Net.DNS.SystemTask.FailureTime recorded 8 samples, mean = 9.8 (flags = 0x41)
0   O                                                                         (0 = 0.0%)
1   ---O                                                                      (3 = 37.5%) {0.0%}
2   ... 
5   -O                                                                        (1 = 12.5%) {37.5%}
6   -O                                                                        (1 = 12.5%) {50.0%}
7   ... 
12  -O                                                                        (1 = 12.5%) {62.5%}
14  ... 
18  -O                                                                        (1 = 12.5%) {75.0%}
21  ... 
32  -O                                                                        (1 = 12.5%) {87.5%}
37  ... 

Histogram: Net.DNS.UpgradeConfig.HasPublicInsecureNameserver recorded 1 samples, mean = 0.0 (flags = 0x41)
0  -O                                                                        (1 = 100.0%)
1  ... 

Histogram: Net.DNS.UpgradeConfig.Ineligible.DohSpecified recorded 1 samples, mean = 0.0 (flags = 0x41)
0  -O                                                                        (1 = 100.0%)
1  ... 

Histogram: Net.DNS.UpgradeConfig.Ineligible.UnhandledOptions recorded 1 samples, mean = 0.0 (flags = 0x41)
0  -O                                                                        (1 = 100.0%)
1  ... 

Histogram: Net.DNS.UpgradeConfig.InsecureUpgradeSucceeded recorded 1 samples, mean = 0.0 (flags = 0x41)
0  -O                                                                        (1 = 100.0%)
1  ... 

Histogram: Net.DNS_Resolution_And_TCP_Connection_Latency2 recorded 15 samples, mean = 102.2 (flags = 0x41)
0    ... 
42   -------O                                                                  (7 = 46.7%) {0.0%}
48   --O                                                                       (2 = 13.3%) {46.7%}
54   ... 
69   -O                                                                        (1 = 6.7%) {60.0%}
78   O                                                                         (0 = 0.0%) {66.7%}
88   -O                                                                        (1 = 6.7%) {66.7%}
100  O                                                                         (0 = 0.0%) {73.3%}
113  -O                                                                        (1 = 6.7%) {73.3%}
128  ... 
186  -O                                                                        (1 = 6.7%) {80.0%}
211  -O                                                                        (1 = 6.7%) {86.7%}
239  ... 
394  -O                                                                        (1 = 6.7%) {93.3%}
446  ... 

Histogram: Net.ErrorCodesForMainFrame4 recorded 2 samples (flags = 0x41)
0  -O                                                                        (1 = 50.0%)
3  -O                                                                        (1 = 50.0%)

Histogram: Net.ErrorCodesForSubresources3 recorded 50 samples (flags = 0x41)
0    ----------------------------------------------O                           (46 = 92.0%)
400  ----O                                                                     (4 = 8.0%)

Histogram: Net.HttpJob.BytesReceived2 recorded 80 samples, mean = 17402.5 (flags = 0x41)
0       ----O                                                                     (4 = 5.0%)
1       ... 
56      -O                                                                        (1 = 1.2%) {5.0%}
80      ... 
237     -O                                                                        (1 = 1.2%) {6.2%}
340     --O                                                                       (2 = 2.5%) {7.5%}
488     --O                                                                       (2 = 2.5%) {10.0%}
700     --O                                                                       (2 = 2.5%) {12.5%}
1004    ----------------------------------O                                       (34 = 42.5%) {15.0%}
1440    --O                                                                       (2 = 2.5%) {57.5%}
2065    -O                                                                        (1 = 1.2%) {60.0%}
2961    -------O                                                                  (7 = 8.8%) {61.2%}
4246    -O                                                                        (1 = 1.2%) {70.0%}
6089    -O                                                                        (1 = 1.2%) {71.2%}
8732    ----O                                                                     (4 = 5.0%) {72.5%}
12523   O                                                                         (0 = 0.0%) {77.5%}
17959   ----O                                                                     (4 = 5.0%) {77.5%}
25755   --O                                                                       (2 = 2.5%) {82.5%}
36935   ----O                                                                     (4 = 5.0%) {85.0%}
52968   O                                                                         (0 = 0.0%) {90.0%}
75961   -----O                                                                    (5 = 6.2%) {90.0%}
108935  --O                                                                       (2 = 2.5%) {96.2%}
156223  -O                                                                        (1 = 1.2%) {98.8%}
224038  ... 

Histogram: Net.HttpJob.BytesSent2 recorded 80 samples, mean = 757.8 (flags = 0x41)
0      ----O                                                                     (4 = 5.0%)
1      ... 
19     -O                                                                        (1 = 1.2%) {5.0%}
27     ... 
56     -------O                                                                  (7 = 8.8%) {6.2%}
80     ------------------------O                                                 (24 = 30.0%) {15.0%}
115    -O                                                                        (1 = 1.2%) {45.0%}
165    -O                                                                        (1 = 1.2%) {46.2%}
237    -O                                                                        (1 = 1.2%) {47.5%}
340    ---O                                                                      (3 = 3.8%) {48.8%}
488    --O                                                                       (2 = 2.5%) {52.5%}
700    -------O                                                                  (7 = 8.8%) {55.0%}
1004   ----------------------------O                                             (28 = 35.0%) {63.8%}
1440   ... 
12523  -O                                                                        (1 = 1.2%) {98.8%}
17959  ... 

Histogram: Net.HttpJob.MainJobWaitTimeWithoutAvailableSpdySession recorded 33 samples, mean = 108.5 (flags = 0x41)
0    ... 
57   ---O                                                                      (3 = 9.1%) {0.0%}
68   ---------------------O                                                    (21 = 63.6%) {9.1%}
81   -O                                                                        (1 = 3.0%) {72.7%}
96   --O                                                                       (2 = 6.1%) {75.8%}
114  -O                                                                        (1 = 3.0%) {81.8%}
135  ... 
226  -O                                                                        (1 = 3.0%) {84.8%}
268  ----O                                                                     (4 = 12.1%) {87.9%}
318  ... 

Histogram: Net.HttpJob.PrefilterBytesRead recorded 82 samples, mean = 16827.5 (flags = 0x41)
0       ---------O                                                                (9 = 11.0%)
1       ... 
13      -O                                                                        (1 = 1.2%) {11.0%}
19      -O                                                                        (1 = 1.2%) {12.2%}
27      O                                                                         (0 = 0.0%) {13.4%}
39      -O                                                                        (1 = 1.2%) {13.4%}
56      -O                                                                        (1 = 1.2%) {14.6%}
80      -O                                                                        (1 = 1.2%) {15.9%}
115     O                                                                         (0 = 0.0%) {17.1%}
165     -O                                                                        (1 = 1.2%) {17.1%}
237     O                                                                         (0 = 0.0%) {18.3%}
340     -O                                                                        (1 = 1.2%) {18.3%}
488     ----O                                                                     (4 = 4.9%) {19.5%}
700     ----O                                                                     (4 = 4.9%) {24.4%}
1004    ----------------------------O                                             (28 = 34.1%) {29.3%}
1440    --O                                                                       (2 = 2.4%) {63.4%}
2065    -O                                                                        (1 = 1.2%) {65.9%}
2961    --O                                                                       (2 = 2.4%) {67.1%}
4246    -O                                                                        (1 = 1.2%) {69.5%}
6089    -O                                                                        (1 = 1.2%) {70.7%}
8732    ----O                                                                     (4 = 4.9%) {72.0%}
12523   -O                                                                        (1 = 1.2%) {76.8%}
17959   ----O                                                                     (4 = 4.9%) {78.0%}
25755   --O                                                                       (2 = 2.4%) {82.9%}
36935   ----O                                                                     (4 = 4.9%) {85.4%}
52968   O                                                                         (0 = 0.0%) {90.2%}
75961   -----O                                                                    (5 = 6.1%) {90.2%}
108935  --O                                                                       (2 = 2.4%) {96.3%}
156223  -O                                                                        (1 = 1.2%) {98.8%}
224038  ... 

Histogram: Net.HttpJob.PrefilterBytesRead.Cache recorded 3 samples, mean = 8562.3 (flags = 0x41)
0      -O                                                                        (1 = 33.3%)
1      ... 
340    -O                                                                        (1 = 33.3%) {33.3%}
488    ... 
17959  -O                                                                        (1 = 33.3%) {66.7%}
25755  ... 

Histogram: Net.HttpJob.PrefilterBytesRead.Net recorded 79 samples, mean = 17141.3 (flags = 0x41)
0       --------O                                                                 (8 = 10.1%)
1       ... 
13      -O                                                                        (1 = 1.3%) {10.1%}
19      -O                                                                        (1 = 1.3%) {11.4%}
27      O                                                                         (0 = 0.0%) {12.7%}
39      -O                                                                        (1 = 1.3%) {12.7%}
56      -O                                                                        (1 = 1.3%) {13.9%}
80      -O                                                                        (1 = 1.3%) {15.2%}
115     O                                                                         (0 = 0.0%) {16.5%}
165     -O                                                                        (1 = 1.3%) {16.5%}
237     ... 
488     ----O                                                                     (4 = 5.1%) {17.7%}
700     ----O                                                                     (4 = 5.1%) {22.8%}
1004    ----------------------------O                                             (28 = 35.4%) {27.8%}
1440    --O                                                                       (2 = 2.5%) {63.3%}
2065    -O                                                                        (1 = 1.3%) {65.8%}
2961    --O                                                                       (2 = 2.5%) {67.1%}
4246    -O                                                                        (1 = 1.3%) {69.6%}
6089    -O                                                                        (1 = 1.3%) {70.9%}
8732    ----O                                                                     (4 = 5.1%) {72.2%}
12523   -O                                                                        (1 = 1.3%) {77.2%}
17959   ---O                                                                      (3 = 3.8%) {78.5%}
25755   --O                                                                       (2 = 2.5%) {82.3%}
36935   ----O                                                                     (4 = 5.1%) {84.8%}
52968   O                                                                         (0 = 0.0%) {89.9%}
75961   -----O                                                                    (5 = 6.3%) {89.9%}
108935  --O                                                                       (2 = 2.5%) {96.2%}
156223  -O                                                                        (1 = 1.3%) {98.7%}
224038  ... 

Histogram: Net.HttpJob.ProxyTypeSuccess recorded 76 samples, mean = 1.0 (flags = 0x41)
0  O                                                                         (0 = 0.0%)
1  ------------------------------------------------------------------------O (76 = 100.0%) {0.0%}
2  ... 

Histogram: Net.HttpJob.TotalTime recorded 82 samples, mean = 836.5 (flags = 0x41)
0     ----O                                                                     (4 = 4.9%)
1     ... 
3     -O                                                                        (1 = 1.2%) {4.9%}
4     ... 
17    -O                                                                        (1 = 1.2%) {6.1%}
20    ... 
68    --O                                                                       (2 = 2.4%) {7.3%}
81    -O                                                                        (1 = 1.2%) {9.8%}
96    ... 
135   -O                                                                        (1 = 1.2%) {11.0%}
160   O                                                                         (0 = 0.0%) {12.2%}
190   -O                                                                        (1 = 1.2%) {12.2%}
226   -O                                                                        (1 = 1.2%) {13.4%}
268   -O                                                                        (1 = 1.2%) {14.6%}
318   --------O                                                                 (8 = 9.8%) {15.9%}
378   -------O                                                                  (7 = 8.5%) {25.6%}
449   ----------------O                                                         (16 = 19.5%) {34.1%}
533   -----O                                                                    (5 = 6.1%) {53.7%}
633   ---O                                                                      (3 = 3.7%) {59.8%}
752   -----O                                                                    (5 = 6.1%) {63.4%}
894   ----O                                                                     (4 = 4.9%) {69.5%}
1062  ---O                                                                      (3 = 3.7%) {74.4%}
1262  O                                                                         (0 = 0.0%) {78.0%}
1500  ----O                                                                     (4 = 4.9%) {78.0%}
1782  --------O                                                                 (8 = 9.8%) {82.9%}
2117  ----O                                                                     (4 = 4.9%) {92.7%}
2516  --O                                                                       (2 = 2.4%) {97.6%}
2990  ... 

Histogram: Net.HttpJob.TotalTime.Secure.Quic recorded 28 samples, mean = 523.0 (flags = 0x41)
0     ... 
220   -O                                                                        (1 = 3.6%) {0.0%}
280   ----O                                                                     (4 = 14.3%) {3.6%}
356   --------O                                                                 (8 = 28.6%) {17.9%}
452   -------O                                                                  (7 = 25.0%) {46.4%}
574   -----O                                                                    (5 = 17.9%) {71.4%}
729   O                                                                         (0 = 0.0%) {89.3%}
926   --O                                                                       (2 = 7.1%) {89.3%}
1177  -O                                                                        (1 = 3.6%) {96.4%}
1496  ... 

Histogram: Net.HttpJob.TotalTimeCached recorded 3 samples, mean = 592.0 (flags = 0x41)
0     ... 
3     -O                                                                        (1 = 33.3%) {0.0%}
4     ... 
17    -O                                                                        (1 = 33.3%) {33.3%}
20    ... 
1500  -O                                                                        (1 = 33.3%) {66.7%}
1782  ... 

Histogram: Net.HttpJob.TotalTimeCancel recorded 4 samples, mean = 0.0 (flags = 0x41)
0  ----O                                                                     (4 = 100.0%)
1  ... 

Histogram: Net.HttpJob.TotalTimeNotCached recorded 79 samples, mean = 845.8 (flags = 0x41)
0     ----O                                                                     (4 = 5.1%)
1     ... 
68    --O                                                                       (2 = 2.5%) {5.1%}
81    -O                                                                        (1 = 1.3%) {7.6%}
96    ... 
135   -O                                                                        (1 = 1.3%) {8.9%}
160   O                                                                         (0 = 0.0%) {10.1%}
190   -O                                                                        (1 = 1.3%) {10.1%}
226   -O                                                                        (1 = 1.3%) {11.4%}
268   -O                                                                        (1 = 1.3%) {12.7%}
318   --------O                                                                 (8 = 10.1%) {13.9%}
378   -------O                                                                  (7 = 8.9%) {24.1%}
449   ----------------O                                                         (16 = 20.3%) {32.9%}
533   -----O                                                                    (5 = 6.3%) {53.2%}
633   ---O                                                                      (3 = 3.8%) {59.5%}
752   -----O                                                                    (5 = 6.3%) {63.3%}
894   ----O                                                                     (4 = 5.1%) {69.6%}
1062  ---O                                                                      (3 = 3.8%) {74.7%}
1262  O                                                                         (0 = 0.0%) {78.5%}
1500  ---O                                                                      (3 = 3.8%) {78.5%}
1782  --------O                                                                 (8 = 10.1%) {82.3%}
2117  ----O                                                                     (4 = 5.1%) {92.4%}
2516  --O                                                                       (2 = 2.5%) {97.5%}
2990  ... 

Histogram: Net.HttpJob.TotalTimeNotCached.Secure.Quic recorded 28 samples, mean = 523.0 (flags = 0x41)
0     ... 
220   -O                                                                        (1 = 3.6%) {0.0%}
280   ----O                                                                     (4 = 14.3%) {3.6%}
356   --------O                                                                 (8 = 28.6%) {17.9%}
452   -------O                                                                  (7 = 25.0%) {46.4%}
574   -----O                                                                    (5 = 17.9%) {71.4%}
729   O                                                                         (0 = 0.0%) {89.3%}
926   --O                                                                       (2 = 7.1%) {89.3%}
1177  -O                                                                        (1 = 3.6%) {96.4%}
1496  ... 

Histogram: Net.HttpJob.TotalTimeSuccess recorded 78 samples, mean = 879.4 (flags = 0x41)
0     ... 
3     -O                                                                        (1 = 1.3%) {0.0%}
4     ... 
17    -O                                                                        (1 = 1.3%) {1.3%}
20    ... 
68    --O                                                                       (2 = 2.6%) {2.6%}
81    -O                                                                        (1 = 1.3%) {5.1%}
96    ... 
135   -O                                                                        (1 = 1.3%) {6.4%}
160   O                                                                         (0 = 0.0%) {7.7%}
190   -O                                                                        (1 = 1.3%) {7.7%}
226   -O                                                                        (1 = 1.3%) {9.0%}
268   -O                                                                        (1 = 1.3%) {10.3%}
318   --------O                                                                 (8 = 10.3%) {11.5%}
378   -------O                                                                  (7 = 9.0%) {21.8%}
449   ----------------O                                                         (16 = 20.5%) {30.8%}
533   -----O                                                                    (5 = 6.4%) {51.3%}
633   ---O                                                                      (3 = 3.8%) {57.7%}
752   -----O                                                                    (5 = 6.4%) {61.5%}
894   ----O                                                                     (4 = 5.1%) {67.9%}
1062  ---O                                                                      (3 = 3.8%) {73.1%}
1262  O                                                                         (0 = 0.0%) {76.9%}
1500  ----O                                                                     (4 = 5.1%) {76.9%}
1782  --------O                                                                 (8 = 10.3%) {82.1%}
2117  ----O                                                                     (4 = 5.1%) {92.3%}
2516  --O                                                                       (2 = 2.6%) {97.4%}
2990  ... 

Histogram: Net.HttpJob.TotalTimeSuccess.Priority1 recorded 29 samples, mean = 509.7 (flags = 0x41)
0     ... 
135   -O                                                                        (1 = 3.4%) {0.0%}
160   ... 
268   -O                                                                        (1 = 3.4%) {3.4%}
318   ------O                                                                   (6 = 20.7%) {6.9%}
378   ------O                                                                   (6 = 20.7%) {27.6%}
449   -------O                                                                  (7 = 24.1%) {48.3%}
533   ----O                                                                     (4 = 13.8%) {72.4%}
633   -O                                                                        (1 = 3.4%) {86.2%}
752   O                                                                         (0 = 0.0%) {89.7%}
894   -O                                                                        (1 = 3.4%) {89.7%}
1062  --O                                                                       (2 = 6.9%) {93.1%}
1262  ... 

Histogram: Net.HttpJob.TotalTimeSuccess.Priority2 recorded 29 samples, mean = 1362.8 (flags = 0x41)
0     ... 
3     -O                                                                        (1 = 3.4%) {0.0%}
4     ... 
68    --O                                                                       (2 = 6.9%) {3.4%}
81    ... 
190   -O                                                                        (1 = 3.4%) {10.3%}
226   ... 
378   -O                                                                        (1 = 3.4%) {13.8%}
449   -O                                                                        (1 = 3.4%) {17.2%}
533   ... 
752   -----O                                                                    (5 = 17.2%) {20.7%}
894   ---O                                                                      (3 = 10.3%) {37.9%}
1062  ... 
1500  ---O                                                                      (3 = 10.3%) {48.3%}
1782  -------O                                                                  (7 = 24.1%) {58.6%}
2117  ---O                                                                      (3 = 10.3%) {82.8%}
2516  --O                                                                       (2 = 6.9%) {93.1%}
2990  ... 

Histogram: Net.HttpJob.TotalTimeSuccess.Priority3 recorded 1 samples, mean = 326.0 (flags = 0x41)
0    ... 
318  -O                                                                        (1 = 100.0%) {0.0%}
378  ... 

Histogram: Net.HttpJob.TotalTimeSuccess.Priority4 recorded 5 samples, mean = 424.2 (flags = 0x41)
0    ... 
81   -O                                                                        (1 = 20.0%) {0.0%}
96   ... 
226  -O                                                                        (1 = 20.0%) {20.0%}
268  ... 
449  -O                                                                        (1 = 20.0%) {40.0%}
533  -O                                                                        (1 = 20.0%) {60.0%}
633  -O                                                                        (1 = 20.0%) {80.0%}
752  ... 

Histogram: Net.HttpJob.TotalTimeSuccess.Priority5 recorded 14 samples, mean = 845.9 (flags = 0x41)
0     ... 
17    -O                                                                        (1 = 7.1%) {0.0%}
20    ... 
318   -O                                                                        (1 = 7.1%) {7.1%}
378   O                                                                         (0 = 0.0%) {14.3%}
449   -------O                                                                  (7 = 50.0%) {14.3%}
533   O                                                                         (0 = 0.0%) {64.3%}
633   -O                                                                        (1 = 7.1%) {64.3%}
752   ... 
1062  -O                                                                        (1 = 7.1%) {71.4%}
1262  O                                                                         (0 = 0.0%) {78.6%}
1500  -O                                                                        (1 = 7.1%) {78.6%}
1782  -O                                                                        (1 = 7.1%) {85.7%}
2117  -O                                                                        (1 = 7.1%) {92.9%}
2516  ... 

Histogram: Net.HttpRequestSSLUpgradeDecision recorded 2 samples, mean = 5.0 (flags = 0x41)
0  ... 
5  --O                                                                       (2 = 100.0%) {0.0%}
6  O                                                                         (0 = 0.0%) {100.0%}

Histogram: Net.HttpRequestStsState recorded 2 samples, mean = 2.0 (flags = 0x41)
0  ... 
2  --O                                                                       (2 = 100.0%) {0.0%}
3  ... 

Histogram: Net.HttpResponseCode recorded 126 samples, mean = 248.5 (flags = 0x41)
0    ... 
200  ------------------------------------------------------------------------O (91 = 72.2%) {0.0%}
201  ... 
204  --O                                                                       (2 = 1.6%) {72.2%}
205  ... 
302  ---O                                                                      (4 = 3.2%) {73.8%}
303  O                                                                         (0 = 0.0%) {77.0%}
304  -O                                                                        (1 = 0.8%) {77.0%}
305  ... 
308  -O                                                                        (1 = 0.8%) {77.8%}
309  ... 
403  ---------------------O                                                    (27 = 21.4%) {78.6%}
404  ... 

Histogram: Net.HttpTimeToFirstByte recorded 82 samples, mean = 716.3 (flags = 0x41)
0     -----O                                                                    (5 = 6.1%)
10    ... 
18    -O                                                                        (1 = 1.2%) {6.1%}
22    ... 
41    -O                                                                        (1 = 1.2%) {7.3%}
50    ... 
75    ---O                                                                      (3 = 3.7%) {8.5%}
92    O                                                                         (0 = 0.0%) {12.2%}
113   -O                                                                        (1 = 1.2%) {12.2%}
139   O                                                                         (0 = 0.0%) {13.4%}
171   -O                                                                        (1 = 1.2%) {13.4%}
210   O                                                                         (0 = 0.0%) {14.6%}
258   ----O                                                                     (4 = 4.9%) {14.6%}
317   -------O                                                                  (7 = 8.5%) {19.5%}
389   ----------O                                                               (10 = 12.2%) {28.0%}
477   -----------------O                                                        (17 = 20.7%) {40.2%}
585   ----O                                                                     (4 = 4.9%) {61.0%}
718   --------O                                                                 (8 = 9.8%) {65.9%}
881   ------O                                                                   (6 = 7.3%) {75.6%}
1081  ---O                                                                      (3 = 3.7%) {82.9%}
1326  O                                                                         (0 = 0.0%) {86.6%}
1627  --------O                                                                 (8 = 9.8%) {86.6%}
1996  -O                                                                        (1 = 1.2%) {96.3%}
2449  --O                                                                       (2 = 2.4%) {97.6%}
3005  ... 

Histogram: Net.NetworkChangeNotifier.NewConnectionCost recorded 2 samples, mean = 1.0 (flags = 0x41)
0  O                                                                         (0 = 0.0%)
1  --O                                                                       (2 = 100.0%) {0.0%}
2  ... 

Histogram: Net.NumQuicSessionsAtShutdown recorded 3 samples, mean = 0.0 (flags = 0x41)
0  ---O                                                                      (3 = 100.0%)
1  ... 

Histogram: Net.OnTransferSizeUpdated.Experimental.OverridenBy recorded 306 samples, mean = 11.9 (flags = 0x41)
0   O                                                                         (0 = 0.0%)
1   ------------------------------------------------------------------------O (123 = 40.2%) {0.0%}
2   ... 
11  ---------------------------------------------------O                      (87 = 28.4%) {40.2%}
12  -----O                                                                    (8 = 2.6%) {68.6%}
13  ... 
26  -O                                                                        (1 = 0.3%) {71.2%}
27  O                                                                         (0 = 0.0%) {71.6%}
28  ---------------------------------------------------O                      (87 = 28.4%) {71.6%}
29  ... 

Histogram: Net.QuicActiveSessions recorded 31 samples, mean = 0.3 (flags = 0x41)
0  ---------------------------O                                              (27 = 87.1%)
1  -O                                                                        (1 = 3.2%) {87.1%}
2  -O                                                                        (1 = 3.2%) {90.3%}
3  -O                                                                        (1 = 3.2%) {93.5%}
4  -O                                                                        (1 = 3.2%) {96.8%}
5  ... 

Histogram: Net.QuicChromiumClientStream.HandleOnCloseConnectionError recorded 37 samples (flags = 0x41)
0  -------------------------------------O                                    (37 = 100.0%)

Histogram: Net.QuicChromiumClientStream.HandleOnCloseNetError recorded 37 samples (flags = 0x41)
100  -------------------------------------O                                    (37 = 100.0%)

Histogram: Net.QuicChromiumClientStream.HandleOnCloseStreamError recorded 37 samples (flags = 0x41)
0  -------------------------------------O                                    (37 = 100.0%)

Histogram: Net.QuicChromiumClientStream.HeaderDecodingDelay recorded 37 samples, mean = 0.0 (flags = 0x41)
0  -------------------------------------O                                    (37 = 100.0%)
1  ... 

Histogram: Net.QuicChromiumClientStream.HeaderDecodingDelayGoogle recorded 28 samples, mean = 0.0 (flags = 0x41)
0  ----------------------------O                                             (28 = 100.0%)
1  ... 

Histogram: Net.QuicConnection.WritePacketStatus recorded 428 samples, mean = 0.0 (flags = 0x41)
0  ------------------------------------------------------------------------O (428 = 100.0%)
1  ... 

Histogram: Net.QuicCryptoClientConfig.PopulatedFromCanonicalConfig recorded 5 samples, mean = 0.0 (flags = 0x41)
0  -----O                                                                    (5 = 100.0%)
1  ... 

Histogram: Net.QuicDroppedPacketReason recorded 26 samples, mean = 6.0 (flags = 0x41)
0  ... 
6  --------------------------O                                               (26 = 100.0%) {0.0%}
7  O                                                                         (0 = 0.0%) {100.0%}

Histogram: Net.QuicHandshakeState recorded 93 samples, mean = 1.0 (flags = 0x41)
0  -------------------------------O                                          (31 = 33.3%)
1  -------------------------------O                                          (31 = 33.3%) {33.3%}
2  -------------------------------O                                          (31 = 33.3%) {66.7%}
3  ... 

Histogram: Net.QuicHttpStream.ProcessResponseHeaderSuccess recorded 37 samples, mean = 1.0 (flags = 0x41)
0  O                                                                         (0 = 0.0%)
1  -------------------------------------O                                    (37 = 100.0%) {0.0%}
2  O                                                                         (0 = 0.0%) {100.0%}

Histogram: Net.QuicSession.AbortedPendingStreamRequests recorded 31 samples, mean = 0.0 (flags = 0x41)
0  -------------------------------O                                          (31 = 100.0%)
1  ... 

Histogram: Net.QuicSession.AcceptChForOrigin recorded 37 samples, mean = 0.1 (flags = 0x41)
0  -----------------------------------O                                      (35 = 94.6%)
1  --O                                                                       (2 = 5.4%) {94.6%}
2  O                                                                         (0 = 0.0%) {100.0%}

Histogram: Net.QuicSession.AcceptChFrameReceivedViaAlps recorded 28 samples, mean = 1.0 (flags = 0x41)
0  O                                                                         (0 = 0.0%)
1  ----------------------------O                                             (28 = 100.0%) {0.0%}
2  ... 

Histogram: Net.QuicSession.AsyncRead recorded 560 samples, mean = 0.7 (flags = 0x41)
0  -------------------------------------O                                    (190 = 33.9%)
1  ------------------------------------------------------------------------O (370 = 66.1%) {33.9%}
2  O                                                                         (0 = 0.0%) {100.0%}

Histogram: Net.QuicSession.BlockedFrames.Received recorded 31 samples, mean = 0.0 (flags = 0x41)
0  -------------------------------O                                          (31 = 100.0%)
1  ... 

Histogram: Net.QuicSession.BlockedFrames.Sent recorded 31 samples, mean = 0.0 (flags = 0x41)
0  -------------------------------O                                          (31 = 100.0%)
1  ... 

Histogram: Net.QuicSession.CertVerificationResult recorded 31 samples (flags = 0x41)
0  -------------------------------O                                          (31 = 100.0%)

Histogram: Net.QuicSession.ClientSideMtu recorded 31 samples (flags = 0x41)
1250  -------------------------------O                                          (31 = 100.0%)

Histogram: Net.QuicSession.CloseAllSessionsError recorded 3 samples (flags = 0x41)
3  ---O                                                                      (3 = 100.0%)

Histogram: Net.QuicSession.ClosedDuringInitializeSession recorded 31 samples, mean = 0.0 (flags = 0x41)
0  -------------------------------O                                          (31 = 100.0%)
1  ... 

Histogram: Net.QuicSession.CoalesceStreamFrameStatus recorded 308 samples, mean = 0.4 (flags = 0x41)
0  ------------------------------------------------------------------------O (193 = 62.7%)
1  -------------------------------------------O                              (115 = 37.3%) {62.7%}
2  O                                                                         (0 = 0.0%) {100.0%}

Histogram: Net.QuicSession.ConnectRandomPortForHTTPS recorded 31 samples, mean = 0.0 (flags = 0x41)
0  -------------------------------O                                          (31 = 100.0%)
1  ... 

Histogram: Net.QuicSession.ConnectionClose.NumOpenStreams.TimedOut recorded 31 samples, mean = 0.0 (flags = 0x41)
0  -------------------------------O                                          (31 = 100.0%)
1  ... 

Histogram: Net.QuicSession.ConnectionCloseErrorCodeClient recorded 31 samples (flags = 0x41)
25  -------------------------------O                                          (31 = 100.0%)

Histogram: Net.QuicSession.ConnectionCloseErrorCodeClient.HandshakeConfirmed recorded 31 samples (flags = 0x41)
25  -------------------------------O                                          (31 = 100.0%)

Histogram: Net.QuicSession.ConnectionCloseErrorCodeClientGoogle recorded 28 samples (flags = 0x41)
25  ----------------------------O                                             (28 = 100.0%)

Histogram: Net.QuicSession.ConnectionCloseErrorCodeClientGoogle.HandshakeConfirmed recorded 28 samples (flags = 0x41)
25  ----------------------------O                                             (28 = 100.0%)

Histogram: Net.QuicSession.ConnectionDuration recorded 31 samples, mean = 29904.4 (flags = 0x41)
0      ... 
27425  ------------------------------O                                           (30 = 96.8%) {0.0%}
31655  ... 
42174  -O                                                                        (1 = 3.2%) {96.8%}
48679  ... 

Histogram: Net.QuicSession.ConnectionFlowControlBlocked recorded 27 samples, mean = 1.0 (flags = 0x41)
0  O                                                                         (0 = 0.0%)
1  ---------------------------O                                              (27 = 100.0%) {0.0%}
2  O                                                                         (0 = 0.0%) {100.0%}

Histogram: Net.QuicSession.ConnectionIpPooled recorded 31 samples, mean = 0.0 (flags = 0x41)
0  -------------------------------O                                          (31 = 100.0%)
1  ... 

Histogram: Net.QuicSession.ConnectionTypeFromSelf recorded 31 samples, mean = 1.0 (flags = 0x41)
0  O                                                                         (0 = 0.0%)
1  -------------------------------O                                          (31 = 100.0%) {0.0%}
2  O                                                                         (0 = 0.0%) {100.0%}

Histogram: Net.QuicSession.CryptoRetransmitCount.HandshakeConfirmed recorded 31 samples, mean = 0.6 (flags = 0x41)
0  --------------------------O                                               (26 = 83.9%)
1  --O                                                                       (2 = 6.5%) {83.9%}
2  -O                                                                        (1 = 3.2%) {90.3%}
3  ... 
7  --O                                                                       (2 = 6.5%) {93.5%}
8  ... 

Histogram: Net.QuicSession.DuplicatePacketsReceived recorded 31 samples, mean = 0.0 (flags = 0x41)
0  -------------------------------O                                          (31 = 100.0%)
1  ... 

Histogram: Net.QuicSession.EcnMarksObserved recorded 31 samples, mean = 1.0 (flags = 0x41)
0  O                                                                         (0 = 0.0%)
1  -------------------------------O                                          (31 = 100.0%) {0.0%}
2  ... 

Histogram: Net.QuicSession.EncryptionEstablishedTime recorded 31 samples, mean = 84.6 (flags = 0x41)
0    -----------------------O                                                  (23 = 74.2%)
1    -O                                                                        (1 = 3.2%) {74.2%}
2    ... 
57   -O                                                                        (1 = 3.2%) {77.4%}
68   -O                                                                        (1 = 3.2%) {80.6%}
81   ... 
135  -O                                                                        (1 = 3.2%) {83.9%}
160  ... 
449  -O                                                                        (1 = 3.2%) {87.1%}
533  --O                                                                       (2 = 6.5%) {90.3%}
633  -O                                                                        (1 = 3.2%) {96.8%}
752  ... 

Histogram: Net.QuicSession.FinchConfigIsValid recorded 3 samples, mean = 1.0 (flags = 0x41)
0  O                                                                         (0 = 0.0%)
1  ---O                                                                      (3 = 100.0%) {0.0%}
2  O                                                                         (0 = 0.0%) {100.0%}

Histogram: Net.QuicSession.FindMatchingIpSessionResult recorded 63 samples, mean = 2.0 (flags = 0x41)
0  ... 
2  ---------------------------------------------------------------O          (63 = 100.0%) {0.0%}
3  O                                                                         (0 = 0.0%) {100.0%}

Histogram: Net.QuicSession.FindMatchingIpSessionResultGoogle recorded 56 samples, mean = 2.0 (flags = 0x41)
0  ... 
2  --------------------------------------------------------O                 (56 = 100.0%) {0.0%}
3  O                                                                         (0 = 0.0%) {100.0%}

Histogram: Net.QuicSession.HandshakeConfirmedTime recorded 31 samples, mean = 122.6 (flags = 0x41)
0    ... 
40   ---------------O                                                          (15 = 48.4%) {0.0%}
48   ------O                                                                   (6 = 19.4%) {48.4%}
57   --O                                                                       (2 = 6.5%) {67.7%}
68   ---O                                                                      (3 = 9.7%) {74.2%}
81   ... 
135  -O                                                                        (1 = 3.2%) {83.9%}
160  ... 
449  -O                                                                        (1 = 3.2%) {87.1%}
533  --O                                                                       (2 = 6.5%) {90.3%}
633  -O                                                                        (1 = 3.2%) {96.8%}
752  ... 

Histogram: Net.QuicSession.HeaderCompressionRatioQpackReceived recorded 37 samples, mean = 20.4 (flags = 0x41)
0   O                                                                         (0 = 0.0%)
1   -O                                                                        (1 = 2.7%) {0.0%}
2   ... 
5   ---------------------------O                                              (27 = 73.0%) {2.7%}
6   ... 
63  -O                                                                        (1 = 2.7%) {75.7%}
64  ... 
67  -O                                                                        (1 = 2.7%) {78.4%}
68  O                                                                         (0 = 0.0%) {81.1%}
69  ----O                                                                     (4 = 10.8%) {81.1%}
70  --O                                                                       (2 = 5.4%) {91.9%}
71  ... 
74  -O                                                                        (1 = 2.7%) {97.3%}
75  ... 

Histogram: Net.QuicSession.HeaderCompressionRatioQpackSent recorded 37 samples, mean = 69.8 (flags = 0x41)
0   ... 
63  -O                                                                        (1 = 2.7%) {0.0%}
64  ... 
68  -O                                                                        (1 = 2.7%) {2.7%}
69  ---------------------------O                                              (27 = 73.0%) {5.4%}
70  -O                                                                        (1 = 2.7%) {78.4%}
71  O                                                                         (0 = 0.0%) {81.1%}
72  -O                                                                        (1 = 2.7%) {81.1%}
73  -O                                                                        (1 = 2.7%) {83.8%}
74  -O                                                                        (1 = 2.7%) {86.5%}
75  ----O                                                                     (4 = 10.8%) {89.2%}
76  ... 

Histogram: Net.QuicSession.HostResolution.HandshakeConfirmedTime recorded 31 samples, mean = 123.2 (flags = 0x41)
0    ... 
40   ---------------O                                                          (15 = 48.4%) {0.0%}
48   ------O                                                                   (6 = 19.4%) {48.4%}
57   --O                                                                       (2 = 6.5%) {67.7%}
68   ---O                                                                      (3 = 9.7%) {74.2%}
81   ... 
135  -O                                                                        (1 = 3.2%) {83.9%}
160  ... 
449  -O                                                                        (1 = 3.2%) {87.1%}
533  --O                                                                       (2 = 6.5%) {90.3%}
633  -O                                                                        (1 = 3.2%) {96.8%}
752  ... 

Histogram: Net.QuicSession.IncorrectConnectionIDsReceived recorded 31 samples, mean = 0.0 (flags = 0x41)
0  -------------------------------O                                          (31 = 100.0%)
1  ... 

Histogram: Net.QuicSession.InitialRttEsitmateSource recorded 31 samples, mean = 1.0 (flags = 0x41)
0  -O                                                                        (1 = 3.2%)
1  ------------------------------O                                           (30 = 96.8%) {3.2%}
2  ... 

Histogram: Net.QuicSession.KeyUpdate.PerConnection2 recorded 31 samples, mean = 0.0 (flags = 0x41)
0  -------------------------------O                                          (31 = 100.0%)
1  ... 

Histogram: Net.QuicSession.KeyUpdate.PotentialPeerKeyUpdateAttemptCount recorded 31 samples, mean = 0.0 (flags = 0x41)
0  -------------------------------O                                          (31 = 100.0%)
1  ... 

Histogram: Net.QuicSession.MaxConsecutiveRtoWithForwardProgress recorded 31 samples, mean = 0.2 (flags = 0x41)
0  -------------------------O                                                (25 = 80.6%)
1  ------O                                                                   (6 = 19.4%) {80.6%}
2  ... 

Histogram: Net.QuicSession.MinRTT recorded 31 samples, mean = 47.3 (flags = 0x41)
0   ... 
40  ------------------------O                                                 (24 = 77.4%) {0.0%}
48  ---O                                                                      (3 = 9.7%) {77.4%}
57  --O                                                                       (2 = 6.5%) {87.1%}
68  -O                                                                        (1 = 3.2%) {93.5%}
81  O                                                                         (0 = 0.0%) {96.8%}
96  -O                                                                        (1 = 3.2%) {96.8%}
114 ... 

Histogram: Net.QuicSession.MtuProbesSent recorded 31 samples, mean = 0.0 (flags = 0x41)
0  -------------------------------O                                          (31 = 100.0%)
1  ... 

Histogram: Net.QuicSession.NumDefaultPathDegrading recorded 31 samples, mean = 0.0 (flags = 0x41)
0  -------------------------------O                                          (31 = 100.0%)
1  ... 

Histogram: Net.QuicSession.NumMigrations recorded 31 samples, mean = 0.0 (flags = 0x41)
0  -------------------------------O                                          (31 = 100.0%)
1  ... 

Histogram: Net.QuicSession.NumOpenStreams recorded 37 samples, mean = 1.0 (flags = 0x41)
0  O                                                                         (0 = 0.0%)
1  ------------------------------------O                                     (36 = 97.3%) {0.0%}
2  -O                                                                        (1 = 2.7%) {97.3%}
3  ... 

Histogram: Net.QuicSession.NumPingsSent recorded 31 samples, mean = 0.5 (flags = 0x41)
0  --------------------------O                                               (26 = 83.9%)
1  ---O                                                                      (3 = 9.7%) {83.9%}
2  ... 
6  --O                                                                       (2 = 6.5%) {93.5%}
7  ... 

Histogram: Net.QuicSession.NumQueuedPacketsBeforeWrite recorded 542 samples, mean = 0.0 (flags = 0x41)
0  ------------------------------------------------------------------------O (542 = 100.0%)
1  ... 

Histogram: Net.QuicSession.NumTotalStreams recorded 31 samples, mean = 1.2 (flags = 0x41)
0  O                                                                         (0 = 0.0%)
1  ------------------------------O                                           (30 = 96.8%) {0.0%}
2  ... 
7  -O                                                                        (1 = 3.2%) {96.8%}
9  ... 

Histogram: Net.QuicSession.OutOfOrderGapReceived recorded 4 samples, mean = 8.5 (flags = 0x41)
0   O                                                                         (0 = 0.0%)
1   -O                                                                        (1 = 25.0%) {0.0%}
2   ... 
5   -O                                                                        (1 = 25.0%) {25.0%}
7   ... 
12  --O                                                                       (2 = 50.0%) {50.0%}
16  ... 

Histogram: Net.QuicSession.OutOfOrderLargePacketsReceived recorded 31 samples, mean = 0.0 (flags = 0x41)
0  -------------------------------O                                          (31 = 100.0%)
1  ... 

Histogram: Net.QuicSession.OutOfOrderPacketsReceived recorded 31 samples, mean = 0.1 (flags = 0x41)
0  ---------------------------O                                              (27 = 87.1%)
1  ----O                                                                     (4 = 12.9%) {87.1%}
2  ... 

Histogram: Net.QuicSession.PacketGapReceived recorded 19 samples, mean = 2.0 (flags = 0x41)
0  O                                                                         (0 = 0.0%)
1  ---------O                                                                (9 = 47.4%) {0.0%}
2  ---O                                                                      (3 = 15.8%) {47.4%}
3  -----O                                                                    (5 = 26.3%) {63.2%}
4  --O                                                                       (2 = 10.5%) {89.5%}
5  ... 

Histogram: Net.QuicSession.PacketGapReceivedNearPing recorded 15 samples, mean = 2.7 (flags = 0x41)
0  O                                                                         (0 = 0.0%)
1  -------O                                                                  (7 = 46.7%) {0.0%}
2  -O                                                                        (1 = 6.7%) {46.7%}
3  O                                                                         (0 = 0.0%) {53.3%}
4  ----O                                                                     (4 = 26.7%) {53.3%}
5  ---O                                                                      (3 = 20.0%) {80.0%}
7  ... 

Histogram: Net.QuicSession.PacketLossRate_CONNECTION_ETHERNET recorded 4 samples, mean = 81.8 (flags = 0x41)
0    ... 
40   -O                                                                        (1 = 25.0%) {0.0%}
43   ... 
49   -O                                                                        (1 = 25.0%) {25.0%}
53   ... 
110  -O                                                                        (1 = 25.0%) {50.0%}
118  -O                                                                        (1 = 25.0%) {75.0%}
127  ... 

Histogram: Net.QuicSession.PacketWriteTime.Synchronous recorded 425 samples, mean = 0.0 (flags = 0x41)
0  ------------------------------------------------------------------------O (425 = 100.0%)
1  ... 

Histogram: Net.QuicSession.PacketsBeforeEcnTransition recorded 31 samples, mean = 0.0 (flags = 0x41)
0  -------------------------------O                                          (31 = 100.0%)
1  ... 

Histogram: Net.QuicSession.PreferAesGcm recorded 1 samples, mean = 1.0 (flags = 0x41)
0  O                                                                         (0 = 0.0%)
1  -O                                                                        (1 = 100.0%) {0.0%}
2  O                                                                         (0 = 0.0%) {100.0%}

Histogram: Net.QuicSession.Qpack.HeaderListCountWhenBlockedStreamLimited recorded 9 samples, mean = 3.3 (flags = 0x41)
0  O                                                                         (0 = 0.0%)
1  ---O                                                                      (3 = 33.3%) {0.0%}
2  -O                                                                        (1 = 11.1%) {33.3%}
3  -O                                                                        (1 = 11.1%) {44.4%}
4  -O                                                                        (1 = 11.1%) {55.6%}
5  -O                                                                        (1 = 11.1%) {66.7%}
6  -O                                                                        (1 = 11.1%) {77.8%}
7  -O                                                                        (1 = 11.1%) {88.9%}
8  ... 

Histogram: Net.QuicSession.Qpack.HeaderListCountWhenInsertionNotBlocked recorded 37 samples, mean = 1.6 (flags = 0x41)
0  O                                                                         (0 = 0.0%)
1  -------------------------------O                                          (31 = 83.8%) {0.0%}
2  -O                                                                        (1 = 2.7%) {83.8%}
3  -O                                                                        (1 = 2.7%) {86.5%}
4  -O                                                                        (1 = 2.7%) {89.2%}
5  -O                                                                        (1 = 2.7%) {91.9%}
6  -O                                                                        (1 = 2.7%) {94.6%}
7  -O                                                                        (1 = 2.7%) {97.3%}
8  ... 

Histogram: Net.QuicSession.Qpack.HeaderListCountWhenNotBlockedStreamLimited recorded 28 samples, mean = 1.0 (flags = 0x41)
0  O                                                                         (0 = 0.0%)
1  ----------------------------O                                             (28 = 100.0%) {0.0%}
2  ... 

Histogram: Net.QuicSession.QuicVersion recorded 31 samples (flags = 0x41)
80  -------------------------------O                                          (31 = 100.0%)

Histogram: Net.QuicSession.ReceivedSettings.BlockedStreams recorded 28 samples, mean = 100.0 (flags = 0x41)
0   ... 
95  ----------------------------O                                             (28 = 100.0%) {0.0%}
107 ... 

Histogram: Net.QuicSession.ReceivedSettings.CountPlusOne recorded 31 samples, mean = 6.6 (flags = 0x41)
0  ... 
3  ---O                                                                      (3 = 9.7%) {0.0%}
4  ... 
7  ----------------------------O                                             (28 = 90.3%) {9.7%}
8  ... 

Histogram: Net.QuicSession.ReceivedSettings.MaxHeaderListSize2 recorded 31 samples, mean = 71878.2 (flags = 0x41)
0       ... 
63662   ----------------------------O                                             (28 = 90.3%) {0.0%}
83848   O                                                                         (0 = 0.0%) {90.3%}
110434  ---O                                                                      (3 = 9.7%) {90.3%}
145450  ... 

Histogram: Net.QuicSession.ReceivedSettings.MaxTableCapacity2 recorded 28 samples, mean = 65536.0 (flags = 0x41)
0      ... 
63662  ----------------------------O                                             (28 = 100.0%) {0.0%}
83848  ... 

Histogram: Net.QuicSession.ReceivedSettings.ReservedCountPlusOne recorded 31 samples, mean = 2.0 (flags = 0x41)
0  ... 
2  -------------------------------O                                          (31 = 100.0%) {0.0%}
3  ... 

Histogram: Net.QuicSession.RstStreamErrorCodeServer recorded 3 samples (flags = 0x41)
20  ---O                                                                      (3 = 100.0%)

Histogram: Net.QuicSession.SendPacketSize.0RTT recorded 26 samples, mean = 79.7 (flags = 0x41)
0   ... 
68  --O                                                                       (2 = 7.7%) {0.0%}
77  ------------------------O                                                 (24 = 92.3%) {7.7%}
87  ... 

Histogram: Net.QuicSession.SendPacketSize.ForwardSecure recorded 268 samples, mean = 291.2 (flags = 0x41)
0     ... 
28    ------------------------------------------------O                         (48 = 17.9%) {0.0%}
32    ---------------O                                                          (15 = 5.6%) {17.9%}
36    --------------------------------O                                         (32 = 11.9%) {23.5%}
41    --------------------------------------------------------------O           (62 = 23.1%) {35.4%}
47    ------------------------O                                                 (24 = 9.0%) {58.6%}
53    ... 
68    --O                                                                       (2 = 0.7%) {67.5%}
77    ---O                                                                      (3 = 1.1%) {68.3%}
87    ... 
128   -O                                                                        (1 = 0.4%) {69.4%}
145   ... 
276   ---------------------------O                                              (27 = 10.1%) {69.8%}
314   ... 
406   -O                                                                        (1 = 0.4%) {79.9%}
461   -O                                                                        (1 = 0.4%) {80.2%}
524   -O                                                                        (1 = 0.4%) {80.6%}
595   O                                                                         (0 = 0.0%) {81.0%}
676   -O                                                                        (1 = 0.4%) {81.0%}
768   -O                                                                        (1 = 0.4%) {81.3%}
872   ---O                                                                      (3 = 1.1%) {81.7%}
991   ----O                                                                     (4 = 1.5%) {82.8%}
1126  ------------------------------------------O                               (42 = 15.7%) {84.3%}
1279  ... 

Histogram: Net.QuicSession.SendPacketSize.Handshake recorded 44 samples, mean = 68.4 (flags = 0x41)
0   ... 
36  -----O                                                                    (5 = 11.4%) {0.0%}
41  ----O                                                                     (4 = 9.1%) {11.4%}
47  ----O                                                                     (4 = 9.1%) {20.5%}
53  ... 
68  --O                                                                       (2 = 4.5%) {29.5%}
77  -----------------------------O                                            (29 = 65.9%) {34.1%}
87  ... 

Histogram: Net.QuicSession.SendPacketSize.Initial recorded 90 samples, mean = 861.4 (flags = 0x41)
0     ... 
41    -O                                                                        (1 = 1.1%) {0.0%}
47    ---O                                                                      (3 = 3.3%) {1.1%}
53    ... 
99    --------------O                                                           (14 = 15.6%) {4.4%}
113   ----O                                                                     (4 = 4.4%) {20.0%}
128   O                                                                         (0 = 0.0%) {24.4%}
145   ----O                                                                     (4 = 4.4%) {24.4%}
165   -O                                                                        (1 = 1.1%) {28.9%}
188   ... 
524   -----O                                                                    (5 = 5.6%) {30.0%}
595   ... 
1126  ----------------------------------------------------------O               (58 = 64.4%) {35.6%}
1279  ... 

Histogram: Net.QuicSession.ServerSideMtu recorded 31 samples (flags = 0x41)
1200  ---O                                                                      (3 = 9.7%)
1250  ----------------------------O                                             (28 = 90.3%)

Histogram: Net.QuicSession.SmoothedRTT recorded 31 samples, mean = 57.7 (flags = 0x41)
0    ... 
40   -------------O                                                            (13 = 41.9%) {0.0%}
48   -------------O                                                            (13 = 41.9%) {41.9%}
57   -O                                                                        (1 = 3.2%) {83.9%}
68   -O                                                                        (1 = 3.2%) {87.1%}
81   O                                                                         (0 = 0.0%) {90.3%}
96   -O                                                                        (1 = 3.2%) {90.3%}
114  O                                                                         (0 = 0.0%) {93.5%}
135  -O                                                                        (1 = 3.2%) {93.5%}
160  -O                                                                        (1 = 3.2%) {96.8%}
190  ... 

Histogram: Net.QuicSession.StopSendingErrorCodeClient recorded 3 samples (flags = 0x41)
20  ---O                                                                      (3 = 100.0%)

Histogram: Net.QuicSession.StreamFlowControlBlocked recorded 27 samples, mean = 1.0 (flags = 0x41)
0  O                                                                         (0 = 0.0%)
1  ---------------------------O                                              (27 = 100.0%) {0.0%}
2  O                                                                         (0 = 0.0%) {100.0%}

Histogram: Net.QuicSession.StreamFrameDuplicatedShortConnection recorded 31 samples, mean = 0.0 (flags = 0x41)
0  -------------------------------O                                          (31 = 100.0%)
1  ... 

Histogram: Net.QuicSession.TimeFromResolveHostToConfirmConnection recorded 31 samples, mean = 125.4 (flags = 0x41)
0    ... 
8    -O                                                                        (1 = 3.2%) {0.0%}
10   -O                                                                        (1 = 3.2%) {3.2%}
12   -O                                                                        (1 = 3.2%) {6.5%}
14   ----O                                                                     (4 = 12.9%) {9.7%}
17   ---O                                                                      (3 = 9.7%) {22.6%}
20   -O                                                                        (1 = 3.2%) {32.3%}
24   ... 
48   ------------O                                                             (12 = 38.7%) {35.5%}
57   -O                                                                        (1 = 3.2%) {74.2%}
68   -O                                                                        (1 = 3.2%) {77.4%}
81   ... 
135  -O                                                                        (1 = 3.2%) {80.6%}
160  O                                                                         (0 = 0.0%) {83.9%}
190  -O                                                                        (1 = 3.2%) {83.9%}
226  ... 
633  ----O                                                                     (4 = 12.9%) {87.1%}
752  ... 

Histogram: Net.QuicSession.TooManyOpenStreams recorded 37 samples, mean = 0.0 (flags = 0x41)
0  -------------------------------------O                                    (37 = 100.0%)
1  ... 

Histogram: Net.QuicSession.TooSmallInitialSentPacket recorded 37 samples, mean = 883.5 (flags = 0x41)
0     O                                                                         (0 = 0.0%)
1     ---O                                                                      (3 = 8.1%) {0.0%}
2     -O                                                                        (1 = 2.7%) {8.1%}
3     O                                                                         (0 = 0.0%) {10.8%}
4     -O                                                                        (1 = 2.7%) {10.8%}
5     ... 
646   -----O                                                                    (5 = 13.5%) {13.5%}
731   ... 
936   -----O                                                                    (5 = 13.5%) {27.0%}
1060  ----------------------O                                                   (22 = 59.5%) {40.5%}
1200  O                                                                         (0 = 0.0%) {100.0%}

Histogram: Net.QuicSession.UndecryptablePacketsReceived recorded 31 samples, mean = 0.8 (flags = 0x41)
0  ---------------------------O                                              (27 = 87.1%)
1  ... 
3  -O                                                                        (1 = 3.2%) {87.1%}
4  O                                                                         (0 = 0.0%) {90.3%}
5  -O                                                                        (1 = 3.2%) {90.3%}
7  O                                                                         (0 = 0.0%) {93.5%}
9  --O                                                                       (2 = 6.5%) {93.5%}
12 ... 

Histogram: Net.QuicSession.UndecryptablePacketsReceivedWithDecrypter recorded 31 samples, mean = 0.0 (flags = 0x41)
0  -------------------------------O                                          (31 = 100.0%)
1  ... 

Histogram: Net.QuicSession.ValidConnectionTime recorded 24 samples, mean = 0.9 (flags = 0x41)
0  ---O                                                                      (3 = 12.5%)
1  ---------------------O                                                    (21 = 87.5%) {12.5%}
2  ... 

Histogram: Net.QuicSession.VerifyProofTime recorded 31 samples, mean = 66.7 (flags = 0x41)
0    -------------------------O                                                (25 = 80.6%)
1    ... 
14   -O                                                                        (1 = 3.2%) {80.6%}
17   ... 
96   -O                                                                        (1 = 3.2%) {83.9%}
114  ... 
318  --O                                                                       (2 = 6.5%) {87.1%}
378  ... 
533  --O                                                                       (2 = 6.5%) {93.5%}
633  ... 

Histogram: Net.QuicSession.ZeroRttReason recorded 31 samples, mean = 2.5 (flags = 0x41)
0  ... 
2  --------------------------O                                               (26 = 83.9%) {0.0%}
3  ... 
5  -----O                                                                    (5 = 16.1%) {83.9%}
6  ... 

Histogram: Net.QuicSession.ZeroRttReasonGoogle recorded 28 samples, mean = 2.2 (flags = 0x41)
0  ... 
2  --------------------------O                                               (26 = 92.9%) {0.0%}
3  ... 
5  --O                                                                       (2 = 7.1%) {92.9%}
6  ... 

Histogram: Net.QuicSession.ZeroRttReasonNonGoogle recorded 3 samples, mean = 5.0 (flags = 0x41)
0  ... 
5  ---O                                                                      (3 = 100.0%) {0.0%}
6  ... 

Histogram: Net.QuicSession.ZeroRttState recorded 31 samples, mean = 0.3 (flags = 0x41)
0  --------------------------O                                               (26 = 83.9%)
1  O                                                                         (0 = 0.0%) {83.9%}
2  -----O                                                                    (5 = 16.1%) {83.9%}
3  O                                                                         (0 = 0.0%) {100.0%}

Histogram: Net.RestrictedCookieManager.GetCookiesString.Count30Seconds recorded 148 samples, mean = 0.0 (flags = 0x41)
0  ------------------------------------------------------------------------O (147 = 99.3%)
1  O                                                                         (0 = 0.0%) {99.3%}
2  O                                                                         (1 = 0.7%) {99.3%}
3  ... 

Histogram: Net.RestrictedCookieManager.SiteForCookiesOK recorded 2 samples, mean = 1.0 (flags = 0x41)
0  O                                                                         (0 = 0.0%)
1  --O                                                                       (2 = 100.0%) {0.0%}
2  O                                                                         (0 = 0.0%) {100.0%}

Histogram: Net.RestrictedCookieManager.TopFrameOriginOK recorded 2 samples, mean = 1.0 (flags = 0x41)
0  O                                                                         (0 = 0.0%)
1  --O                                                                       (2 = 100.0%) {0.0%}
2  O                                                                         (0 = 0.0%) {100.0%}

Histogram: Net.SSLHandshakeDetails recorded 15 samples, mean = 6.1 (flags = 0x41)
0  ... 
6  -------------O                                                            (13 = 86.7%) {0.0%}
7  --O                                                                       (2 = 13.3%) {86.7%}
8  ... 

Histogram: Net.SSLNegotiatedAlpnProtocol recorded 15 samples, mean = 2.0 (flags = 0x41)
0  ... 
2  ---------------O                                                          (15 = 100.0%) {0.0%}
3  ... 

Histogram: Net.SSLRenegotiationInfoSupported recorded 15 samples, mean = 1.0 (flags = 0x41)
0  O                                                                         (0 = 0.0%)
1  ---------------O                                                          (15 = 100.0%) {0.0%}
2  O                                                                         (0 = 0.0%) {100.0%}

Histogram: Net.SSLSignatureAlgorithm recorded 15 samples (flags = 0x41)
1027  ----------O                                                               (10 = 66.7%)
2052  -----O                                                                    (5 = 33.3%)

Histogram: Net.SSLVersion recorded 15 samples, mean = 6.0 (flags = 0x41)
0  ... 
6  ---------------O                                                          (15 = 100.0%) {0.0%}
7  ... 

Histogram: Net.SSL_CipherSuite recorded 15 samples (flags = 0x41)
4865  -----------O                                                              (11 = 73.3%)
4866  ----O                                                                     (4 = 26.7%)

Histogram: Net.SSL_Connection_Error recorded 15 samples (flags = 0x41)
0  ---------------O                                                          (15 = 100.0%)

Histogram: Net.SSL_Connection_Latency_2 recorded 15 samples, mean = 401.5 (flags = 0x41)
0     ... 
46    --O                                                                       (2 = 13.3%) {0.0%}
51    ... 
101   -O                                                                        (1 = 6.7%) {13.3%}
111   ... 
149   -O                                                                        (1 = 6.7%) {20.0%}
164   ... 
200   -O                                                                        (1 = 6.7%) {26.7%}
221   -O                                                                        (1 = 6.7%) {33.3%}
244   -O                                                                        (1 = 6.7%) {40.0%}
269   O                                                                         (0 = 0.0%) {46.7%}
297   -O                                                                        (1 = 6.7%) {46.7%}
328   O                                                                         (0 = 0.0%) {53.3%}
362   -O                                                                        (1 = 6.7%) {53.3%}
399   ... 
485   ---O                                                                      (3 = 20.0%) {60.0%}
535   O                                                                         (0 = 0.0%) {80.0%}
590   -O                                                                        (1 = 6.7%) {80.0%}
651   O                                                                         (0 = 0.0%) {86.7%}
718   -O                                                                        (1 = 6.7%) {86.7%}
792   ... 
1295  -O                                                                        (1 = 6.7%) {93.3%}
1429  ... 

Histogram: Net.SSL_KeyExchange.ECDHE recorded 15 samples (flags = 0x41)
29     -------------O                                                            (13 = 86.7%)
25497  --O                                                                       (2 = 13.3%)

Histogram: Net.SharedDictionaryStorageOnDisk.IsMetadataReadyOnFirstUse recorded 1 samples, mean = 1.0 (flags = 0x41)
0  O                                                                         (0 = 0.0%)
1  -O                                                                        (1 = 100.0%) {0.0%}
2  O                                                                         (0 = 0.0%) {100.0%}

Histogram: Net.SharedDictionaryStorageOnDisk.MetadataReadTime.Empty recorded 1 samples, mean = 1.0 (flags = 0x41)
0  O                                                                         (0 = 0.0%)
1  -O                                                                        (1 = 100.0%) {0.0%}
2  ... 

Histogram: Net.SharedDictionaryStore.DeleteExpiredDictionaries.Error recorded 2 samples, mean = 0.0 (flags = 0x41)
0  --O                                                                       (2 = 100.0%)
1  ... 

Histogram: Net.SharedDictionaryStore.GetDictionaries.Error recorded 1 samples, mean = 0.0 (flags = 0x41)
0  -O                                                                        (1 = 100.0%)
1  ... 

Histogram: Net.SharedDictionaryStore.ProcessEviction.Error recorded 1 samples, mean = 0.0 (flags = 0x41)
0  -O                                                                        (1 = 100.0%)
1  ... 

Histogram: Net.SpdyHeadersCompressionPercentage recorded 39 samples, mean = 86.5 (flags = 0x41)
0   ... 
32  -O                                                                        (1 = 2.6%) {0.0%}
33  O                                                                         (0 = 0.0%) {2.6%}
34  -O                                                                        (1 = 2.6%) {2.6%}
35  ... 
40  -O                                                                        (1 = 2.6%) {5.1%}
41  --O                                                                       (2 = 5.1%) {7.7%}
42  ... 
79  -O                                                                        (1 = 2.6%) {12.8%}
80  ... 
84  --O                                                                       (2 = 5.1%) {15.4%}
85  ... 
92  ---O                                                                      (3 = 7.7%) {20.5%}
93  -O                                                                        (1 = 2.6%) {28.2%}
94  --O                                                                       (2 = 5.1%) {30.8%}
95  -------------------O                                                      (19 = 48.7%) {35.9%}
96  ------O                                                                   (6 = 15.4%) {84.6%}
97  ... 

Histogram: Net.SpdyResponseCode recorded 39 samples (flags = 0x41)
200  ------------------------------------O                                     (36 = 92.3%)
204  -O                                                                        (1 = 2.6%)
302  -O                                                                        (1 = 2.6%)
304  -O                                                                        (1 = 2.6%)

Histogram: Net.SpdySession.AcceptChForOrigin recorded 39 samples, mean = 0.0 (flags = 0x41)
0  ---------------------------------------O                                  (39 = 100.0%)
1  ... 

Histogram: Net.SpdySession.ClosedOnError recorded 5 samples (flags = 0x41)
0  -----O                                                                    (5 = 100.0%)

Histogram: Net.SpdySession.CreateStreamWithSocketConnected recorded 39 samples, mean = 1.0 (flags = 0x41)
0  O                                                                         (0 = 0.0%)
1  ---------------------------------------O                                  (39 = 100.0%) {0.0%}
2  O                                                                         (0 = 0.0%) {100.0%}

Histogram: Net.SpdySession.GoAwayReceived recorded 5 samples (flags = 0x41)
0  -----O                                                                    (5 = 100.0%)

Histogram: Net.SpdySession.OnSettings.ActiveStreamCount2 recorded 5 samples, mean = 6.2 (flags = 0x41)
0   O                                                                         (0 = 0.0%)
1   ----O                                                                     (4 = 80.0%) {0.0%}
2   ... 
26  -O                                                                        (1 = 20.0%) {80.0%}
29  ... 

Histogram: Net.SpdySession.OnSettings.CreatedAndActiveStreamCount2 recorded 5 samples, mean = 6.2 (flags = 0x41)
0   O                                                                         (0 = 0.0%)
1   ----O                                                                     (4 = 80.0%) {0.0%}
2   ... 
26  -O                                                                        (1 = 20.0%) {80.0%}
29  ... 

Histogram: Net.SpdySession.OnSettings.CreatedStreamCount2 recorded 5 samples, mean = 0.0 (flags = 0x41)
0  -----O                                                                    (5 = 100.0%)
1  ... 

Histogram: Net.SpdySession.OnSettings.PendingStreamCount2 recorded 5 samples, mean = 0.0 (flags = 0x41)
0  -----O                                                                    (5 = 100.0%)
1  ... 

Histogram: Net.SpdySession.ServerSupportsWebSocket recorded 5 samples, mean = 0.0 (flags = 0x41)
0  -----O                                                                    (5 = 100.0%)
1  ... 

Histogram: Net.SpdySessionGet recorded 13 samples, mean = 1.8 (flags = 0x41)
0  O                                                                         (0 = 0.0%)
1  --------O                                                                 (8 = 61.5%) {0.0%}
2  O                                                                         (0 = 0.0%) {61.5%}
3  -----O                                                                    (5 = 38.5%) {61.5%}
4  O                                                                         (0 = 0.0%) {100.0%}

Histogram: Net.SpdyStreamsAbandonedPerSession recorded 5 samples, mean = 0.0 (flags = 0x41)
0  -----O                                                                    (5 = 100.0%)
1  ... 

Histogram: Net.SpdyStreamsPerSession recorded 5 samples, mean = 7.8 (flags = 0x41)
0   O                                                                         (0 = 0.0%)
1   --O                                                                       (2 = 40.0%) {0.0%}
2   -O                                                                        (1 = 20.0%) {40.0%}
3   ... 
5   -O                                                                        (1 = 20.0%) {60.0%}
6   ... 
30  -O                                                                        (1 = 20.0%) {80.0%}
33  ... 

Histogram: Net.TCP_Connection_Latency recorded 15 samples, mean = 102.2 (flags = 0x41)
0    ... 
42   -------O                                                                  (7 = 46.7%) {0.0%}
48   --O                                                                       (2 = 13.3%) {46.7%}
54   ... 
69   -O                                                                        (1 = 6.7%) {60.0%}
78   O                                                                         (0 = 0.0%) {66.7%}
88   -O                                                                        (1 = 6.7%) {66.7%}
100  O                                                                         (0 = 0.0%) {73.3%}
113  -O                                                                        (1 = 6.7%) {73.3%}
128  ... 
186  -O                                                                        (1 = 6.7%) {80.0%}
211  -O                                                                        (1 = 6.7%) {86.7%}
239  ... 
394  -O                                                                        (1 = 6.7%) {93.3%}
446  ... 

Histogram: Net.TcpConnectAttempt.Latency.Success recorded 15 samples, mean = 102.0 (flags = 0x41)
0    ... 
41   --------O                                                                 (8 = 53.3%) {0.0%}
50   -O                                                                        (1 = 6.7%) {53.3%}
61   -O                                                                        (1 = 6.7%) {60.0%}
75   O                                                                         (0 = 0.0%) {66.7%}
92   -O                                                                        (1 = 6.7%) {66.7%}
113  -O                                                                        (1 = 6.7%) {73.3%}
139  O                                                                         (0 = 0.0%) {80.0%}
171  -O                                                                        (1 = 6.7%) {80.0%}
210  -O                                                                        (1 = 6.7%) {86.7%}
258  ... 
389  -O                                                                        (1 = 6.7%) {93.3%}
477  ... 

Histogram: Net.UDPSocketWinClose recorded 176 samples, mean = 0.0 (flags = 0x41)
0  ------------------------------------------------------------------------O (176 = 100.0%)
1  ... 

Histogram: Net.URLLoaderThrottle.OnReceiveResponseTime recorded 47 samples, mean = 0.2 (flags = 0x41)
0  ----------------------------------------------O                           (46 = 97.9%)
1  ... 
8  -O                                                                        (1 = 2.1%) {97.9%}
10 ... 

Histogram: Net.URLLoaderThrottleExecutionTime.BeforeWillProcessResponse recorded 238 samples, mean = 0.0 (flags = 0x41)
0  ------------------------------------------------------------------------O (238 = 100.0%)
1  ... 

Histogram: Net.URLLoaderThrottleExecutionTime.WillOnCompleteWithError recorded 20 samples, mean = 0.0 (flags = 0x41)
0  --------------------O                                                     (20 = 100.0%)
1  ... 

Histogram: Net.URLLoaderThrottleExecutionTime.WillProcessResponse recorded 238 samples, mean = 0.0 (flags = 0x41)
0  ------------------------------------------------------------------------O (238 = 100.0%)
1  ... 

Histogram: Net.URLLoaderThrottleExecutionTime.WillRedirectRequest recorded 21 samples, mean = 0.0 (flags = 0x41)
0  ---------------------O                                                    (21 = 100.0%)
1  ... 

Histogram: Net.URLLoaderThrottleExecutionTime.WillStartRequest recorded 258 samples, mean = 0.0 (flags = 0x41)
0  ------------------------------------------------------------------------O (258 = 100.0%)
1  ... 

Histogram: Net.URLRequest.ReferrerHasInformativePath.CrossOrigin recorded 70 samples, mean = 0.0 (flags = 0x41)
0  ----------------------------------------------------------------------O   (70 = 100.0%)
1  ... 

Histogram: Net.URLRequest.ReferrerHasInformativePath.SameOrigin recorded 12 samples, mean = 1.0 (flags = 0x41)
0  O                                                                         (0 = 0.0%)
1  ------------O                                                             (12 = 100.0%) {0.0%}
2  O                                                                         (0 = 0.0%) {100.0%}

Histogram: Net.URLRequest.ReferrerPolicyForRequest.CrossOrigin recorded 70 samples, mean = 1.8 (flags = 0x41)
0  O                                                                         (0 = 0.0%)
1  ------------------------------------------O                               (42 = 60.0%) {0.0%}
2  O                                                                         (0 = 0.0%) {60.0%}
3  ----------------------------O                                             (28 = 40.0%) {60.0%}
4  ... 

Histogram: Net.URLRequest.ReferrerPolicyForRequest.SameOrigin recorded 12 samples, mean = 1.0 (flags = 0x41)
0  O                                                                         (0 = 0.0%)
1  ------------O                                                             (12 = 100.0%) {0.0%}
2  ... 

Histogram: Network.Mdns.Googlecast recorded 3 samples, mean = 0.0 (flags = 0x41)
0  ---O                                                                      (3 = 100.0%)
1  ... 

Histogram: NetworkService.DeletedOldCacheData recorded 1 samples, mean = 0.0 (flags = 0x41)
0  -O                                                                        (1 = 100.0%)
1  ... 

Histogram: NetworkService.GrantSandboxResult recorded 3 samples, mean = 9.0 (flags = 0x41)
0   ... 
7   -O                                                                        (1 = 33.3%) {0.0%}
8   ... 
10  --O                                                                       (2 = 66.7%) {33.3%}
11  ... 

Histogram: NetworkService.NetworkLoaderCompletionTime2.DiskCache recorded 2 samples, mean = 2182.5 (flags = 0x41)
0     ... 
1500  -O                                                                        (1 = 50.0%) {0.0%}
1782  ... 
2516  -O                                                                        (1 = 50.0%) {50.0%}
2990  ... 

Histogram: NetworkService.NetworkLoaderCompletionTime2.Network recorded 73 samples, mean = 912.9 (flags = 0x41)
0     ... 
68    -O                                                                        (1 = 1.4%) {0.0%}
81    --O                                                                       (2 = 2.7%) {1.4%}
96    ... 
135   -O                                                                        (1 = 1.4%) {4.1%}
160   O                                                                         (0 = 0.0%) {5.5%}
190   -O                                                                        (1 = 1.4%) {5.5%}
226   -O                                                                        (1 = 1.4%) {6.8%}
268   O                                                                         (0 = 0.0%) {8.2%}
318   --------O                                                                 (8 = 11.0%) {8.2%}
378   ------O                                                                   (6 = 8.2%) {19.2%}
449   -------------O                                                            (13 = 17.8%) {27.4%}
533   --------O                                                                 (8 = 11.0%) {45.2%}
633   --O                                                                       (2 = 2.7%) {56.2%}
752   ------O                                                                   (6 = 8.2%) {58.9%}
894   ---O                                                                      (3 = 4.1%) {67.1%}
1062  ----O                                                                     (4 = 5.5%) {71.2%}
1262  O                                                                         (0 = 0.0%) {76.7%}
1500  ---O                                                                      (3 = 4.1%) {76.7%}
1782  --------O                                                                 (8 = 11.0%) {80.8%}
2117  ----O                                                                     (4 = 5.5%) {91.8%}
2516  --O                                                                       (2 = 2.7%) {97.3%}
2990  ... 

Histogram: NetworkService.TimeToGrantCacheAccess recorded 1 samples, mean = 106.0 (flags = 0x41)
0   ... 
96  -O                                                                        (1 = 100.0%) {0.0%}
114 ... 

Histogram: NetworkService.TimeToGrantDataAccess recorded 2 samples, mean = 22.5 (flags = 0x41)
0   O                                                                         (0 = 0.0%)
1   -O                                                                        (1 = 50.0%) {0.0%}
2   ... 
40  -O                                                                        (1 = 50.0%) {50.0%}
48  ... 

Histogram: NetworkService.TimeToGrantSharedDictionaryAccess recorded 1 samples, mean = 49.0 (flags = 0x41)
0   ... 
48  -O                                                                        (1 = 100.0%) {0.0%}
57  ... 

Histogram: NetworkedProfile.Check recorded 1 samples, mean = 4.0 (flags = 0x41)
0  ... 
4  -O                                                                        (1 = 100.0%) {0.0%}
5  ... 

Histogram: NewTabPage.MostVisited.DeciScore.0.Local recorded 1 samples, mean = 145.0 (flags = 0x41)
0    ... 
113  -O                                                                        (1 = 100.0%) {0.0%}
149  ... 

Histogram: NewTabPage.MostVisited.DeciScore.1.Local recorded 1 samples, mean = 145.0 (flags = 0x41)
0    ... 
113  -O                                                                        (1 = 100.0%) {0.0%}
149  ... 

Histogram: Notifications.UsingSystemNotificationCenter recorded 1 samples, mean = 0.0 (flags = 0x41)
0  -O                                                                        (1 = 100.0%)
1  ... 

Histogram: Notifications.Windows.GetDisplayedStatus recorded 1 samples, mean = 0.0 (flags = 0x41)
0  -O                                                                        (1 = 100.0%)
1  ... 

Histogram: Notifications.Windows.GetSettingStatusStartup recorded 1 samples, mean = 1.0 (flags = 0x41)
0  O                                                                         (0 = 0.0%)
1  -O                                                                        (1 = 100.0%) {0.0%}
2  O                                                                         (0 = 0.0%) {100.0%}

Histogram: Notifications.Windows.HistoryStatus recorded 1 samples, mean = 0.0 (flags = 0x41)
0  -O                                                                        (1 = 100.0%)
1  ... 

Histogram: Notifications.Windows.SetReadyCallbackStatus2 recorded 1 samples, mean = 3.0 (flags = 0x41)
0  ... 
3  -O                                                                        (1 = 100.0%) {0.0%}
4  ... 

Histogram: Notifications.Windows.StartMenuShortcutStatus recorded 1 samples, mean = 2.0 (flags = 0x41)
0  ... 
2  -O                                                                        (1 = 100.0%) {0.0%}
3  ... 

Histogram: OSCrypt.AppBoundEncryption.SupportLevel recorded 1 samples, mean = 4.0 (flags = 0x41)
0  ... 
4  -O                                                                        (1 = 100.0%) {0.0%}
5  ... 

Histogram: OSCrypt.AppBoundProvider.KeyRetrieval.Status recorded 1 samples, mean = 1.0 (flags = 0x41)
0  O                                                                         (0 = 0.0%)
1  -O                                                                        (1 = 100.0%) {0.0%}
2  ... 

Histogram: OSCrypt.AsyncInitialization.Result recorded 1 samples, mean = 1.0 (flags = 0x41)
0  O                                                                         (0 = 0.0%)
1  -O                                                                        (1 = 100.0%) {0.0%}
2  O                                                                         (0 = 0.0%) {100.0%}

Histogram: OSCrypt.AsyncInitialization.Time recorded 1 samples, mean = 0.0 (flags = 0x41)
0  -O                                                                        (1 = 100.0%)
1  ... 

Histogram: OSCrypt.DPAPIProvider.Status recorded 1 samples, mean = 0.0 (flags = 0x41)
0  -O                                                                        (1 = 100.0%)
1  ... 

Histogram: OSCrypt.Win.Decrypt.Result recorded 1 samples, mean = 1.0 (flags = 0x41)
0  O                                                                         (0 = 0.0%)
1  -O                                                                        (1 = 100.0%) {0.0%}
2  O                                                                         (0 = 0.0%) {100.0%}

Histogram: OSCrypt.Win.Decrypt.Time recorded 1 samples, mean = 0.0 (flags = 0x41)
0  -O                                                                        (1 = 100.0%)
1  ... 

Histogram: Omnibox.TemplateUrl.RlzPresent recorded 85 samples, mean = 0.0 (flags = 0x41)
0  ------------------------------------------------------------------------O (85 = 100.0%)
1  ... 

Histogram: Omnibox.TemplateUrl.SearchClientPresent recorded 85 samples, mean = 0.0 (flags = 0x41)
0  ------------------------------------------------------------------------O (85 = 100.0%)
1  ... 

Histogram: OptimizationGuide.ApplyDecision.AboutThisSite recorded 1 samples, mean = 8.0 (flags = 0x41)
0  ... 
8  -O                                                                        (1 = 100.0%) {0.0%}
9  ... 

Histogram: OptimizationGuide.ApplyDecision.HistoryClusters recorded 4 samples, mean = 8.0 (flags = 0x41)
0  ... 
8  ----O                                                                     (4 = 100.0%) {0.0%}
9  ... 

Histogram: OptimizationGuide.ApplyDecision.V8CompileHints recorded 1 samples, mean = 8.0 (flags = 0x41)
0  ... 
8  -O                                                                        (1 = 100.0%) {0.0%}
9  ... 

Histogram: OptimizationGuide.HintCacheLevelDBStore.LoadMetadataResult recorded 1 samples, mean = 6.0 (flags = 0x41)
0  ... 
6  -O                                                                        (1 = 100.0%) {0.0%}
7  O                                                                         (0 = 0.0%) {100.0%}

Histogram: OptimizationGuide.HintCacheLevelDBStore.Status recorded 3 samples, mean = 1.0 (flags = 0x41)
0  -O                                                                        (1 = 33.3%)
1  -O                                                                        (1 = 33.3%) {33.3%}
2  -O                                                                        (1 = 33.3%) {66.7%}
3  ... 

Histogram: OptimizationGuide.HintsManager.HintCacheInitialized recorded 1 samples, mean = 1.0 (flags = 0x40)
0  O                                                                         (0 = 0.0%)
1  -O                                                                        (1 = 100.0%) {0.0%}
2  O                                                                         (0 = 0.0%) {100.0%}

Histogram: OptimizationGuide.LoadedHint.Result recorded 4 samples, mean = 0.0 (flags = 0x40)
0  ----O                                                                     (4 = 100.0%)
1  ... 

Histogram: OptimizationGuide.ModelExecution.FeatureCurrentlyEnabledResult.Compose recorded 1 samples, mean = 1.0 (flags = 0x41)
0  O                                                                         (0 = 0.0%)
1  -O                                                                        (1 = 100.0%) {0.0%}
2  ... 

Histogram: OptimizationGuide.ModelExecution.FeatureCurrentlyEnabledResult.HistorySearch recorded 2 samples, mean = 3.0 (flags = 0x41)
0  ... 
3  --O                                                                       (2 = 100.0%) {0.0%}
4  ... 

Histogram: OptimizationGuide.ModelExecution.FeatureCurrentlyEnabledResult.TabOrganization recorded 1 samples, mean = 3.0 (flags = 0x41)
0  ... 
3  -O                                                                        (1 = 100.0%) {0.0%}
4  ... 

Histogram: OptimizationGuide.ModelExecution.FeatureCurrentlyEnabledResult.WallpaperSearch recorded 1 samples, mean = 1.0 (flags = 0x41)
0  O                                                                         (0 = 0.0%)
1  -O                                                                        (1 = 100.0%) {0.0%}
2  ... 

Histogram: OptimizationGuide.ModelExecution.FeatureEnabledAtStartup.Compose recorded 1 samples, mean = 0.0 (flags = 0x41)
0  -O                                                                        (1 = 100.0%)
1  ... 

Histogram: OptimizationGuide.ModelExecution.FeatureEnabledAtStartup.HistorySearch recorded 1 samples, mean = 0.0 (flags = 0x41)
0  -O                                                                        (1 = 100.0%)
1  ... 

Histogram: OptimizationGuide.ModelExecution.FeatureEnabledAtStartup.TabOrganization recorded 1 samples, mean = 0.0 (flags = 0x41)
0  -O                                                                        (1 = 100.0%)
1  ... 

Histogram: OptimizationGuide.ModelExecution.FeatureEnabledAtStartup.WallpaperSearch recorded 1 samples, mean = 0.0 (flags = 0x41)
0  -O                                                                        (1 = 100.0%)
1  ... 

Histogram: OptimizationGuide.ModelExecution.OnDeviceModelInstallCriteria.AtRegistration.All recorded 1 samples, mean = 0.0 (flags = 0x41)
0  -O                                                                        (1 = 100.0%)
1  ... 

Histogram: OptimizationGuide.ModelExecution.OnDeviceModelInstallCriteria.AtRegistration.DeviceCapability recorded 1 samples, mean = 0.0 (flags = 0x41)
0  -O                                                                        (1 = 100.0%)
1  ... 

Histogram: OptimizationGuide.ModelExecution.OnDeviceModelInstallCriteria.AtRegistration.DiskSpace recorded 1 samples, mean = 1.0 (flags = 0x41)
0  O                                                                         (0 = 0.0%)
1  -O                                                                        (1 = 100.0%) {0.0%}
2  O                                                                         (0 = 0.0%) {100.0%}

Histogram: OptimizationGuide.ModelExecution.OnDeviceModelInstallCriteria.AtRegistration.EnabledByEnterprisePolicy recorded 1 samples, mean = 1.0 (flags = 0x41)
0  O                                                                         (0 = 0.0%)
1  -O                                                                        (1 = 100.0%) {0.0%}
2  O                                                                         (0 = 0.0%) {100.0%}

Histogram: OptimizationGuide.ModelExecution.OnDeviceModelInstallCriteria.AtRegistration.EnabledByFeature recorded 1 samples, mean = 0.0 (flags = 0x41)
0  -O                                                                        (1 = 100.0%)
1  ... 

Histogram: OptimizationGuide.ModelExecution.OnDeviceModelInstallCriteria.AtRegistration.FeatureUse recorded 1 samples, mean = 0.0 (flags = 0x41)
0  -O                                                                        (1 = 100.0%)
1  ... 

Histogram: OptimizationGuide.ModelExecutor.ExecutionStatus.PageVisibility recorded 4 samples, mean = 3.0 (flags = 0x41)
0  ... 
3  ----O                                                                     (4 = 100.0%) {0.0%}
4  ... 

Histogram: OptimizationGuide.ModelExecutor.ModelAvailableToLoad.PageVisibility recorded 4 samples, mean = 0.0 (flags = 0x41)
0  ----O                                                                     (4 = 100.0%)
1  ... 

Histogram: OptimizationGuide.ModelExecutor.TaskExecutionLatency.PageVisibility recorded 4 samples, mean = 331.0 (flags = 0x41)
0    ... 
280  ----O                                                                     (4 = 100.0%) {0.0%}
356  ... 

Histogram: OptimizationGuide.ModelExecutor.TaskSchedulingLatency.PageVisibility recorded 4 samples, mean = 0.0 (flags = 0x41)
0  ----O                                                                     (4 = 100.0%)
1  ... 

Histogram: OptimizationGuide.ModelHandler.HandlerCreated.GeolocationPermissions recorded 1 samples, mean = 1.0 (flags = 0x41)
0  O                                                                         (0 = 0.0%)
1  -O                                                                        (1 = 100.0%) {0.0%}
2  O                                                                         (0 = 0.0%) {100.0%}

Histogram: OptimizationGuide.ModelHandler.HandlerCreated.NewTabPageHistoryClustersModuleRanking recorded 1 samples, mean = 1.0 (flags = 0x41)
0  O                                                                         (0 = 0.0%)
1  -O                                                                        (1 = 100.0%) {0.0%}
2  O                                                                         (0 = 0.0%) {100.0%}

Histogram: OptimizationGuide.ModelHandler.HandlerCreated.NotificationPermissions recorded 1 samples, mean = 1.0 (flags = 0x41)
0  O                                                                         (0 = 0.0%)
1  -O                                                                        (1 = 100.0%) {0.0%}
2  O                                                                         (0 = 0.0%) {100.0%}

Histogram: OptimizationGuide.ModelHandler.HandlerCreated.OmniboxUrlScoring recorded 1 samples, mean = 1.0 (flags = 0x41)
0  O                                                                         (0 = 0.0%)
1  -O                                                                        (1 = 100.0%) {0.0%}
2  O                                                                         (0 = 0.0%) {100.0%}

Histogram: OptimizationGuide.ModelHandler.HandlerCreated.PageTopicsV2 recorded 1 samples, mean = 1.0 (flags = 0x41)
0  O                                                                         (0 = 0.0%)
1  -O                                                                        (1 = 100.0%) {0.0%}
2  O                                                                         (0 = 0.0%) {100.0%}

Histogram: OptimizationGuide.ModelHandler.HandlerCreated.PageVisibility recorded 1 samples, mean = 1.0 (flags = 0x41)
0  O                                                                         (0 = 0.0%)
1  -O                                                                        (1 = 100.0%) {0.0%}
2  O                                                                         (0 = 0.0%) {100.0%}

Histogram: OptimizationGuide.ModelHandler.HandlerCreated.SegmentationChromeLowUserEngagement recorded 1 samples, mean = 1.0 (flags = 0x41)
0  O                                                                         (0 = 0.0%)
1  -O                                                                        (1 = 100.0%) {0.0%}
2  O                                                                         (0 = 0.0%) {100.0%}

Histogram: OptimizationGuide.ModelHandler.HandlerCreated.SegmentationComposePromotion recorded 1 samples, mean = 1.0 (flags = 0x41)
0  O                                                                         (0 = 0.0%)
1  -O                                                                        (1 = 100.0%) {0.0%}
2  O                                                                         (0 = 0.0%) {100.0%}

Histogram: OptimizationGuide.ModelHandler.HandlerCreated.SegmentationDeviceSwitcher recorded 1 samples, mean = 1.0 (flags = 0x41)
0  O                                                                         (0 = 0.0%)
1  -O                                                                        (1 = 100.0%) {0.0%}
2  O                                                                         (0 = 0.0%) {100.0%}

Histogram: OptimizationGuide.ModelHandler.HandlerCreated.SegmentationSearchUser recorded 1 samples, mean = 1.0 (flags = 0x41)
0  O                                                                         (0 = 0.0%)
1  -O                                                                        (1 = 100.0%) {0.0%}
2  O                                                                         (0 = 0.0%) {100.0%}

Histogram: OptimizationGuide.ModelHandler.HandlerCreated.SegmentationShoppingUser recorded 1 samples, mean = 1.0 (flags = 0x41)
0  O                                                                         (0 = 0.0%)
1  -O                                                                        (1 = 100.0%) {0.0%}
2  O                                                                         (0 = 0.0%) {100.0%}

Histogram: OptimizationGuide.ModelHandler.HandlerCreated.URLVisitResumptionRanker recorded 1 samples, mean = 1.0 (flags = 0x41)
0  O                                                                         (0 = 0.0%)
1  -O                                                                        (1 = 100.0%) {0.0%}
2  O                                                                         (0 = 0.0%) {100.0%}

Histogram: OptimizationGuide.ModelHandler.HandlerCreated.WebAppInstallationPromo recorded 1 samples, mean = 1.0 (flags = 0x41)
0  O                                                                         (0 = 0.0%)
1  -O                                                                        (1 = 100.0%) {0.0%}
2  O                                                                         (0 = 0.0%) {100.0%}

Histogram: OptimizationGuide.PageContentAnnotations.AnnotateVisitResultCached recorded 4 samples, mean = 0.0 (flags = 0x41)
0  ----O                                                                     (4 = 100.0%)
1  ... 

Histogram: OptimizationGuide.PageContentAnnotations.BatchRequestedSize.ContentVisibility recorded 1 samples, mean = 4.0 (flags = 0x41)
0  ... 
4  -O                                                                        (1 = 100.0%) {0.0%}
5  ... 

Histogram: OptimizationGuide.PageContentAnnotations.BatchSuccess.ContentVisibility recorded 1 samples, mean = 0.0 (flags = 0x41)
0  -O                                                                        (1 = 100.0%)
1  ... 

Histogram: OptimizationGuide.PageContentAnnotations.JobExecutionTime.ContentVisibility recorded 1 samples, mean = 331.0 (flags = 0x41)
0    ... 
280  -O                                                                        (1 = 100.0%) {0.0%}
356  ... 

Histogram: OptimizationGuide.PageContentAnnotations.JobScheduleTime.ContentVisibility recorded 1 samples, mean = 0.0 (flags = 0x41)
0  -O                                                                        (1 = 100.0%)
1  ... 

Histogram: OptimizationGuide.PageContentAnnotationsService.ContentAnnotated recorded 4 samples, mean = 0.0 (flags = 0x41)
0  ----O                                                                     (4 = 100.0%)
1  ... 

Histogram: OptimizationGuide.PredictionManager.DownloadServiceAvailabilityBlockedFetch recorded 27 samples, mean = 0.0 (flags = 0x41)
0  ---------------------------O                                              (27 = 100.0%)
1  ... 

Histogram: OptimizationGuide.PredictionManager.FirstModelFetchSinceServiceInit recorded 1 samples, mean = 10209.0 (flags = 0x41)
0      ... 
10165  -O                                                                        (1 = 100.0%) {0.0%}
12916  ... 

Histogram: OptimizationGuide.PredictionManager.ModelAvailableAtRegistration.ClientSidePhishing recorded 1 samples, mean = 0.0 (flags = 0x41)
0  -O                                                                        (1 = 100.0%)
1  ... 

Histogram: OptimizationGuide.PredictionManager.ModelAvailableAtRegistration.GeolocationPermissions recorded 1 samples, mean = 0.0 (flags = 0x41)
0  -O                                                                        (1 = 100.0%)
1  ... 

Histogram: OptimizationGuide.PredictionManager.ModelAvailableAtRegistration.LanguageDetection recorded 2 samples, mean = 0.0 (flags = 0x41)
0  --O                                                                       (2 = 100.0%)
1  ... 

Histogram: OptimizationGuide.PredictionManager.ModelAvailableAtRegistration.NewTabPageHistoryClustersModuleRanking recorded 1 samples, mean = 0.0 (flags = 0x41)
0  -O                                                                        (1 = 100.0%)
1  ... 

Histogram: OptimizationGuide.PredictionManager.ModelAvailableAtRegistration.NotificationPermissions recorded 1 samples, mean = 0.0 (flags = 0x41)
0  -O                                                                        (1 = 100.0%)
1  ... 

Histogram: OptimizationGuide.PredictionManager.ModelAvailableAtRegistration.OmniboxUrlScoring recorded 1 samples, mean = 0.0 (flags = 0x41)
0  -O                                                                        (1 = 100.0%)
1  ... 

Histogram: OptimizationGuide.PredictionManager.ModelAvailableAtRegistration.PageTopicsV2 recorded 1 samples, mean = 0.0 (flags = 0x41)
0  -O                                                                        (1 = 100.0%)
1  ... 

Histogram: OptimizationGuide.PredictionManager.ModelAvailableAtRegistration.PageVisibility recorded 1 samples, mean = 0.0 (flags = 0x41)
0  -O                                                                        (1 = 100.0%)
1  ... 

Histogram: OptimizationGuide.PredictionManager.ModelAvailableAtRegistration.SegmentationChromeLowUserEngagement recorded 1 samples, mean = 0.0 (flags = 0x41)
0  -O                                                                        (1 = 100.0%)
1  ... 

Histogram: OptimizationGuide.PredictionManager.ModelAvailableAtRegistration.SegmentationComposePromotion recorded 1 samples, mean = 0.0 (flags = 0x41)
0  -O                                                                        (1 = 100.0%)
1  ... 

Histogram: OptimizationGuide.PredictionManager.ModelAvailableAtRegistration.SegmentationDeviceSwitcher recorded 1 samples, mean = 0.0 (flags = 0x41)
0  -O                                                                        (1 = 100.0%)
1  ... 

Histogram: OptimizationGuide.PredictionManager.ModelAvailableAtRegistration.SegmentationSearchUser recorded 1 samples, mean = 0.0 (flags = 0x41)
0  -O                                                                        (1 = 100.0%)
1  ... 

Histogram: OptimizationGuide.PredictionManager.ModelAvailableAtRegistration.SegmentationShoppingUser recorded 1 samples, mean = 0.0 (flags = 0x41)
0  -O                                                                        (1 = 100.0%)
1  ... 

Histogram: OptimizationGuide.PredictionManager.ModelAvailableAtRegistration.TextSafety recorded 1 samples, mean = 0.0 (flags = 0x41)
0  -O                                                                        (1 = 100.0%)
1  ... 

Histogram: OptimizationGuide.PredictionManager.ModelAvailableAtRegistration.URLVisitResumptionRanker recorded 1 samples, mean = 0.0 (flags = 0x41)
0  -O                                                                        (1 = 100.0%)
1  ... 

Histogram: OptimizationGuide.PredictionManager.ModelAvailableAtRegistration.VisualSearchClassification recorded 1 samples, mean = 0.0 (flags = 0x41)
0  -O                                                                        (1 = 100.0%)
1  ... 

Histogram: OptimizationGuide.PredictionManager.ModelAvailableAtRegistration.WebAppInstallationPromo recorded 1 samples, mean = 0.0 (flags = 0x41)
0  -O                                                                        (1 = 100.0%)
1  ... 

Histogram: OptimizationGuide.PredictionManager.ModelDeliveryEvents.ClientSidePhishing recorded 54 samples, mean = 5.5 (flags = 0x41)
0  ... 
3  ---------------------------O                                              (27 = 50.0%) {0.0%}
4  ... 
8  ---------------------------O                                              (27 = 50.0%) {50.0%}
9  ... 

Histogram: OptimizationGuide.PredictionManager.ModelDeliveryEvents.GeolocationPermissions recorded 54 samples, mean = 5.5 (flags = 0x41)
0  ... 
3  ---------------------------O                                              (27 = 50.0%) {0.0%}
4  ... 
8  ---------------------------O                                              (27 = 50.0%) {50.0%}
9  ... 

Histogram: OptimizationGuide.PredictionManager.ModelDeliveryEvents.LanguageDetection recorded 54 samples, mean = 5.5 (flags = 0x41)
0  ... 
3  ---------------------------O                                              (27 = 50.0%) {0.0%}
4  ... 
8  ---------------------------O                                              (27 = 50.0%) {50.0%}
9  ... 

Histogram: OptimizationGuide.PredictionManager.ModelDeliveryEvents.NewTabPageHistoryClustersModuleRanking recorded 54 samples, mean = 5.5 (flags = 0x41)
0  ... 
3  ---------------------------O                                              (27 = 50.0%) {0.0%}
4  ... 
8  ---------------------------O                                              (27 = 50.0%) {50.0%}
9  ... 

Histogram: OptimizationGuide.PredictionManager.ModelDeliveryEvents.NotificationPermissions recorded 54 samples, mean = 5.5 (flags = 0x41)
0  ... 
3  ---------------------------O                                              (27 = 50.0%) {0.0%}
4  ... 
8  ---------------------------O                                              (27 = 50.0%) {50.0%}
9  ... 

Histogram: OptimizationGuide.PredictionManager.ModelDeliveryEvents.OmniboxUrlScoring recorded 54 samples, mean = 5.5 (flags = 0x41)
0  ... 
3  ---------------------------O                                              (27 = 50.0%) {0.0%}
4  ... 
8  ---------------------------O                                              (27 = 50.0%) {50.0%}
9  ... 

Histogram: OptimizationGuide.PredictionManager.ModelDeliveryEvents.PageTopicsV2 recorded 54 samples, mean = 5.5 (flags = 0x41)
0  ... 
3  ---------------------------O                                              (27 = 50.0%) {0.0%}
4  ... 
8  ---------------------------O                                              (27 = 50.0%) {50.0%}
9  ... 

Histogram: OptimizationGuide.PredictionManager.ModelDeliveryEvents.PageVisibility recorded 54 samples, mean = 5.5 (flags = 0x41)
0  ... 
3  ---------------------------O                                              (27 = 50.0%) {0.0%}
4  ... 
8  ---------------------------O                                              (27 = 50.0%) {50.0%}
9  ... 

Histogram: OptimizationGuide.PredictionManager.ModelDeliveryEvents.SegmentationChromeLowUserEngagement recorded 54 samples, mean = 5.5 (flags = 0x41)
0  ... 
3  ---------------------------O                                              (27 = 50.0%) {0.0%}
4  ... 
8  ---------------------------O                                              (27 = 50.0%) {50.0%}
9  ... 

Histogram: OptimizationGuide.PredictionManager.ModelDeliveryEvents.SegmentationComposePromotion recorded 54 samples, mean = 5.5 (flags = 0x41)
0  ... 
3  ---------------------------O                                              (27 = 50.0%) {0.0%}
4  ... 
8  ---------------------------O                                              (27 = 50.0%) {50.0%}
9  ... 

Histogram: OptimizationGuide.PredictionManager.ModelDeliveryEvents.SegmentationDeviceSwitcher recorded 54 samples, mean = 5.5 (flags = 0x41)
0  ... 
3  ---------------------------O                                              (27 = 50.0%) {0.0%}
4  ... 
8  ---------------------------O                                              (27 = 50.0%) {50.0%}
9  ... 

Histogram: OptimizationGuide.PredictionManager.ModelDeliveryEvents.SegmentationSearchUser recorded 54 samples, mean = 5.5 (flags = 0x41)
0  ... 
3  ---------------------------O                                              (27 = 50.0%) {0.0%}
4  ... 
8  ---------------------------O                                              (27 = 50.0%) {50.0%}
9  ... 

Histogram: OptimizationGuide.PredictionManager.ModelDeliveryEvents.SegmentationShoppingUser recorded 54 samples, mean = 5.5 (flags = 0x41)
0  ... 
3  ---------------------------O                                              (27 = 50.0%) {0.0%}
4  ... 
8  ---------------------------O                                              (27 = 50.0%) {50.0%}
9  ... 

Histogram: OptimizationGuide.PredictionManager.ModelDeliveryEvents.TextSafety recorded 54 samples, mean = 5.5 (flags = 0x41)
0  ... 
3  ---------------------------O                                              (27 = 50.0%) {0.0%}
4  ... 
8  ---------------------------O                                              (27 = 50.0%) {50.0%}
9  ... 

Histogram: OptimizationGuide.PredictionManager.ModelDeliveryEvents.URLVisitResumptionRanker recorded 54 samples, mean = 5.5 (flags = 0x41)
0  ... 
3  ---------------------------O                                              (27 = 50.0%) {0.0%}
4  ... 
8  ---------------------------O                                              (27 = 50.0%) {50.0%}
9  ... 

Histogram: OptimizationGuide.PredictionManager.ModelDeliveryEvents.VisualSearchClassification recorded 54 samples, mean = 5.5 (flags = 0x41)
0  ... 
3  ---------------------------O                                              (27 = 50.0%) {0.0%}
4  ... 
8  ---------------------------O                                              (27 = 50.0%) {50.0%}
9  ... 

Histogram: OptimizationGuide.PredictionManager.ModelDeliveryEvents.WebAppInstallationPromo recorded 54 samples, mean = 5.5 (flags = 0x41)
0  ... 
3  ---------------------------O                                              (27 = 50.0%) {0.0%}
4  ... 
8  ---------------------------O                                              (27 = 50.0%) {50.0%}
9  ... 

Histogram: OptimizationGuide.PredictionManager.RegistrationTimeSinceServiceInit.ClientSidePhishing recorded 1 samples, mean = 0.0 (flags = 0x41)
0  -O                                                                        (1 = 100.0%)
1  ... 

Histogram: OptimizationGuide.PredictionManager.RegistrationTimeSinceServiceInit.GeolocationPermissions recorded 1 samples, mean = 0.0 (flags = 0x41)
0  -O                                                                        (1 = 100.0%)
1  ... 

Histogram: OptimizationGuide.PredictionManager.RegistrationTimeSinceServiceInit.LanguageDetection recorded 2 samples, mean = 5.0 (flags = 0x41)
0   -O                                                                        (1 = 50.0%)
1   ... 
10  -O                                                                        (1 = 50.0%) {50.0%}
13  ... 

Histogram: OptimizationGuide.PredictionManager.RegistrationTimeSinceServiceInit.NewTabPageHistoryClustersModuleRanking recorded 1 samples, mean = 0.0 (flags = 0x41)
0  -O                                                                        (1 = 100.0%)
1  ... 

Histogram: OptimizationGuide.PredictionManager.RegistrationTimeSinceServiceInit.NotificationPermissions recorded 1 samples, mean = 0.0 (flags = 0x41)
0  -O                                                                        (1 = 100.0%)
1  ... 

Histogram: OptimizationGuide.PredictionManager.RegistrationTimeSinceServiceInit.OmniboxUrlScoring recorded 1 samples, mean = 0.0 (flags = 0x41)
0  -O                                                                        (1 = 100.0%)
1  ... 

Histogram: OptimizationGuide.PredictionManager.RegistrationTimeSinceServiceInit.PageTopicsV2 recorded 1 samples, mean = 0.0 (flags = 0x41)
0  -O                                                                        (1 = 100.0%)
1  ... 

Histogram: OptimizationGuide.PredictionManager.RegistrationTimeSinceServiceInit.PageVisibility recorded 1 samples, mean = 0.0 (flags = 0x41)
0  -O                                                                        (1 = 100.0%)
1  ... 

Histogram: OptimizationGuide.PredictionManager.RegistrationTimeSinceServiceInit.SegmentationChromeLowUserEngagement recorded 1 samples, mean = 5060.0 (flags = 0x41)
0     ... 
4955  -O                                                                        (1 = 100.0%) {0.0%}
6296  ... 

Histogram: OptimizationGuide.PredictionManager.RegistrationTimeSinceServiceInit.SegmentationComposePromotion recorded 1 samples, mean = 5060.0 (flags = 0x41)
0     ... 
4955  -O                                                                        (1 = 100.0%) {0.0%}
6296  ... 

Histogram: OptimizationGuide.PredictionManager.RegistrationTimeSinceServiceInit.SegmentationDeviceSwitcher recorded 1 samples, mean = 5060.0 (flags = 0x41)
0     ... 
4955  -O                                                                        (1 = 100.0%) {0.0%}
6296  ... 

Histogram: OptimizationGuide.PredictionManager.RegistrationTimeSinceServiceInit.SegmentationSearchUser recorded 1 samples, mean = 5060.0 (flags = 0x41)
0     ... 
4955  -O                                                                        (1 = 100.0%) {0.0%}
6296  ... 

Histogram: OptimizationGuide.PredictionManager.RegistrationTimeSinceServiceInit.SegmentationShoppingUser recorded 1 samples, mean = 5060.0 (flags = 0x41)
0     ... 
4955  -O                                                                        (1 = 100.0%) {0.0%}
6296  ... 

Histogram: OptimizationGuide.PredictionManager.RegistrationTimeSinceServiceInit.TextSafety recorded 1 samples, mean = 0.0 (flags = 0x41)
0  -O                                                                        (1 = 100.0%)
1  ... 

Histogram: OptimizationGuide.PredictionManager.RegistrationTimeSinceServiceInit.URLVisitResumptionRanker recorded 1 samples, mean = 5060.0 (flags = 0x41)
0     ... 
4955  -O                                                                        (1 = 100.0%) {0.0%}
6296  ... 

Histogram: OptimizationGuide.PredictionManager.RegistrationTimeSinceServiceInit.VisualSearchClassification recorded 1 samples, mean = 0.0 (flags = 0x41)
0  -O                                                                        (1 = 100.0%)
1  ... 

Histogram: OptimizationGuide.PredictionManager.RegistrationTimeSinceServiceInit.WebAppInstallationPromo recorded 1 samples, mean = 5060.0 (flags = 0x41)
0     ... 
4955  -O                                                                        (1 = 100.0%) {0.0%}
6296  ... 

Histogram: OptimizationGuide.PredictionManager.StoreInitialized recorded 1 samples, mean = 1.0 (flags = 0x40)
0  O                                                                         (0 = 0.0%)
1  -O                                                                        (1 = 100.0%) {0.0%}
2  O                                                                         (0 = 0.0%) {100.0%}

Histogram: OptimizationGuide.PredictionManager.SupportedModelEngineVersion recorded 27 samples, mean = 18.0 (flags = 0x40)
0   ... 
18  ---------------------------O                                              (27 = 100.0%) {0.0%}
19  ... 

Histogram: OptimizationGuide.PredictionModelFetcher.GetModelsResponse.NetErrorCode recorded 27 samples (flags = 0x41)
379  ---------------------------O                                              (27 = 100.0%)

Histogram: OptimizationGuide.PredictionModelFetcher.GetModelsResponse.NetErrorCode.ClientSidePhishing recorded 27 samples (flags = 0x41)
379  ---------------------------O                                              (27 = 100.0%)

Histogram: OptimizationGuide.PredictionModelFetcher.GetModelsResponse.NetErrorCode.GeolocationPermissions recorded 27 samples (flags = 0x41)
379  ---------------------------O                                              (27 = 100.0%)

Histogram: OptimizationGuide.PredictionModelFetcher.GetModelsResponse.NetErrorCode.LanguageDetection recorded 27 samples (flags = 0x41)
379  ---------------------------O                                              (27 = 100.0%)

Histogram: OptimizationGuide.PredictionModelFetcher.GetModelsResponse.NetErrorCode.NewTabPageHistoryClustersModuleRanking recorded 27 samples (flags = 0x41)
379  ---------------------------O                                              (27 = 100.0%)

Histogram: OptimizationGuide.PredictionModelFetcher.GetModelsResponse.NetErrorCode.NotificationPermissions recorded 27 samples (flags = 0x41)
379  ---------------------------O                                              (27 = 100.0%)

Histogram: OptimizationGuide.PredictionModelFetcher.GetModelsResponse.NetErrorCode.OmniboxUrlScoring recorded 27 samples (flags = 0x41)
379  ---------------------------O                                              (27 = 100.0%)

Histogram: OptimizationGuide.PredictionModelFetcher.GetModelsResponse.NetErrorCode.PageTopicsV2 recorded 27 samples (flags = 0x41)
379  ---------------------------O                                              (27 = 100.0%)

Histogram: OptimizationGuide.PredictionModelFetcher.GetModelsResponse.NetErrorCode.PageVisibility recorded 27 samples (flags = 0x41)
379  ---------------------------O                                              (27 = 100.0%)

Histogram: OptimizationGuide.PredictionModelFetcher.GetModelsResponse.NetErrorCode.SegmentationChromeLowUserEngagement recorded 27 samples (flags = 0x41)
379  ---------------------------O                                              (27 = 100.0%)

Histogram: OptimizationGuide.PredictionModelFetcher.GetModelsResponse.NetErrorCode.SegmentationComposePromotion recorded 27 samples (flags = 0x41)
379  ---------------------------O                                              (27 = 100.0%)

Histogram: OptimizationGuide.PredictionModelFetcher.GetModelsResponse.NetErrorCode.SegmentationDeviceSwitcher recorded 27 samples (flags = 0x41)
379  ---------------------------O                                              (27 = 100.0%)

Histogram: OptimizationGuide.PredictionModelFetcher.GetModelsResponse.NetErrorCode.SegmentationSearchUser recorded 27 samples (flags = 0x41)
379  ---------------------------O                                              (27 = 100.0%)

Histogram: OptimizationGuide.PredictionModelFetcher.GetModelsResponse.NetErrorCode.SegmentationShoppingUser recorded 27 samples (flags = 0x41)
379  ---------------------------O                                              (27 = 100.0%)

Histogram: OptimizationGuide.PredictionModelFetcher.GetModelsResponse.NetErrorCode.TextSafety recorded 27 samples (flags = 0x41)
379  ---------------------------O                                              (27 = 100.0%)

Histogram: OptimizationGuide.PredictionModelFetcher.GetModelsResponse.NetErrorCode.URLVisitResumptionRanker recorded 27 samples (flags = 0x41)
379  ---------------------------O                                              (27 = 100.0%)

Histogram: OptimizationGuide.PredictionModelFetcher.GetModelsResponse.NetErrorCode.VisualSearchClassification recorded 27 samples (flags = 0x41)
379  ---------------------------O                                              (27 = 100.0%)

Histogram: OptimizationGuide.PredictionModelFetcher.GetModelsResponse.NetErrorCode.WebAppInstallationPromo recorded 27 samples (flags = 0x41)
379  ---------------------------O                                              (27 = 100.0%)

Histogram: OptimizationGuide.PredictionModelFetcher.GetModelsResponse.Status recorded 27 samples, mean = 403.0 (flags = 0x41)
0    ... 
403  ---------------------------O                                              (27 = 100.0%) {0.0%}
404  ... 

Histogram: OptimizationGuide.PredictionModelFetcher.GetModelsResponse.Status.ClientSidePhishing recorded 27 samples, mean = 403.0 (flags = 0x41)
0    ... 
403  ---------------------------O                                              (27 = 100.0%) {0.0%}
404  ... 

Histogram: OptimizationGuide.PredictionModelFetcher.GetModelsResponse.Status.GeolocationPermissions recorded 27 samples, mean = 403.0 (flags = 0x41)
0    ... 
403  ---------------------------O                                              (27 = 100.0%) {0.0%}
404  ... 

Histogram: OptimizationGuide.PredictionModelFetcher.GetModelsResponse.Status.LanguageDetection recorded 27 samples, mean = 403.0 (flags = 0x41)
0    ... 
403  ---------------------------O                                              (27 = 100.0%) {0.0%}
404  ... 

Histogram: OptimizationGuide.PredictionModelFetcher.GetModelsResponse.Status.NewTabPageHistoryClustersModuleRanking recorded 27 samples, mean = 403.0 (flags = 0x41)
0    ... 
403  ---------------------------O                                              (27 = 100.0%) {0.0%}
404  ... 

Histogram: OptimizationGuide.PredictionModelFetcher.GetModelsResponse.Status.NotificationPermissions recorded 27 samples, mean = 403.0 (flags = 0x41)
0    ... 
403  ---------------------------O                                              (27 = 100.0%) {0.0%}
404  ... 

Histogram: OptimizationGuide.PredictionModelFetcher.GetModelsResponse.Status.OmniboxUrlScoring recorded 27 samples, mean = 403.0 (flags = 0x41)
0    ... 
403  ---------------------------O                                              (27 = 100.0%) {0.0%}
404  ... 

Histogram: OptimizationGuide.PredictionModelFetcher.GetModelsResponse.Status.PageTopicsV2 recorded 27 samples, mean = 403.0 (flags = 0x41)
0    ... 
403  ---------------------------O                                              (27 = 100.0%) {0.0%}
404  ... 

Histogram: OptimizationGuide.PredictionModelFetcher.GetModelsResponse.Status.PageVisibility recorded 27 samples, mean = 403.0 (flags = 0x41)
0    ... 
403  ---------------------------O                                              (27 = 100.0%) {0.0%}
404  ... 

Histogram: OptimizationGuide.PredictionModelFetcher.GetModelsResponse.Status.SegmentationChromeLowUserEngagement recorded 27 samples, mean = 403.0 (flags = 0x41)
0    ... 
403  ---------------------------O                                              (27 = 100.0%) {0.0%}
404  ... 

Histogram: OptimizationGuide.PredictionModelFetcher.GetModelsResponse.Status.SegmentationComposePromotion recorded 27 samples, mean = 403.0 (flags = 0x41)
0    ... 
403  ---------------------------O                                              (27 = 100.0%) {0.0%}
404  ... 

Histogram: OptimizationGuide.PredictionModelFetcher.GetModelsResponse.Status.SegmentationDeviceSwitcher recorded 27 samples, mean = 403.0 (flags = 0x41)
0    ... 
403  ---------------------------O                                              (27 = 100.0%) {0.0%}
404  ... 

Histogram: OptimizationGuide.PredictionModelFetcher.GetModelsResponse.Status.SegmentationSearchUser recorded 27 samples, mean = 403.0 (flags = 0x41)
0    ... 
403  ---------------------------O                                              (27 = 100.0%) {0.0%}
404  ... 

Histogram: OptimizationGuide.PredictionModelFetcher.GetModelsResponse.Status.SegmentationShoppingUser recorded 27 samples, mean = 403.0 (flags = 0x41)
0    ... 
403  ---------------------------O                                              (27 = 100.0%) {0.0%}
404  ... 

Histogram: OptimizationGuide.PredictionModelFetcher.GetModelsResponse.Status.TextSafety recorded 27 samples, mean = 403.0 (flags = 0x41)
0    ... 
403  ---------------------------O                                              (27 = 100.0%) {0.0%}
404  ... 

Histogram: OptimizationGuide.PredictionModelFetcher.GetModelsResponse.Status.URLVisitResumptionRanker recorded 27 samples, mean = 403.0 (flags = 0x41)
0    ... 
403  ---------------------------O                                              (27 = 100.0%) {0.0%}
404  ... 

Histogram: OptimizationGuide.PredictionModelFetcher.GetModelsResponse.Status.VisualSearchClassification recorded 27 samples, mean = 403.0 (flags = 0x41)
0    ... 
403  ---------------------------O                                              (27 = 100.0%) {0.0%}
404  ... 

Histogram: OptimizationGuide.PredictionModelFetcher.GetModelsResponse.Status.WebAppInstallationPromo recorded 27 samples, mean = 403.0 (flags = 0x41)
0    ... 
403  ---------------------------O                                              (27 = 100.0%) {0.0%}
404  ... 

Histogram: OptimizationGuide.ProcessingComponentAtShutdown recorded 1 samples, mean = 0.0 (flags = 0x41)
0  -O                                                                        (1 = 100.0%)
1  ... 

Histogram: OptimizationGuide.RemoteFetchingEnabled recorded 1 samples, mean = 0.0 (flags = 0x41)
0  -O                                                                        (1 = 100.0%)
1  ... 

Histogram: OriginTrials.PersistentOriginTrial.LevelDbInitSuccess recorded 1 samples, mean = 1.0 (flags = 0x41)
0  O                                                                         (0 = 0.0%)
1  -O                                                                        (1 = 100.0%) {0.0%}
2  O                                                                         (0 = 0.0%) {100.0%}

Histogram: OriginTrials.PersistentOriginTrial.LevelDbLoadSize recorded 1 samples, mean = 0.0 (flags = 0x41)
0  -O                                                                        (1 = 100.0%)
1  ... 

Histogram: OriginTrials.PersistentOriginTrial.LevelDbLoadSuccess recorded 1 samples, mean = 1.0 (flags = 0x41)
0  O                                                                         (0 = 0.0%)
1  -O                                                                        (1 = 100.0%) {0.0%}
2  O                                                                         (0 = 0.0%) {100.0%}

Histogram: OriginTrials.PersistentOriginTrial.LevelDbLoadTime recorded 1 samples, mean = 5059.0 (flags = 0x41)
0     ... 
5017  -O                                                                        (1 = 100.0%) {0.0%}
5961  ... 

Histogram: OriginTrials.PersistentOriginTrial.OriginLookupsBeforeDbLoad recorded 1 samples, mean = 0.0 (flags = 0x41)
0  -O                                                                        (1 = 100.0%)
1  ... 

Histogram: OriginTrials.PersistentOriginTrial.OriginsAddedBeforeDbLoad recorded 1 samples, mean = 0.0 (flags = 0x41)
0  -O                                                                        (1 = 100.0%)
1  ... 

Histogram: PageActionController.ExtensionsWithPageActions recorded 1 samples, mean = 0.0 (flags = 0x41)
0  -O                                                                        (1 = 100.0%)
1  ... 

Histogram: PageContentAnnotations.AnnotateVisit.AnnotationRequestQueued recorded 4 samples, mean = 1.0 (flags = 0x40)
0  O                                                                         (0 = 0.0%)
1  ----O                                                                     (4 = 100.0%) {0.0%}
2  O                                                                         (0 = 0.0%) {100.0%}

Histogram: PageContentAnnotations.AnnotateVisit.AnnotationRequested recorded 4 samples, mean = 1.0 (flags = 0x40)
0  O                                                                         (0 = 0.0%)
1  ----O                                                                     (4 = 100.0%) {0.0%}
2  O                                                                         (0 = 0.0%) {100.0%}

Histogram: PageContentAnnotations.AnnotateVisit.BatchAnnotationStarted recorded 1 samples, mean = 1.0 (flags = 0x40)
0  O                                                                         (0 = 0.0%)
1  -O                                                                        (1 = 100.0%) {0.0%}
2  O                                                                         (0 = 0.0%) {100.0%}

Histogram: PageLoad.Clients.Ads.AllPages.NonAdNetworkBytes recorded 1 samples, mean = 1329.0 (flags = 0x41)
0     ... 
1174  -O                                                                        (1 = 100.0%) {0.0%}
1529  ... 

Histogram: PageLoad.Clients.Ads.AllPages.PercentNetworkBytesAds recorded 1 samples, mean = 0.0 (flags = 0x41)
0  -O                                                                        (1 = 100.0%)
1  ... 

Histogram: PageLoad.Clients.Ads.AllPages.PercentTotalBytesAds recorded 1 samples, mean = 0.0 (flags = 0x41)
0  -O                                                                        (1 = 100.0%)
1  ... 

Histogram: PageLoad.Clients.Ads.AverageViewportAdDensity recorded 1 samples, mean = 0.0 (flags = 0x41)
0  -O                                                                        (1 = 100.0%)
1  ... 

Histogram: PageLoad.Clients.Ads.FrameCounts.AdFrames.Total recorded 1 samples, mean = 0.0 (flags = 0x41)
0  -O                                                                        (1 = 100.0%)
1  ... 

Histogram: PageLoad.Clients.Ads.NonVisible.FrameCounts.AdFrames.Total recorded 1 samples, mean = 0.0 (flags = 0x41)
0  -O                                                                        (1 = 100.0%)
1  ... 

Histogram: PageLoad.Clients.Ads.Visible.FrameCounts.AdFrames.Total recorded 1 samples, mean = 0.0 (flags = 0x41)
0  -O                                                                        (1 = 100.0%)
1  ... 

Histogram: PageLoad.Clients.CrossOrigin.LayoutInstability.CumulativeShiftScore recorded 1 samples, mean = 0.0 (flags = 0x41)
0  -O                                                                        (1 = 100.0%)
1  ... 

Histogram: PageLoad.Clients.CrossOrigin.LayoutInstability.CumulativeShiftScore.MainFrame recorded 1 samples, mean = 0.0 (flags = 0x41)
0  -O                                                                        (1 = 100.0%)
1  ... 

Histogram: PageLoad.Clients.Leakage2.AbandonReasonAt.LoaderStart recorded 1 samples, mean = 10.0 (flags = 0x41)
0   ... 
10  -O                                                                        (1 = 100.0%) {0.0%}
11  ... 

Histogram: PageLoad.Clients.Leakage2.LastMilestoneBeforeAbandon.NewReloadNavigation recorded 1 samples, mean = 1.0 (flags = 0x41)
0  O                                                                         (0 = 0.0%)
1  -O                                                                        (1 = 100.0%) {0.0%}
2  ... 

Histogram: PageLoad.Clients.Leakage2.LoaderStartToAbandon.NewReloadNavigation recorded 1 samples, mean = 4148.0 (flags = 0x41)
0     ... 
3818  -O                                                                        (1 = 100.0%) {0.0%}
4272  ... 

Histogram: PageLoad.Clients.Leakage2.NavigationStart recorded 2 samples, mean = 5002.5 (flags = 0x41)
0     ... 
3818  -O                                                                        (1 = 50.0%) {0.0%}
4272  ... 
5349  -O                                                                        (1 = 50.0%) {50.0%}
5985  ... 

Histogram: PageLoad.Clients.Leakage2.NavigationStartToCommitReceived recorded 1 samples, mean = 5603.0 (flags = 0x41)
0     ... 
5349  -O                                                                        (1 = 100.0%) {0.0%}
5985  ... 

Histogram: PageLoad.Clients.Leakage2.NavigationStartToCommitSent recorded 1 samples, mean = 5596.0 (flags = 0x41)
0     ... 
5349  -O                                                                        (1 = 100.0%) {0.0%}
5985  ... 

Histogram: PageLoad.Clients.Leakage2.NavigationStartToDOMContentLoaded recorded 1 samples, mean = 8339.0 (flags = 0x41)
0     ... 
7494  -O                                                                        (1 = 100.0%) {0.0%}
8385  ... 

Histogram: PageLoad.Clients.Leakage2.NavigationStartToDidCommit recorded 1 samples, mean = 5803.0 (flags = 0x41)
0     ... 
5349  -O                                                                        (1 = 100.0%) {0.0%}
5985  ... 

Histogram: PageLoad.Clients.Leakage2.NavigationStartToFirstRedirectResponseLoaderCallback recorded 1 samples, mean = 5112.0 (flags = 0x41)
0     ... 
4780  -O                                                                        (1 = 100.0%) {0.0%}
5349  ... 

Histogram: PageLoad.Clients.Leakage2.NavigationStartToFirstRedirectResponseStart recorded 1 samples, mean = 5005.0 (flags = 0x41)
0     ... 
4780  -O                                                                        (1 = 100.0%) {0.0%}
5349  ... 

Histogram: PageLoad.Clients.Leakage2.NavigationStartToFirstRedirectedRequestStart recorded 1 samples, mean = 4987.0 (flags = 0x41)
0     ... 
4780  -O                                                                        (1 = 100.0%) {0.0%}
5349  ... 

Histogram: PageLoad.Clients.Leakage2.NavigationStartToLoadStarted recorded 1 samples, mean = 12307.0 (flags = 0x41)
0      ... 
11747  -O                                                                        (1 = 100.0%) {0.0%}
13144  ... 

Histogram: PageLoad.Clients.Leakage2.NavigationStartToLoaderStart recorded 2 samples, mean = 2097.0 (flags = 0x41)
0     ... 
48    -O                                                                        (1 = 50.0%) {0.0%}
54    ... 
3818  -O                                                                        (1 = 50.0%) {50.0%}
4272  ... 

Histogram: PageLoad.Clients.Leakage2.NavigationStartToNonRedirectResponseLoaderCallback recorded 1 samples, mean = 5587.0 (flags = 0x41)
0     ... 
5349  -O                                                                        (1 = 100.0%) {0.0%}
5985  ... 

Histogram: PageLoad.Clients.Leakage2.NavigationStartToNonRedirectResponseStart recorded 1 samples, mean = 5517.0 (flags = 0x41)
0     ... 
5349  -O                                                                        (1 = 100.0%) {0.0%}
5985  ... 

Histogram: PageLoad.Clients.Leakage2.NavigationStartToNonRedirectedRequestStart recorded 1 samples, mean = 5243.0 (flags = 0x41)
0     ... 
4780  -O                                                                        (1 = 100.0%) {0.0%}
5349  ... 

Histogram: PageLoad.Clients.Leakage2.NavigationStartToParseStart recorded 1 samples, mean = 5608.0 (flags = 0x41)
0     ... 
5349  -O                                                                        (1 = 100.0%) {0.0%}
5985  ... 

Histogram: PageLoad.Clients.Leakage2.RendererProcessCreatedBeforeNav recorded 1 samples, mean = 1.0 (flags = 0x41)
0  O                                                                         (0 = 0.0%)
1  -O                                                                        (1 = 100.0%) {0.0%}
2  O                                                                         (0 = 0.0%) {100.0%}

Histogram: PageLoad.Clients.LinkPreview.Usage recorded 1 samples, mean = 0.0 (flags = 0x41)
0  -O                                                                        (1 = 100.0%)
1  ... 

Histogram: PageLoad.Clients.MultiTabLoading.WithTabCount_0.DocumentTiming.NavigationToDOMContentLoadedEventFired recorded 1 samples, mean = 8339.0 (flags = 0x41)
0     ... 
7494  -O                                                                        (1 = 100.0%) {0.0%}
8385  ... 

Histogram: PageLoad.Clients.MultiTabLoading.WithTabCount_0.DocumentTiming.NavigationToLoadEventFired recorded 1 samples, mean = 12307.0 (flags = 0x41)
0      ... 
11747  -O                                                                        (1 = 100.0%) {0.0%}
13144  ... 

Histogram: PageLoad.Clients.MultiTabLoading.With_0_OtherLoading.DocumentTiming.NavigationToDOMContentLoadedEventFired recorded 1 samples, mean = 8339.0 (flags = 0x41)
0     ... 
7494  -O                                                                        (1 = 100.0%) {0.0%}
8385  ... 

Histogram: PageLoad.Clients.MultiTabLoading.With_0_OtherLoading.DocumentTiming.NavigationToLoadEventFired recorded 1 samples, mean = 12307.0 (flags = 0x41)
0      ... 
11747  -O                                                                        (1 = 100.0%) {0.0%}
13144  ... 

Histogram: PageLoad.Clients.PerformanceManager.LoadedIdleWithoutLCP recorded 1 samples, mean = 13463.0 (flags = 0x41)
0      ... 
12916  -O                                                                        (1 = 100.0%) {0.0%}
16411  ... 

Histogram: PageLoad.Clients.PerformanceManager.LoadedIdleWithoutLCP.Foreground recorded 1 samples, mean = 13463.0 (flags = 0x41)
0      ... 
12916  -O                                                                        (1 = 100.0%) {0.0%}
16411  ... 

Histogram: PageLoad.Clients.Protocol.QUIC.DocumentTiming.NavigationToDOMContentLoadedEventFired recorded 1 samples, mean = 8339.0 (flags = 0x41)
0     ... 
7494  -O                                                                        (1 = 100.0%) {0.0%}
8385  ... 

Histogram: PageLoad.Clients.Protocol.QUIC.DocumentTiming.NavigationToLoadEventFired recorded 1 samples, mean = 12307.0 (flags = 0x41)
0      ... 
11747  -O                                                                        (1 = 100.0%) {0.0%}
13144  ... 

Histogram: PageLoad.Clients.Protocol.QUIC.ParseTiming.NavigationToParseStart recorded 1 samples, mean = 5608.0 (flags = 0x41)
0     ... 
5349  -O                                                                        (1 = 100.0%) {0.0%}
5985  ... 

Histogram: PageLoad.Clients.Scheme.HTTPS.ParseTiming.NavigationToParseStart recorded 1 samples, mean = 5608.0 (flags = 0x41)
0     ... 
5349  -O                                                                        (1 = 100.0%) {0.0%}
5985  ... 

Histogram: PageLoad.Clients.SubresourceLoading.DaysSinceLastVisitToOrigin recorded 1 samples, mean = 0.0 (flags = 0x40)
0  -O                                                                        (1 = 100.0%)
1  ... 

Histogram: PageLoad.Clients.SubresourceLoading.HasPreviousVisitToOrigin recorded 1 samples, mean = 1.0 (flags = 0x40)
0  O                                                                         (0 = 0.0%)
1  -O                                                                        (1 = 100.0%) {0.0%}
2  O                                                                         (0 = 0.0%) {100.0%}

Histogram: PageLoad.Clients.TPCD.CookieAccess.ThirdPartyCookieAllowMechanism3 recorded 1 samples, mean = 2.0 (flags = 0x41)
0  ... 
2  -O                                                                        (1 = 100.0%) {0.0%}
3  ... 

Histogram: PageLoad.Clients.TPCD.ThirdPartyCookieAccessBlockedByExperiment2 recorded 1 samples, mean = 0.0 (flags = 0x41)
0  -O                                                                        (1 = 100.0%)
1  ... 

Histogram: PageLoad.Clients.ThirdParty.Origins.CookieRead2 recorded 1 samples, mean = 0.0 (flags = 0x41)
0  -O                                                                        (1 = 100.0%)
1  ... 

Histogram: PageLoad.Cpu.TotalUsage recorded 1 samples, mean = 1176.0 (flags = 0x41)
0     ... 
1108  -O                                                                        (1 = 100.0%) {0.0%}
1240  ... 

Histogram: PageLoad.Cpu.TotalUsageForegrounded recorded 1 samples, mean = 1176.0 (flags = 0x41)
0     ... 
1108  -O                                                                        (1 = 100.0%) {0.0%}
1240  ... 

Histogram: PageLoad.DocumentTiming.NavigationToDOMContentLoadedEventFired recorded 1 samples, mean = 8339.0 (flags = 0x41)
0     ... 
7494  -O                                                                        (1 = 100.0%) {0.0%}
8385  ... 

Histogram: PageLoad.DocumentTiming.NavigationToLoadEventFired recorded 1 samples, mean = 12307.0 (flags = 0x41)
0      ... 
11747  -O                                                                        (1 = 100.0%) {0.0%}
13144  ... 

Histogram: PageLoad.Experimental.NavigationTiming.FinalLoaderCallbackToNavigationCommitSent recorded 1 samples, mean = 9.0 (flags = 0x41)
0  -O                                                                        (1 = 100.0%)
10 ... 

Histogram: PageLoad.Experimental.NavigationTiming.FinalRequestStartToFinalResponseStart recorded 1 samples, mean = 273.0 (flags = 0x41)
0    ... 
257  -O                                                                        (1 = 100.0%) {0.0%}
288  ... 

Histogram: PageLoad.Experimental.NavigationTiming.FinalResponseStartToFinalLoaderCallback recorded 1 samples, mean = 69.0 (flags = 0x41)
0   ... 
67  -O                                                                        (1 = 100.0%) {0.0%}
75  ... 

Histogram: PageLoad.Experimental.NavigationTiming.FirstRequestStartToFirstResponseStart recorded 1 samples, mean = 18.0 (flags = 0x41)
0   ... 
17  -O                                                                        (1 = 100.0%) {0.0%}
19  ... 

Histogram: PageLoad.Experimental.NavigationTiming.FirstResponseStartToFirstLoaderCallback recorded 1 samples, mean = 106.0 (flags = 0x41)
0    ... 
105  -O                                                                        (1 = 100.0%) {0.0%}
117  ... 

Histogram: PageLoad.Experimental.NavigationTiming.NavigationStartToFinalLoaderCallback recorded 1 samples, mean = 5587.0 (flags = 0x41)
0     ... 
5349  -O                                                                        (1 = 100.0%) {0.0%}
5985  ... 

Histogram: PageLoad.Experimental.NavigationTiming.NavigationStartToFinalRequestStart recorded 1 samples, mean = 5243.0 (flags = 0x41)
0     ... 
4780  -O                                                                        (1 = 100.0%) {0.0%}
5349  ... 

Histogram: PageLoad.Experimental.NavigationTiming.NavigationStartToFinalResponseStart recorded 1 samples, mean = 5517.0 (flags = 0x41)
0     ... 
5349  -O                                                                        (1 = 100.0%) {0.0%}
5985  ... 

Histogram: PageLoad.Experimental.NavigationTiming.NavigationStartToFirstLoaderCallback recorded 1 samples, mean = 5112.0 (flags = 0x41)
0     ... 
4780  -O                                                                        (1 = 100.0%) {0.0%}
5349  ... 

Histogram: PageLoad.Experimental.NavigationTiming.NavigationStartToFirstRequestStart recorded 1 samples, mean = 4987.0 (flags = 0x41)
0     ... 
4780  -O                                                                        (1 = 100.0%) {0.0%}
5349  ... 

Histogram: PageLoad.Experimental.NavigationTiming.NavigationStartToFirstResponseStart recorded 1 samples, mean = 5005.0 (flags = 0x41)
0     ... 
4780  -O                                                                        (1 = 100.0%) {0.0%}
5349  ... 

Histogram: PageLoad.Experimental.NavigationTiming.NavigationStartToNavigationCommitSent recorded 1 samples, mean = 5596.0 (flags = 0x41)
0     ... 
5349  -O                                                                        (1 = 100.0%) {0.0%}
5985  ... 

Histogram: PageLoad.Experimental.PageTiming.CachedResourceLoadTime.script recorded 1 samples, mean = 2.0 (flags = 0x41)
0  ... 
2  -O                                                                        (1 = 100.0%) {0.0%}
3  ... 

Histogram: PageLoad.Experimental.PageTiming.CachedResourceLoadTime.style recorded 1 samples, mean = 1760.0 (flags = 0x41)
0     ... 
1496  -O                                                                        (1 = 100.0%) {0.0%}
1901  ... 

Histogram: PageLoad.Experimental.PageTiming.CommitSentToFirstSubresourceLoadStart recorded 1 samples, mean = 533.0 (flags = 0x41)
0    ... 
505  -O                                                                        (1 = 100.0%) {0.0%}
565  ... 

Histogram: PageLoad.Experimental.PageTiming.NavigationToFirstSubresourceLoadStart recorded 1 samples, mean = 6129.0 (flags = 0x41)
0     ... 
5985  -O                                                                        (1 = 100.0%) {0.0%}
6697  ... 

Histogram: PageLoad.Experimental.PageTiming.ResourceLoadTime. recorded 5 samples, mean = 327.0 (flags = 0x41)
0    ... 
66   -O                                                                        (1 = 20.0%) {0.0%}
84   O                                                                         (0 = 0.0%) {20.0%}
107  -O                                                                        (1 = 20.0%) {20.0%}
136  ... 
220  -O                                                                        (1 = 20.0%) {40.0%}
280  ... 
452  -O                                                                        (1 = 20.0%) {60.0%}
574  -O                                                                        (1 = 20.0%) {80.0%}
729  ... 

Histogram: PageLoad.Experimental.PageTiming.ResourceLoadTime.document recorded 1 samples, mean = 275.0 (flags = 0x41)
0    ... 
220  -O                                                                        (1 = 100.0%) {0.0%}
280  ... 

Histogram: PageLoad.Experimental.PageTiming.ResourceLoadTime.font recorded 5 samples, mean = 548.4 (flags = 0x41)
0     ... 
220   --O                                                                       (2 = 40.0%) {0.0%}
280   ... 
452   --O                                                                       (2 = 40.0%) {40.0%}
574   ... 
1177  -O                                                                        (1 = 20.0%) {80.0%}
1496  ... 

Histogram: PageLoad.Experimental.PageTiming.ResourceLoadTime.image recorded 1 samples, mean = 79.0 (flags = 0x41)
0   ... 
66  -O                                                                        (1 = 100.0%) {0.0%}
84  ... 

Histogram: PageLoad.Experimental.PageTiming.ResourceLoadTime.manifest recorded 1 samples, mean = 325.0 (flags = 0x41)
0    ... 
280  -O                                                                        (1 = 100.0%) {0.0%}
356  ... 

Histogram: PageLoad.Experimental.PageTiming.ResourceLoadTime.script recorded 25 samples, mean = 1257.3 (flags = 0x41)
0     ... 
41    -O                                                                        (1 = 4.0%) {0.0%}
52    O                                                                         (0 = 0.0%) {4.0%}
66    -O                                                                        (1 = 4.0%) {4.0%}
84    ... 
173   -O                                                                        (1 = 4.0%) {8.0%}
220   ... 
452   -O                                                                        (1 = 4.0%) {12.0%}
574   O                                                                         (0 = 0.0%) {16.0%}
729   ----------O                                                               (10 = 40.0%) {16.0%}
926   -O                                                                        (1 = 4.0%) {56.0%}
1177  O                                                                         (0 = 0.0%) {60.0%}
1496  --O                                                                       (2 = 8.0%) {60.0%}
1901  -----O                                                                    (5 = 20.0%) {68.0%}
2415  ---O                                                                      (3 = 12.0%) {88.0%}
3069  ... 

Histogram: PageLoad.Experimental.PageTiming.ResourceLoadTime.style recorded 7 samples, mean = 526.9 (flags = 0x41)
0    ... 
452  -------O                                                                  (7 = 100.0%) {0.0%}
574  ... 

Histogram: PageLoad.Experimental.PageVisitFinalStatus recorded 1 samples, mean = 1.0 (flags = 0x41)
0  O                                                                         (0 = 0.0%)
1  -O                                                                        (1 = 100.0%) {0.0%}
2  ... 

Histogram: PageLoad.Experimental.PageVisitType2 recorded 1 samples, mean = 6.0 (flags = 0x41)
0  ... 
6  -O                                                                        (1 = 100.0%) {0.0%}
7  ... 

Histogram: PageLoad.Experimental.PaintTiming.FirstEligibleToPaintToFirstPaint recorded 1 samples, mean = 526.0 (flags = 0x41)
0    ... 
505  -O                                                                        (1 = 100.0%) {0.0%}
565  ... 

Histogram: PageLoad.Experimental.TotalForegroundDuration recorded 1 samples, mean = 4456099.0 (flags = 0x41)
0        ... 
3600000  -O                                                                        (1 = 100.0%) {0.0%}

Histogram: PageLoad.Experimental.TotalForegroundDuration.AllVisit recorded 1 samples, mean = 4456099.0 (flags = 0x41)
0        ... 
3600000  -O                                                                        (1 = 100.0%) {0.0%}

Histogram: PageLoad.Experimental.TotalForegroundDuration.IndependentUIVisit recorded 1 samples, mean = 4456099.0 (flags = 0x41)
0        ... 
3600000  -O                                                                        (1 = 100.0%) {0.0%}

Histogram: PageLoad.Expermental.SoftNavigations.Count recorded 1 samples, mean = 0.0 (flags = 0x41)
0  -O                                                                        (1 = 100.0%)
1  ... 

Histogram: PageLoad.Internal.PageLoadTimingStatus recorded 36 samples, mean = 0.0 (flags = 0x41)
0  ------------------------------------O                                     (36 = 100.0%)
1  ... 

Histogram: PageLoad.Internal.PageLoadTimingStatus.AtTimingCallbackDispatch recorded 4 samples, mean = 0.0 (flags = 0x41)
0  ----O                                                                     (4 = 100.0%)
1  ... 

Histogram: PageLoad.Internal.PageType recorded 2 samples, mean = 0.0 (flags = 0x41)
0  --O                                                                       (2 = 100.0%)
1  ... 

Histogram: PageLoad.Internal.SuppressedEventsBeforeMissingFirstPaint recorded 1 samples, mean = 0.0 (flags = 0x41)
0  -O                                                                        (1 = 100.0%)
1  ... 

Histogram: PageLoad.Internal.SuppressedEventsCountBeforePaint3 recorded 1 samples, mean = 0.0 (flags = 0x41)
0  -O                                                                        (1 = 100.0%)
1  ... 

Histogram: PageLoad.Internal.SuppressedEventsTimingBeforePaint3 recorded 1 samples, mean = 0.0 (flags = 0x41)
0  -O                                                                        (1 = 100.0%)
1  ... 

Histogram: PageLoad.Internal.SuppressedInteractionsCountBeforePaint3 recorded 1 samples, mean = 0.0 (flags = 0x41)
0  -O                                                                        (1 = 100.0%)
1  ... 

Histogram: PageLoad.LayoutInstability.CumulativeShiftScore recorded 1 samples, mean = 0.0 (flags = 0x41)
0  -O                                                                        (1 = 100.0%)
1  ... 

Histogram: PageLoad.LayoutInstability.CumulativeShiftScore.MainFrame recorded 1 samples, mean = 0.0 (flags = 0x41)
0  -O                                                                        (1 = 100.0%)
1  ... 

Histogram: PageLoad.LayoutInstability.MaxCumulativeShiftScore.SessionWindow.Gap1000ms.Max5000ms recorded 1 samples, mean = 0.0 (flags = 0x41)
0  -O                                                                        (1 = 100.0%)
1  ... 

Histogram: PageLoad.LayoutInstability.MaxCumulativeShiftScore.SessionWindow.Gap1000ms.Max5000ms2 recorded 1 samples, mean = 0.0 (flags = 0x41)
0  -O                                                                        (1 = 100.0%)
1  ... 

Histogram: PageLoad.PageTiming.ForegroundDuration recorded 1 samples, mean = 4456099.0 (flags = 0x41)
0        ... 
3600000  -O                                                                        (1 = 100.0%) {0.0%}

Histogram: PageLoad.PageTiming.ForegroundDuration.AfterPaint recorded 1 samples, mean = 4447294.0 (flags = 0x41)
0        ... 
3600000  -O                                                                        (1 = 100.0%) {0.0%}

Histogram: PageLoad.PageTiming.ForegroundDuration.NoCommit recorded 1 samples, mean = 60.0 (flags = 0x41)
0   ... 
54  -O                                                                        (1 = 100.0%) {0.0%}
62  ... 

Histogram: PageLoad.PageTiming.ForegroundDuration.WithPaint recorded 1 samples, mean = 4456099.0 (flags = 0x41)
0        ... 
3600000  -O                                                                        (1 = 100.0%) {0.0%}

Histogram: PageLoad.PaintTiming.NavigationToFirstPaint recorded 1 samples, mean = 8805.0 (flags = 0x41)
0     ... 
8385  -O                                                                        (1 = 100.0%) {0.0%}
9382  ... 

Histogram: PageLoad.ParseTiming.NavigationToParseStart recorded 1 samples, mean = 5608.0 (flags = 0x41)
0     ... 
5349  -O                                                                        (1 = 100.0%) {0.0%}
5985  ... 

Histogram: PageLoad.ParseTiming.NavigationToParseStart.LoadType.NewNavigation recorded 1 samples, mean = 5608.0 (flags = 0x41)
0     ... 
5349  -O                                                                        (1 = 100.0%) {0.0%}
5985  ... 

Histogram: PageLoad.ParseTiming.ParseBlockedOnScriptExecution recorded 1 samples, mean = 6.0 (flags = 0x41)
0  -O                                                                        (1 = 100.0%)
10 ... 

Histogram: PageLoad.ParseTiming.ParseBlockedOnScriptExecutionFromDocumentWrite recorded 1 samples, mean = 0.0 (flags = 0x41)
0  -O                                                                        (1 = 100.0%)
10 ... 

Histogram: PageLoad.ParseTiming.ParseBlockedOnScriptLoad recorded 1 samples, mean = 2656.0 (flags = 0x41)
0     ... 
2435  -O                                                                        (1 = 100.0%) {0.0%}
2725  ... 

Histogram: PaintHolding.CommitTrigger2 recorded 1 samples, mean = 3.0 (flags = 0x41)
0  ... 
3  -O                                                                        (1 = 100.0%) {0.0%}
4  ... 

Histogram: PasswordManager.AccountStore.InaccessiblePasswords3 recorded 1 samples, mean = 0.0 (flags = 0x41)
0  -O                                                                        (1 = 100.0%)
1  ... 

Histogram: PasswordManager.AccountStore.LoginDatabaseEncryptionStatus recorded 1 samples, mean = 0.0 (flags = 0x41)
0  -O                                                                        (1 = 100.0%)
1  ... 

Histogram: PasswordManager.AffiliationDatabase.DatabaseSize recorded 1 samples, mean = 52.0 (flags = 0x41)
0  -O                                                                        (1 = 100.0%)
1000... 

Histogram: PasswordManager.BubbleSuppression.AccountsInStatisticsTable2 recorded 1 samples, mean = 0.0 (flags = 0x41)
0  -O                                                                        (1 = 100.0%)
1  ... 

Histogram: PasswordManager.GetAllLogins.TimeSinceInit recorded 2 samples, mean = 30194.5 (flags = 0x41)
0      ... 
26495  --O                                                                       (2 = 100.0%) {0.0%}
33665  ... 

Histogram: PasswordManager.GetAutofillableLogins.TimeSinceInit recorded 2 samples, mean = 5656.5 (flags = 0x41)
0     ... 
4955  --O                                                                       (2 = 100.0%) {0.0%}
6296  ... 

Histogram: PasswordManager.LoginDatabaseInit2 recorded 2 samples, mean = 0.0 (flags = 0x41)
0  --O                                                                       (2 = 100.0%)
1  ... 

Histogram: PasswordManager.OnEncryptorReceived.Success recorded 2 samples, mean = 1.0 (flags = 0x41)
0  O                                                                         (0 = 0.0%)
1  --O                                                                       (2 = 100.0%) {0.0%}
2  O                                                                         (0 = 0.0%) {100.0%}

Histogram: PasswordManager.PasswordStore.InitTime recorded 2 samples, mean = 4208.5 (flags = 0x41)
0     ... 
3553  --O                                                                       (2 = 100.0%) {0.0%}
4222  ... 

Histogram: PasswordManager.PasswordStoreBackend.GetAllLoginsAsync recorded 4 samples, mean = 1.0 (flags = 0x41)
0  --O                                                                       (2 = 50.0%)
1  O                                                                         (0 = 0.0%) {50.0%}
2  --O                                                                       (2 = 50.0%) {50.0%}
3  ... 

Histogram: PasswordManager.PasswordStoreBackend.GetAllLoginsAsync.Latency recorded 2 samples, mean = 0.0 (flags = 0x41)
0  --O                                                                       (2 = 100.0%)
1  ... 

Histogram: PasswordManager.PasswordStoreBackend.GetAllLoginsAsync.Success recorded 2 samples, mean = 1.0 (flags = 0x41)
0  O                                                                         (0 = 0.0%)
1  --O                                                                       (2 = 100.0%) {0.0%}
2  O                                                                         (0 = 0.0%) {100.0%}

Histogram: PasswordManager.PasswordStoreBackend.GetAutofillableLoginsAsync recorded 4 samples, mean = 1.0 (flags = 0x41)
0  --O                                                                       (2 = 50.0%)
1  O                                                                         (0 = 0.0%) {50.0%}
2  --O                                                                       (2 = 50.0%) {50.0%}
3  ... 

Histogram: PasswordManager.PasswordStoreBackend.GetAutofillableLoginsAsync.Latency recorded 2 samples, mean = 204.0 (flags = 0x41)
0    ... 
173  --O                                                                       (2 = 100.0%) {0.0%}
220  ... 

Histogram: PasswordManager.PasswordStoreBackend.GetAutofillableLoginsAsync.Success recorded 2 samples, mean = 1.0 (flags = 0x41)
0  O                                                                         (0 = 0.0%)
1  --O                                                                       (2 = 100.0%) {0.0%}
2  O                                                                         (0 = 0.0%) {100.0%}

Histogram: PasswordManager.PasswordStoreBuiltInBackend.GetAllLoginsAsync recorded 4 samples, mean = 1.0 (flags = 0x41)
0  --O                                                                       (2 = 50.0%)
1  O                                                                         (0 = 0.0%) {50.0%}
2  --O                                                                       (2 = 50.0%) {50.0%}
3  ... 

Histogram: PasswordManager.PasswordStoreBuiltInBackend.GetAllLoginsAsync.Latency recorded 2 samples, mean = 0.0 (flags = 0x41)
0  --O                                                                       (2 = 100.0%)
1  ... 

Histogram: PasswordManager.PasswordStoreBuiltInBackend.GetAllLoginsAsync.Success recorded 2 samples, mean = 1.0 (flags = 0x41)
0  O                                                                         (0 = 0.0%)
1  --O                                                                       (2 = 100.0%) {0.0%}
2  O                                                                         (0 = 0.0%) {100.0%}

Histogram: PasswordManager.PasswordStoreBuiltInBackend.GetAutofillableLoginsAsync recorded 4 samples, mean = 1.0 (flags = 0x41)
0  --O                                                                       (2 = 50.0%)
1  O                                                                         (0 = 0.0%) {50.0%}
2  --O                                                                       (2 = 50.0%) {50.0%}
3  ... 

Histogram: PasswordManager.PasswordStoreBuiltInBackend.GetAutofillableLoginsAsync.Latency recorded 2 samples, mean = 204.0 (flags = 0x41)
0    ... 
173  --O                                                                       (2 = 100.0%) {0.0%}
220  ... 

Histogram: PasswordManager.PasswordStoreBuiltInBackend.GetAutofillableLoginsAsync.Success recorded 2 samples, mean = 1.0 (flags = 0x41)
0  O                                                                         (0 = 0.0%)
1  --O                                                                       (2 = 100.0%) {0.0%}
2  O                                                                         (0 = 0.0%) {100.0%}

Histogram: PasswordManager.ProfileStore.InaccessiblePasswords3 recorded 1 samples, mean = 0.0 (flags = 0x41)
0  -O                                                                        (1 = 100.0%)
1  ... 

Histogram: PasswordManager.ProfileStore.LoginDatabaseEncryptionStatus recorded 1 samples, mean = 0.0 (flags = 0x41)
0  -O                                                                        (1 = 100.0%)
1  ... 

Histogram: PasswordManager.SavedGaiaPasswordHashCount2 recorded 1 samples, mean = 0.0 (flags = 0x41)
0  -O                                                                        (1 = 100.0%)
1  ... 

Histogram: PasswordManager.SyncMetadataReadError2 recorded 2 samples, mean = 0.0 (flags = 0x41)
0  --O                                                                       (2 = 100.0%)
1  ... 

Histogram: PaymentRequest.IsCanMakePaymentAllowedByPref.Startup recorded 1 samples, mean = 1.0 (flags = 0x41)
0  O                                                                         (0 = 0.0%)
1  -O                                                                        (1 = 100.0%) {0.0%}
2  O                                                                         (0 = 0.0%) {100.0%}

Histogram: PerformanceManager.LoadingNotQuiescentPageCount.All recorded 148 samples, mean = 0.0 (flags = 0x41)
0  ------------------------------------------------------------------------O (148 = 100.0%)
1  ... 

Histogram: PerformanceManager.LoadingNotQuiescentPageCount.Hidden recorded 148 samples, mean = 0.0 (flags = 0x41)
0  ------------------------------------------------------------------------O (148 = 100.0%)
1  ... 

Histogram: PerformanceManager.LoadingNotQuiescentPageCount.MixedVisibility recorded 148 samples, mean = 0.0 (flags = 0x41)
0  ------------------------------------------------------------------------O (148 = 100.0%)
1  ... 

Histogram: PerformanceManager.LoadingNotQuiescentPageCount.Visible recorded 148 samples, mean = 0.0 (flags = 0x41)
0  ------------------------------------------------------------------------O (148 = 100.0%)
1  ... 

Histogram: PerformanceManager.QuiescentPageCount recorded 148 samples, mean = 1.0 (flags = 0x41)
0  O                                                                         (0 = 0.0%)
1  ------------------------------------------------------------------------O (148 = 100.0%) {0.0%}
2  ... 

Histogram: PerformanceManager.SiteDB.DatabaseInit recorded 1 samples, mean = 0.0 (flags = 0x41)
0  -O                                                                        (1 = 100.0%)
1  ... 

Histogram: PerformanceManager.SiteDB.OnDiskSize recorded 1 samples, mean = 1.0 (flags = 0x41)
0  -O                                                                        (1 = 100.0%)
1000... 

Histogram: PerformanceManager.SiteDB.WriteCompleted.WriteSiteDataIntoStore recorded 1 samples, mean = 1.0 (flags = 0x41)
0  O                                                                         (0 = 0.0%)
1  -O                                                                        (1 = 100.0%) {0.0%}
2  O                                                                         (0 = 0.0%) {100.0%}

Histogram: PerformanceManager.SiteDB.WriteScheduled.WriteSiteDataIntoStore recorded 1 samples, mean = 1.0 (flags = 0x41)
0  O                                                                         (0 = 0.0%)
1  -O                                                                        (1 = 100.0%) {0.0%}
2  O                                                                         (0 = 0.0%) {100.0%}

Histogram: PerformanceManager.TabRevisitTracker.TimeToClose2 recorded 1 samples, mean = 4456.0 (flags = 0x41)
0     ... 
4416  -O                                                                        (1 = 100.0%) {0.0%}
4647  ... 

Histogram: PerformanceManager.UserTuning.BatterySaverModeEnabledPercent recorded 1 samples, mean = 0.0 (flags = 0x41)
0  -O                                                                        (1 = 100.0%)
1  ... 

Histogram: PerformanceManager.UserTuning.MemorySaverModeEnabledPercent recorded 1 samples, mean = 0.0 (flags = 0x41)
0  -O                                                                        (1 = 100.0%)
1  ... 

Histogram: PerformanceMonitor.AverageCPU8.BrowserProcess recorded 37 samples, mean = 1883.1 (flags = 0x41)
0      ... 
983    ------------O                                                             (12 = 32.4%) {0.0%}
1187   ---------------------O                                                    (21 = 56.8%) {32.4%}
1433   O                                                                         (0 = 0.0%) {89.2%}
1730   -O                                                                        (1 = 2.7%) {89.2%}
2088   ... 
6462   --O                                                                       (2 = 5.4%) {91.9%}
7801   ... 
11368  -O                                                                        (1 = 2.7%) {97.3%}
13724  ... 

Histogram: PerformanceMonitor.AverageCPU8.GPUProcess recorded 37 samples, mean = 8.6 (flags = 0x41)
0    -----------------------O                                                  (23 = 62.2%)
1    --O                                                                       (2 = 5.4%) {62.2%}
2    -O                                                                        (1 = 2.7%) {67.6%}
3    --O                                                                       (2 = 5.4%) {70.3%}
4    -----O                                                                    (5 = 13.5%) {75.7%}
5    --O                                                                       (2 = 5.4%) {89.2%}
6    ... 
8    -O                                                                        (1 = 2.7%) {94.6%}
10   ... 
263  -O                                                                        (1 = 2.7%) {97.3%}
317  ... 

Histogram: PerformanceMonitor.AverageCPU8.NetworkProcess recorded 37 samples, mean = 2.7 (flags = 0x41)
0   O                                                                         (0 = 0.0%)
1   ----------------O                                                         (16 = 43.2%) {0.0%}
2   ---------------O                                                          (15 = 40.5%) {43.2%}
3   --O                                                                       (2 = 5.4%) {83.8%}
4   O                                                                         (0 = 0.0%) {89.2%}
5   ---O                                                                      (3 = 8.1%) {89.2%}
6   ... 
33  -O                                                                        (1 = 2.7%) {97.3%}
40  ... 

Histogram: PerformanceMonitor.AverageCPU8.OtherProcess recorded 37 samples, mean = 0.0 (flags = 0x41)
0  -------------------------------------O                                    (37 = 100.0%)
1  ... 

Histogram: PerformanceMonitor.AverageCPU8.RendererExtensionEventProcess recorded 37 samples, mean = 0.0 (flags = 0x41)
0  -------------------------------------O                                    (37 = 100.0%)
1  ... 

Histogram: PerformanceMonitor.AverageCPU8.RendererExtensionPersistentProcess recorded 37 samples, mean = 0.0 (flags = 0x41)
0  -------------------------------------O                                    (37 = 100.0%)
1  ... 

Histogram: PerformanceMonitor.AverageCPU8.RendererProcess recorded 37 samples, mean = 11.2 (flags = 0x41)
0    ----------------------------O                                             (28 = 75.7%)
1    -O                                                                        (1 = 2.7%) {75.7%}
2    ... 
4    -----O                                                                    (5 = 13.5%) {78.4%}
5    ... 
8    --O                                                                       (2 = 5.4%) {91.9%}
10   ... 
317  -O                                                                        (1 = 2.7%) {97.3%}
383  ... 

Histogram: PerformanceMonitor.AverageCPU8.Total recorded 37 samples, mean = 1895.2 (flags = 0x41)
0      ... 
983    ----------O                                                               (10 = 27.0%) {0.0%}
1187   -----------------------O                                                  (23 = 62.2%) {27.0%}
1433   ... 
2088   -O                                                                        (1 = 2.7%) {89.2%}
2521   ... 
6462   --O                                                                       (2 = 5.4%) {91.9%}
7801   ... 
11368  -O                                                                        (1 = 2.7%) {97.3%}
13724  ... 

Histogram: PerformanceMonitor.AverageCPU8.Total.ZeroWindow recorded 37 samples, mean = 1895.2 (flags = 0x41)
0      ... 
983    ----------O                                                               (10 = 27.0%) {0.0%}
1187   -----------------------O                                                  (23 = 62.2%) {27.0%}
1433   ... 
2088   -O                                                                        (1 = 2.7%) {89.2%}
2521   ... 
6462   --O                                                                       (2 = 5.4%) {91.9%}
7801   ... 
11368  -O                                                                        (1 = 2.7%) {97.3%}
13724  ... 

Histogram: PerformanceMonitor.AverageCPU8.UtilityProcess recorded 37 samples, mean = 4.6 (flags = 0x41)
0    ------------------------------------O                                     (36 = 97.3%)
1    ... 
150  -O                                                                        (1 = 2.7%) {97.3%}
181  ... 

Histogram: PerformanceMonitor.HasPreciseCPUUsage recorded 9 samples, mean = 1.0 (flags = 0x41)
0  O                                                                         (0 = 0.0%)
1  ---------O                                                                (9 = 100.0%) {0.0%}
2  O                                                                         (0 = 0.0%) {100.0%}

Histogram: PerformanceMonitor.UsageScenario.LongInterval recorded 37 samples, mean = 13.0 (flags = 0x41)
0   ... 
13  -------------------------------------O                                    (37 = 100.0%) {0.0%}
14  ... 

Histogram: Permissions.API.CreatedPermissionStatusObjects recorded 1 samples, mean = 0.0 (flags = 0x41)
0  -O                                                                        (1 = 100.0%)
1  ... 

Histogram: Permissions.Experimental.PrimaryMainNavigationFinished.AudioCapture.TopLevelHeaderPolicy recorded 1 samples, mean = 0.0 (flags = 0x41)
0  -O                                                                        (1 = 100.0%)
1  ... 

Histogram: Permissions.Experimental.PrimaryMainNavigationFinished.Geolocation.TopLevelHeaderPolicy recorded 1 samples, mean = 0.0 (flags = 0x41)
0  -O                                                                        (1 = 100.0%)
1  ... 

Histogram: Permissions.Experimental.PrimaryMainNavigationFinished.VideoCapture.TopLevelHeaderPolicy recorded 1 samples, mean = 0.0 (flags = 0x41)
0  -O                                                                        (1 = 100.0%)
1  ... 

Histogram: Permissions.QuietNotificationPrompts.RegularProfile.IsEnabledInPrefs recorded 1 samples, mean = 0.0 (flags = 0x41)
0  -O                                                                        (1 = 100.0%)
1  ... 

Histogram: Platform.IntelMaxMicroArchitecture recorded 1 samples, mean = 8.0 (flags = 0x41)
0  ... 
8  -O                                                                        (1 = 100.0%) {0.0%}
9  ... 

Histogram: Power.BatteryDischargeMode5 recorded 74 samples, mean = 4.0 (flags = 0x41)
0  ... 
4  ------------------------------------------------------------------------O (74 = 100.0%) {0.0%}
5  ... 

Histogram: Power.BatteryDischargeMode5.Initial recorded 1 samples, mean = 4.0 (flags = 0x41)
0  ... 
4  -O                                                                        (1 = 100.0%) {0.0%}
5  ... 

Histogram: Power.BatteryDischargeMode5.Periodic recorded 73 samples, mean = 4.0 (flags = 0x41)
0  ... 
4  ------------------------------------------------------------------------O (73 = 100.0%) {0.0%}
5  ... 

Histogram: Power.BatteryDischargeMode5.TenMinutes recorded 7 samples, mean = 4.0 (flags = 0x41)
0  ... 
4  -------O                                                                  (7 = 100.0%) {0.0%}
5  ... 

Histogram: Power.BatteryDischargeMode5.ZeroWindow recorded 74 samples, mean = 4.0 (flags = 0x41)
0  ... 
4  ------------------------------------------------------------------------O (74 = 100.0%) {0.0%}
5  ... 

Histogram: Power.BatteryDischargeMode5.ZeroWindow.Initial recorded 1 samples, mean = 4.0 (flags = 0x41)
0  ... 
4  -O                                                                        (1 = 100.0%) {0.0%}
5  ... 

Histogram: Power.BatteryDischargeMode5.ZeroWindow.Periodic recorded 73 samples, mean = 4.0 (flags = 0x41)
0  ... 
4  ------------------------------------------------------------------------O (73 = 100.0%) {0.0%}
5  ... 

Histogram: Power.HasPreciseBatteryDischargeGranularity recorded 74 samples, mean = 0.0 (flags = 0x41)
0  ------------------------------------------------------------------------O (74 = 100.0%)
1  ... 

Histogram: Prefs.JSonStore.SetValueKey recorded 72 samples (flags = 0x41)
372921139   ---------------------------O                                              (27 = 37.5%)
852125461   --O                                                                       (2 = 2.8%)
1227647714  -O                                                                        (1 = 1.4%)
1300345862  -O                                                                        (1 = 1.4%)
1526276751  --O                                                                       (2 = 2.8%)
1923415074  ------O                                                                   (6 = 8.3%)
1927273959  -O                                                                        (1 = 1.4%)
1936820420  --O                                                                       (2 = 2.8%)
1956100443  --O                                                                       (2 = 2.8%)
2056672062  ---------------------------O                                              (27 = 37.5%)
2082524502  -O                                                                        (1 = 1.4%)

Histogram: Privacy.CookieControlsSetting.RegularProfile recorded 1 samples, mean = 2.0 (flags = 0x41)
0  ... 
2  -O                                                                        (1 = 100.0%) {0.0%}
3  O                                                                         (0 = 0.0%) {100.0%}

Histogram: Privacy.DIPS.BounceCategoryServer.Block3PC recorded 1 samples, mean = 0.0 (flags = 0x41)
0  -O                                                                        (1 = 100.0%)
1  ... 

Histogram: Privacy.DIPS.ClearedSitesCount.Block3PC recorded 2 samples, mean = 0.0 (flags = 0x41)
0  --O                                                                       (2 = 100.0%)
1  ... 

Histogram: Privacy.DIPS.DIPSErrorCodes recorded 3 samples, mean = 2.0 (flags = 0x41)
0  --O                                                                       (2 = 66.7%)
1  ... 
6  -O                                                                        (1 = 33.3%) {66.7%}
7  ... 

Histogram: Privacy.DIPS.Database.Operation.FilterSitesWithProtectiveEventTime recorded 1 samples, mean = 0.0 (flags = 0x41)
0  -O                                                                        (1 = 100.0%)
1  ... 

Histogram: Privacy.DIPS.Database.Operation.GetSitesThatBouncedWithStateTime recorded 2 samples, mean = 0.5 (flags = 0x41)
0  -O                                                                        (1 = 50.0%)
1  -O                                                                        (1 = 50.0%) {50.0%}
2  ... 

Histogram: Privacy.DIPS.Database.Operation.InitTime recorded 1 samples, mean = 6.0 (flags = 0x41)
0  ... 
6  -O                                                                        (1 = 100.0%) {0.0%}
7  ... 

Histogram: Privacy.DIPS.Database.Operation.ReadPopupTime recorded 1 samples, mean = 0.0 (flags = 0x41)
0  -O                                                                        (1 = 100.0%)
1  ... 

Histogram: Privacy.DIPS.Database.Operation.ReadTime recorded 3 samples, mean = 0.0 (flags = 0x41)
0  ---O                                                                      (3 = 100.0%)
1  ... 

Histogram: Privacy.DIPS.Database.Operation.RemoveRowsTime recorded 1 samples, mean = 3.0 (flags = 0x41)
0  ... 
3  -O                                                                        (1 = 100.0%) {0.0%}
4  ... 

Histogram: Privacy.DIPS.Database.Operation.WriteTime recorded 1 samples, mean = 61.0 (flags = 0x41)
0   ... 
57  -O                                                                        (1 = 100.0%) {0.0%}
68  ... 

Histogram: Privacy.DIPS.DatabaseEntryCount recorded 1 samples, mean = 1.0 (flags = 0x41)
0  O                                                                         (0 = 0.0%)
1  -O                                                                        (1 = 100.0%) {0.0%}
2  ... 

Histogram: Privacy.DIPS.DatabaseHealthMetricsTime recorded 1 samples, mean = 2.0 (flags = 0x41)
0  ... 
2  -O                                                                        (1 = 100.0%) {0.0%}
3  ... 

Histogram: Privacy.DIPS.DatabaseInit recorded 1 samples, mean = 1.0 (flags = 0x41)
0  O                                                                         (0 = 0.0%)
1  -O                                                                        (1 = 100.0%) {0.0%}
2  ... 

Histogram: Privacy.DIPS.DatabaseSize recorded 1 samples, mean = 36.0 (flags = 0x41)
0  -O                                                                        (1 = 100.0%)
1000... 

Histogram: Privacy.DoNotTrackSetting2 recorded 1 samples, mean = 0.0 (flags = 0x41)
0  -O                                                                        (1 = 100.0%)
1  ... 

Histogram: Privacy.ThirdPartyCookieBlockingSetting.RegularProfile recorded 1 samples, mean = 0.0 (flags = 0x41)
0  -O                                                                        (1 = 100.0%)
1  ... 

Histogram: PrivacyBudget.Identifiability.FinchConfigValidationResult recorded 1 samples, mean = 1.0 (flags = 0x41)
0  O                                                                         (0 = 0.0%)
1  -O                                                                        (1 = 100.0%) {0.0%}
2  O                                                                         (0 = 0.0%) {100.0%}

Histogram: PrivacyBudget.Identifiability.RecordedSample recorded 91 samples, mean = 0.0 (flags = 0x41)
0  ------------------------------------------------------------------------O (91 = 100.0%)
1  ... 

Histogram: PrivacySandbox.NoticeRequirement.IsVariationCountryEmpty recorded 3 samples, mean = 1.0 (flags = 0x41)
0  O                                                                         (0 = 0.0%)
1  ---O                                                                      (3 = 100.0%) {0.0%}
2  O                                                                         (0 = 0.0%) {100.0%}

Histogram: PrivacySandbox.NoticeRequirement.IsVariationServiceReady recorded 3 samples, mean = 1.0 (flags = 0x41)
0  O                                                                         (0 = 0.0%)
1  ---O                                                                      (3 = 100.0%) {0.0%}
2  O                                                                         (0 = 0.0%) {100.0%}

Histogram: PrivacySandbox.TrackingProtection.OnboardingStartup.State recorded 1 samples, mean = 0.0 (flags = 0x41)
0  -O                                                                        (1 = 100.0%)
1  ... 

Histogram: PrivacySandbox.TrackingProtection.SilentOnboardingStartup.State recorded 1 samples, mean = 0.0 (flags = 0x41)
0  -O                                                                        (1 = 100.0%)
1  ... 

Histogram: Profile.AppCount recorded 1 samples, mean = 0.0 (flags = 0x41)
0  -O                                                                        (1 = 100.0%)
1  ... 

Histogram: Profile.BookmarksSize recorded 1 samples, mean = 0.0 (flags = 0x41)
0  -O                                                                        (1 = 100.0%)
1  ... 

Histogram: Profile.CookiesSize recorded 1 samples, mean = 0.0 (flags = 0x41)
0  -O                                                                        (1 = 100.0%)
1  ... 

Histogram: Profile.Destroyer.OffTheRecord recorded 1 samples, mean = 1.0 (flags = 0x41)
0  O                                                                         (0 = 0.0%)
1  -O                                                                        (1 = 100.0%) {0.0%}
2  ... 

Histogram: Profile.DidDestroyProfileBeforeShutdown recorded 1 samples, mean = 0.0 (flags = 0x41)
0  -O                                                                        (1 = 100.0%)
1  ... 

Histogram: Profile.ExtensionSize recorded 1 samples, mean = 0.0 (flags = 0x41)
0  -O                                                                        (1 = 100.0%)
1  ... 

Histogram: Profile.FaviconsSize recorded 1 samples, mean = 0.0 (flags = 0x41)
0  -O                                                                        (1 = 100.0%)
1  ... 

Histogram: Profile.HistorySize recorded 1 samples, mean = 0.0 (flags = 0x41)
0  -O                                                                        (1 = 100.0%)
1  ... 

Histogram: Profile.KeepAliveLeakAtShutdown recorded 2 samples, mean = 3.5 (flags = 0x41)
0  -O                                                                        (1 = 50.0%)
1  ... 
7  -O                                                                        (1 = 50.0%) {50.0%}
8  ... 

Histogram: Profile.LiveProfileCount recorded 2 samples, mean = 1.0 (flags = 0x41)
0  O                                                                         (0 = 0.0%)
1  --O                                                                       (2 = 100.0%) {0.0%}
2  ... 

Histogram: Profile.TopSitesSize recorded 1 samples, mean = 0.0 (flags = 0x41)
0  -O                                                                        (1 = 100.0%)
1  ... 

Histogram: Profile.TotalHistorySize recorded 1 samples, mean = 0.0 (flags = 0x41)
0  -O                                                                        (1 = 100.0%)
1  ... 

Histogram: Profile.TotalSize recorded 1 samples, mean = 0.0 (flags = 0x41)
0  -O                                                                        (1 = 100.0%)
1  ... 

Histogram: Profile.TotalSizeRecursive recorded 1 samples, mean = 15.0 (flags = 0x41)
0   ... 
14  -O                                                                        (1 = 100.0%) {0.0%}
17  ... 

Histogram: Profile.TriggeredReset recorded 1 samples, mean = 0.0 (flags = 0x41)
0  -O                                                                        (1 = 100.0%)
1  ... 

Histogram: Profile.VisitedLinksSize recorded 1 samples, mean = 0.0 (flags = 0x41)
0  -O                                                                        (1 = 100.0%)
1  ... 

Histogram: Profile.WebDataSize recorded 1 samples, mean = 0.0 (flags = 0x41)
0  -O                                                                        (1 = 100.0%)
1  ... 

Histogram: Profile.ZombieProfileCount recorded 2 samples, mean = 0.0 (flags = 0x41)
0  --O                                                                       (2 = 100.0%)
1  ... 

Histogram: ProfilePicker.StartupMode.CreateInitialProfile recorded 1 samples, mean = 0.0 (flags = 0x41)
0  -O                                                                        (1 = 100.0%)
1  ... 

Histogram: ProfilePicker.StartupMode.GetStartupProfile recorded 1 samples, mean = 0.0 (flags = 0x41)
0  -O                                                                        (1 = 100.0%)
1  ... 

Histogram: ProfilePicker.StartupReason.GetStartupProfile recorded 1 samples, mean = 27.0 (flags = 0x41)
0   ... 
27  -O                                                                        (1 = 100.0%) {0.0%}
28  ... 

Histogram: ProtoDB.GetErrorStatus.Metadata recorded 0 samples (flags = 0x41)
0 ... 

Histogram: ProtoDB.GetFound.Metadata recorded 18 samples, mean = 1.0 (flags = 0x41)
0  O                                                                         (0 = 0.0%)
1  ------------------O                                                       (18 = 100.0%) {0.0%}
2  O                                                                         (0 = 0.0%) {100.0%}

Histogram: ProtoDB.GetSuccess.Metadata recorded 18 samples, mean = 1.0 (flags = 0x41)
0  O                                                                         (0 = 0.0%)
1  ------------------O                                                       (18 = 100.0%) {0.0%}
2  O                                                                         (0 = 0.0%) {100.0%}

Histogram: ProtoDB.InitStatus.BudgetManager recorded 1 samples, mean = 4.0 (flags = 0x41)
0  ... 
4  -O                                                                        (1 = 100.0%) {0.0%}
5  ... 

Histogram: ProtoDB.InitStatus.CartDatabase recorded 1 samples, mean = 4.0 (flags = 0x41)
0  ... 
4  -O                                                                        (1 = 100.0%) {0.0%}
5  ... 

Histogram: ProtoDB.InitStatus.ClientCertificatesDatabase recorded 1 samples, mean = 4.0 (flags = 0x41)
0  ... 
4  -O                                                                        (1 = 100.0%) {0.0%}
5  ... 

Histogram: ProtoDB.InitStatus.CommerceParcelTrackingDatabase recorded 1 samples, mean = 4.0 (flags = 0x41)
0  ... 
4  -O                                                                        (1 = 100.0%) {0.0%}
5  ... 

Histogram: ProtoDB.InitStatus.CommerceSubscriptionDatabase recorded 1 samples, mean = 4.0 (flags = 0x41)
0  ... 
4  -O                                                                        (1 = 100.0%) {0.0%}
5  ... 

Histogram: ProtoDB.InitStatus.CouponDatabase recorded 1 samples, mean = 4.0 (flags = 0x41)
0  ... 
4  -O                                                                        (1 = 100.0%) {0.0%}
5  ... 

Histogram: ProtoDB.InitStatus.DiscountsDatabase recorded 1 samples, mean = 4.0 (flags = 0x41)
0  ... 
4  -O                                                                        (1 = 100.0%) {0.0%}
5  ... 

Histogram: ProtoDB.InitStatus.DownloadDB recorded 1 samples, mean = 4.0 (flags = 0x41)
0  ... 
4  -O                                                                        (1 = 100.0%) {0.0%}
5  ... 

Histogram: ProtoDB.InitStatus.DownloadService recorded 1 samples, mean = 4.0 (flags = 0x41)
0  ... 
4  -O                                                                        (1 = 100.0%) {0.0%}
5  ... 

Histogram: ProtoDB.InitStatus.FeatureEngagementTrackerAvailabilityStore recorded 1 samples, mean = 4.0 (flags = 0x41)
0  ... 
4  -O                                                                        (1 = 100.0%) {0.0%}
5  ... 

Histogram: ProtoDB.InitStatus.FeatureEngagementTrackerEventStore recorded 1 samples, mean = 4.0 (flags = 0x41)
0  ... 
4  -O                                                                        (1 = 100.0%) {0.0%}
5  ... 

Histogram: ProtoDB.InitStatus.Metadata recorded 1 samples, mean = 0.0 (flags = 0x41)
0  -O                                                                        (1 = 100.0%)
1  ... 

Histogram: ProtoDB.InitStatus.PersistentOriginTrials recorded 1 samples, mean = 4.0 (flags = 0x41)
0  ... 
4  -O                                                                        (1 = 100.0%) {0.0%}
5  ... 

Histogram: ProtoDB.InitStatus.PreviewsHintCacheStore recorded 1 samples, mean = 4.0 (flags = 0x41)
0  ... 
4  -O                                                                        (1 = 100.0%) {0.0%}
5  ... 

Histogram: ProtoDB.InitStatus.SegmentInfoDatabase recorded 1 samples, mean = 4.0 (flags = 0x41)
0  ... 
4  -O                                                                        (1 = 100.0%) {0.0%}
5  ... 

Histogram: ProtoDB.InitStatus.SharedDb recorded 1 samples, mean = 0.0 (flags = 0x41)
0  -O                                                                        (1 = 100.0%)
1  ... 

Histogram: ProtoDB.InitStatus.SignalDatabase recorded 1 samples, mean = 4.0 (flags = 0x41)
0  ... 
4  -O                                                                        (1 = 100.0%) {0.0%}
5  ... 

Histogram: ProtoDB.InitStatus.SignalStorageConfigDatabase recorded 1 samples, mean = 4.0 (flags = 0x41)
0  ... 
4  -O                                                                        (1 = 100.0%) {0.0%}
5  ... 

Histogram: ProtoDB.InitStatus.StrikeService recorded 1 samples, mean = 4.0 (flags = 0x41)
0  ... 
4  -O                                                                        (1 = 100.0%) {0.0%}
5  ... 

Histogram: ProtoDB.LoadEntriesSuccess.CartDatabase recorded 1 samples, mean = 1.0 (flags = 0x41)
0  O                                                                         (0 = 0.0%)
1  -O                                                                        (1 = 100.0%) {0.0%}
2  O                                                                         (0 = 0.0%) {100.0%}

Histogram: ProtoDB.LoadEntriesSuccess.CouponDatabase recorded 1 samples, mean = 1.0 (flags = 0x41)
0  O                                                                         (0 = 0.0%)
1  -O                                                                        (1 = 100.0%) {0.0%}
2  O                                                                         (0 = 0.0%) {100.0%}

Histogram: ProtoDB.LoadEntriesSuccess.DownloadDB recorded 1 samples, mean = 1.0 (flags = 0x41)
0  O                                                                         (0 = 0.0%)
1  -O                                                                        (1 = 100.0%) {0.0%}
2  O                                                                         (0 = 0.0%) {100.0%}

Histogram: ProtoDB.LoadEntriesSuccess.DownloadService recorded 1 samples, mean = 1.0 (flags = 0x41)
0  O                                                                         (0 = 0.0%)
1  -O                                                                        (1 = 100.0%) {0.0%}
2  O                                                                         (0 = 0.0%) {100.0%}

Histogram: ProtoDB.LoadEntriesSuccess.FeatureEngagementTrackerAvailabilityStore recorded 1 samples, mean = 1.0 (flags = 0x41)
0  O                                                                         (0 = 0.0%)
1  -O                                                                        (1 = 100.0%) {0.0%}
2  O                                                                         (0 = 0.0%) {100.0%}

Histogram: ProtoDB.LoadEntriesSuccess.FeatureEngagementTrackerEventStore recorded 1 samples, mean = 1.0 (flags = 0x41)
0  O                                                                         (0 = 0.0%)
1  -O                                                                        (1 = 100.0%) {0.0%}
2  O                                                                         (0 = 0.0%) {100.0%}

Histogram: ProtoDB.LoadEntriesSuccess.PersistentOriginTrials recorded 1 samples, mean = 1.0 (flags = 0x41)
0  O                                                                         (0 = 0.0%)
1  -O                                                                        (1 = 100.0%) {0.0%}
2  O                                                                         (0 = 0.0%) {100.0%}

Histogram: ProtoDB.LoadEntriesSuccess.SegmentInfoDatabase recorded 1 samples, mean = 1.0 (flags = 0x41)
0  O                                                                         (0 = 0.0%)
1  -O                                                                        (1 = 100.0%) {0.0%}
2  O                                                                         (0 = 0.0%) {100.0%}

Histogram: ProtoDB.LoadEntriesSuccess.SignalStorageConfigDatabase recorded 1 samples, mean = 1.0 (flags = 0x41)
0  O                                                                         (0 = 0.0%)
1  -O                                                                        (1 = 100.0%) {0.0%}
2  O                                                                         (0 = 0.0%) {100.0%}

Histogram: ProtoDB.LoadKeysAndEntriesSuccess.PreviewsHintCacheStore recorded 2 samples, mean = 1.0 (flags = 0x41)
0  O                                                                         (0 = 0.0%)
1  --O                                                                       (2 = 100.0%) {0.0%}
2  O                                                                         (0 = 0.0%) {100.0%}

Histogram: ProtoDB.LoadKeysAndEntriesSuccess.SignalDatabase recorded 20 samples, mean = 1.0 (flags = 0x41)
0  O                                                                         (0 = 0.0%)
1  --------------------O                                                     (20 = 100.0%) {0.0%}
2  O                                                                         (0 = 0.0%) {100.0%}

Histogram: ProtoDB.LoadKeysAndEntriesSuccess.StrikeService recorded 1 samples, mean = 1.0 (flags = 0x41)
0  O                                                                         (0 = 0.0%)
1  -O                                                                        (1 = 100.0%) {0.0%}
2  O                                                                         (0 = 0.0%) {100.0%}

Histogram: ProtoDB.SharedDbInitStatus recorded 53 samples, mean = 11.4 (flags = 0x41)
0   ------------------O                                                       (18 = 34.0%)
1   ... 
11  -----------------O                                                        (17 = 32.1%) {34.0%}
12  ... 
23  -----------------O                                                        (17 = 32.1%) {66.0%}
24  ... 
27  -O                                                                        (1 = 1.9%) {98.1%}
28  ... 

Histogram: ProtoDB.UpdateErrorStatus.CartDatabase recorded 0 samples (flags = 0x41)
0 ... 

Histogram: ProtoDB.UpdateErrorStatus.CouponDatabase recorded 0 samples (flags = 0x41)
0 ... 

Histogram: ProtoDB.UpdateErrorStatus.Default recorded 0 samples (flags = 0x41)
0 ... 

Histogram: ProtoDB.UpdateErrorStatus.FeatureEngagementTrackerAvailabilityStore recorded 0 samples (flags = 0x41)
0 ... 

Histogram: ProtoDB.UpdateErrorStatus.Metadata recorded 0 samples (flags = 0x41)
0 ... 

Histogram: ProtoDB.UpdateErrorStatus.SegmentInfoDatabase recorded 0 samples (flags = 0x41)
0 ... 

Histogram: ProtoDB.UpdateSuccess.CartDatabase recorded 1 samples, mean = 1.0 (flags = 0x41)
0  O                                                                         (0 = 0.0%)
1  -O                                                                        (1 = 100.0%) {0.0%}
2  O                                                                         (0 = 0.0%) {100.0%}

Histogram: ProtoDB.UpdateSuccess.CouponDatabase recorded 1 samples, mean = 1.0 (flags = 0x41)
0  O                                                                         (0 = 0.0%)
1  -O                                                                        (1 = 100.0%) {0.0%}
2  O                                                                         (0 = 0.0%) {100.0%}

Histogram: ProtoDB.UpdateSuccess.Default recorded 5 samples, mean = 1.0 (flags = 0x41)
0  O                                                                         (0 = 0.0%)
1  -----O                                                                    (5 = 100.0%) {0.0%}
2  O                                                                         (0 = 0.0%) {100.0%}

Histogram: ProtoDB.UpdateSuccess.FeatureEngagementTrackerAvailabilityStore recorded 1 samples, mean = 1.0 (flags = 0x41)
0  O                                                                         (0 = 0.0%)
1  -O                                                                        (1 = 100.0%) {0.0%}
2  O                                                                         (0 = 0.0%) {100.0%}

Histogram: ProtoDB.UpdateSuccess.Metadata recorded 1 samples, mean = 1.0 (flags = 0x41)
0  O                                                                         (0 = 0.0%)
1  -O                                                                        (1 = 100.0%) {0.0%}
2  O                                                                         (0 = 0.0%) {100.0%}

Histogram: ProtoDB.UpdateSuccess.SegmentInfoDatabase recorded 11 samples, mean = 1.0 (flags = 0x41)
0  O                                                                         (0 = 0.0%)
1  -----------O                                                              (11 = 100.0%) {0.0%}
2  O                                                                         (0 = 0.0%) {100.0%}

Histogram: Quota.AvailableDiskSpace recorded 4 samples, mean = 58080.8 (flags = 0x41)
0      ... 
55707  ----O                                                                     (4 = 100.0%) {0.0%}
64985  ... 

Histogram: Quota.AvailableDiskSpace2 recorded 1 samples, mean = 58052.0 (flags = 0x41)
0      ... 
55707  -O                                                                        (1 = 100.0%) {0.0%}
64985  ... 

Histogram: Quota.EvictedBucketsPerHour recorded 1 samples, mean = 0.0 (flags = 0x41)
0  -O                                                                        (1 = 100.0%)
1  ... 

Histogram: Quota.EvictionRoundsPerHour recorded 1 samples, mean = 2.0 (flags = 0x41)
0  ... 
2  -O                                                                        (1 = 100.0%) {0.0%}
3  ... 

Histogram: Quota.GlobalTemporaryPoolSize recorded 3 samples, mean = 194634.0 (flags = 0x41)
0       ... 
191044  ---O                                                                      (3 = 100.0%) {0.0%}
222862  ... 

Histogram: Quota.GlobalUsageOfTemporaryStorage recorded 1 samples, mean = 0.0 (flags = 0x41)
0  -O                                                                        (1 = 100.0%)
1  ... 

Histogram: Quota.PercentDiskAvailable recorded 4 samples, mean = 23.0 (flags = 0x41)
0   ... 
23  ----O                                                                     (4 = 100.0%) {0.0%}
24  ... 

Histogram: Quota.PercentDiskAvailable2 recorded 1 samples, mean = 23.0 (flags = 0x41)
0   ... 
23  -O                                                                        (1 = 100.0%) {0.0%}
24  ... 

Histogram: Quota.PercentUsedForTemporaryStorage2 recorded 1 samples, mean = 0.0 (flags = 0x41)
0  -O                                                                        (1 = 100.0%)
1  ... 

Histogram: Quota.SkippedEvictionRoundsPerHour recorded 1 samples, mean = 2.0 (flags = 0x41)
0  ... 
2  -O                                                                        (1 = 100.0%) {0.0%}
3  ... 

Histogram: Quota.StorageKeyNonceCount recorded 1 samples, mean = 0.0 (flags = 0x41)
0  -O                                                                        (1 = 100.0%)
1  ... 

Histogram: Quota.TotalBucketCount recorded 1 samples, mean = 0.0 (flags = 0x41)
0  -O                                                                        (1 = 100.0%)
1  ... 

Histogram: Quota.TotalDiskSpace recorded 4 samples, mean = 243292.0 (flags = 0x41)
0       ... 
222862  ----O                                                                     (4 = 100.0%) {0.0%}
259979  ... 

Histogram: Quota.TotalDiskSpaceIsZero recorded 3 samples, mean = 0.0 (flags = 0x41)
0  ---O                                                                      (3 = 100.0%)
1  ... 

Histogram: ReadingList.Read.Count.OnModelLoaded.AccountStorage recorded 1 samples, mean = 0.0 (flags = 0x41)
0  -O                                                                        (1 = 100.0%)
1  ... 

Histogram: ReadingList.Read.Count.OnModelLoaded.LocalStorage recorded 1 samples, mean = 0.0 (flags = 0x41)
0  -O                                                                        (1 = 100.0%)
1  ... 

Histogram: ReadingList.Unread.Count.OnModelLoaded.AccountStorage recorded 1 samples, mean = 0.0 (flags = 0x41)
0  -O                                                                        (1 = 100.0%)
1  ... 

Histogram: ReadingList.Unread.Count.OnModelLoaded.LocalStorage recorded 1 samples, mean = 0.0 (flags = 0x41)
0  -O                                                                        (1 = 100.0%)
1  ... 

Histogram: Renderer.Core.Timing.Performance.SwapsPerPerformanceEntryInsertion recorded 54 samples, mean = 2.2 (flags = 0x41)
0   ----------------------------O                                             (28 = 51.9%)
1   ------O                                                                   (6 = 11.1%) {51.9%}
2   ---O                                                                      (3 = 5.6%) {63.0%}
3   --O                                                                       (2 = 3.7%) {68.5%}
4   -----O                                                                    (5 = 9.3%) {72.2%}
5   -O                                                                        (1 = 1.9%) {81.5%}
6   O                                                                         (0 = 0.0%) {83.3%}
7   ---O                                                                      (3 = 5.6%) {83.3%}
8   -O                                                                        (1 = 1.9%) {88.9%}
9   ---O                                                                      (3 = 5.6%) {90.7%}
10  -O                                                                        (1 = 1.9%) {96.3%}
11  -O                                                                        (1 = 1.9%) {98.1%}
12  ... 

Histogram: Renderer.CriticalFonts.BlockingResourcesLoadTime recorded 1 samples, mean = 8278.0 (flags = 0x41)
0     ... 
7083  -O                                                                        (1 = 100.0%) {0.0%}
8416  ... 

Histogram: Renderer.CriticalFonts.CriticalFontDelay recorded 1 samples, mean = 0.0 (flags = 0x41)
0  -O                                                                        (1 = 100.0%)
1  ... 

Histogram: Renderer.CriticalFonts.PreloadedFontsLoadTime recorded 1 samples, mean = 6747.0 (flags = 0x41)
0     ... 
5961  -O                                                                        (1 = 100.0%) {0.0%}
7083  ... 

Histogram: Renderer.Font.PrimaryFont.DomContentLoaded recorded 1 samples, mean = 11.0 (flags = 0x41)
0   ... 
10  -O                                                                        (1 = 100.0%) {0.0%}
12  ... 

Histogram: Renderer.Font.PrimaryFont.DomContentLoaded.Style recorded 1 samples, mean = 0.0 (flags = 0x41)
0  -O                                                                        (1 = 100.0%)
1  ... 

Histogram: Renderer.Font.SystemFallback.DomContentLoaded recorded 1 samples, mean = 0.0 (flags = 0x41)
0  -O                                                                        (1 = 100.0%)
1  ... 

Histogram: Renderer.Layout.TextWrapBalance recorded 3 samples, mean = 0.0 (flags = 0x41)
0  ---O                                                                      (3 = 100.0%)
1  ... 

Histogram: Renderer.ProcessLifetime3 recorded 3 samples, mean = 2968086.0 (flags = 0x41)
0        ... 
1786     -O                                                                        (1 = 33.3%) {0.0%}
2006     ... 
4235061  --O                                                                       (2 = 66.7%) {33.3%}
4755881  ... 

Histogram: Renderer.ProcessLifetime3.Empty recorded 1 samples, mean = 4450316.0 (flags = 0x41)
0        ... 
4235061  -O                                                                        (1 = 100.0%) {0.0%}
4755881  ... 

Histogram: Renderer.ProcessLifetime3.MainFrame recorded 1 samples, mean = 4451955.0 (flags = 0x41)
0        ... 
4235061  -O                                                                        (1 = 100.0%) {0.0%}
4755881  ... 

Histogram: Renderer.ProcessLifetime3.Speculative recorded 1 samples, mean = 1987.0 (flags = 0x41)
0     ... 
1786  -O                                                                        (1 = 100.0%) {0.0%}
2006  ... 

Histogram: Renderer.ReduceSubresourceResponseIPC.DidNotifyBrowser recorded 46 samples, mean = 1.0 (flags = 0x41)
0  O                                                                         (0 = 0.0%)
1  ----------------------------------------------O                           (46 = 100.0%) {0.0%}
2  O                                                                         (0 = 0.0%) {100.0%}

Histogram: Renderer4.GpuRasterizationEnabled recorded 1 samples, mean = 1.0 (flags = 0x41)
0  O                                                                         (0 = 0.0%)
1  -O                                                                        (1 = 100.0%) {0.0%}
2  O                                                                         (0 = 0.0%) {100.0%}

Histogram: RendererScheduler.RendererMainThreadLoad5 recorded 8911 samples, mean = 0.0 (flags = 0x41)
0   ------------------------------------------------------------------------O (8901 = 99.9%)
1   O                                                                         (2 = 0.0%) {99.9%}
2   O                                                                         (0 = 0.0%) {99.9%}
3   O                                                                         (1 = 0.0%) {99.9%}
4   O                                                                         (1 = 0.0%) {99.9%}
5   ... 
8   O                                                                         (1 = 0.0%) {99.9%}
9   ... 
19  O                                                                         (1 = 0.0%) {99.9%}
20  O                                                                         (0 = 0.0%) {100.0%}
21  O                                                                         (1 = 0.0%) {100.0%}
22  ... 
36  O                                                                         (1 = 0.0%) {100.0%}
37  ... 
76  O                                                                         (1 = 0.0%) {100.0%}
77  ... 
83  O                                                                         (1 = 0.0%) {100.0%}
84  ... 

Histogram: RendererScheduler.RendererMainThreadLoad5.Background recorded 4451 samples, mean = 0.0 (flags = 0x41)
0  ------------------------------------------------------------------------O (4451 = 100.0%)
1  ... 

Histogram: RendererScheduler.RendererMainThreadLoad5.Background.AfterFifthMinute recorded 4151 samples, mean = 0.0 (flags = 0x41)
0  ------------------------------------------------------------------------O (4151 = 100.0%)
1  ... 

Histogram: RendererScheduler.RendererMainThreadLoad5.Background.AfterFirstMinute recorded 4391 samples, mean = 0.0 (flags = 0x41)
0  ------------------------------------------------------------------------O (4391 = 100.0%)
1  ... 

Histogram: RendererScheduler.RendererMainThreadLoad5.Background.AfterTenthMinute recorded 3851 samples, mean = 0.0 (flags = 0x41)
0  ------------------------------------------------------------------------O (3851 = 100.0%)
1  ... 

Histogram: RendererScheduler.RendererMainThreadLoad5.Foreground recorded 4458 samples, mean = 0.1 (flags = 0x41)
0   ------------------------------------------------------------------------O (4448 = 99.8%)
1   O                                                                         (2 = 0.0%) {99.8%}
2   O                                                                         (2 = 0.0%) {99.8%}
3   O                                                                         (0 = 0.0%) {99.9%}
4   O                                                                         (1 = 0.0%) {99.9%}
5   ... 
29  O                                                                         (2 = 0.0%) {99.9%}
30  ... 
36  O                                                                         (1 = 0.0%) {99.9%}
37  ... 
71  O                                                                         (1 = 0.0%) {100.0%}
72  ... 
76  O                                                                         (1 = 0.0%) {100.0%}
77  ... 

Histogram: RendererScheduler.RendererMainThreadLoad5.Foreground.AfterFirstMinute recorded 4391 samples, mean = 0.0 (flags = 0x41)
0  ------------------------------------------------------------------------O (4391 = 100.0%)
1  ... 

Histogram: ReportingAndNEL.NumberOfLoadedNELPolicies recorded 1 samples, mean = 0.0 (flags = 0x41)
0  -O                                                                        (1 = 100.0%)
1  ... 

Histogram: ReportingAndNEL.NumberOfLoadedNELPolicies2 recorded 1 samples, mean = 0.0 (flags = 0x41)
0  -O                                                                        (1 = 100.0%)
1  ... 

Histogram: ReportingAndNEL.TimeInitializeDB recorded 1 samples, mean = 2.0 (flags = 0x41)
0  ... 
2  -O                                                                        (1 = 100.0%) {0.0%}
3  ... 

Histogram: ResourceScheduler.RequestQueuingDuration.Priority1 recorded 29 samples, mean = 0.0 (flags = 0x41)
0  -----------------------------O                                            (29 = 100.0%)
1  ... 

Histogram: ResourceScheduler.RequestQueuingDuration.Priority2 recorded 29 samples, mean = 142.0 (flags = 0x41)
0     --------------------------O                                               (26 = 89.7%)
1     ... 
220   -O                                                                        (1 = 3.4%) {89.7%}
280   ... 
1177  -O                                                                        (1 = 3.4%) {93.1%}
1496  ... 
2415  -O                                                                        (1 = 3.4%) {96.6%}
3069  ... 

Histogram: ResourceScheduler.RequestQueuingDuration.Priority3 recorded 1 samples, mean = 0.0 (flags = 0x41)
0  -O                                                                        (1 = 100.0%)
1  ... 

Histogram: ResourceScheduler.RequestQueuingDuration.Priority4 recorded 5 samples, mean = 0.0 (flags = 0x41)
0  -----O                                                                    (5 = 100.0%)
1  ... 

Histogram: ResourceScheduler.RequestQueuingDuration.Priority5 recorded 18 samples, mean = 0.0 (flags = 0x41)
0  ------------------O                                                       (18 = 100.0%)
1  ... 

Histogram: SBClientPhishing.Classifier.Event recorded 2 samples, mean = 1.0 (flags = 0x41)
0  O                                                                         (0 = 0.0%)
1  --O                                                                       (2 = 100.0%) {0.0%}
2  ... 

Histogram: SBClientPhishing.HighConfidenceAllowlistCheckDuration recorded 1 samples, mean = 329.0 (flags = 0x41)
0    ... 
280  -O                                                                        (1 = 100.0%) {0.0%}
356  ... 

Histogram: SBClientPhishing.ImageEmbedder.Event recorded 2 samples, mean = 1.0 (flags = 0x41)
0  O                                                                         (0 = 0.0%)
1  --O                                                                       (2 = 100.0%) {0.0%}
2  ... 

Histogram: SBClientPhishing.LoadReportTimesFromPrefAtServiceCreationSuccessful recorded 1 samples, mean = 1.0 (flags = 0x41)
0  O                                                                         (0 = 0.0%)
1  -O                                                                        (1 = 100.0%) {0.0%}
2  O                                                                         (0 = 0.0%) {100.0%}

Histogram: SBClientPhishing.MatchHighConfidenceAllowlist recorded 1 samples, mean = 3.0 (flags = 0x41)
0  ... 
3  -O                                                                        (1 = 100.0%) {0.0%}
4  O                                                                         (0 = 0.0%) {100.0%}

Histogram: SBClientPhishing.MatchHighConfidenceAllowlist.TriggerModel recorded 1 samples, mean = 3.0 (flags = 0x41)
0  ... 
3  -O                                                                        (1 = 100.0%) {0.0%}
4  O                                                                         (0 = 0.0%) {100.0%}

Histogram: SBClientPhishing.PreClassificationCheckResult recorded 1 samples, mean = 3.0 (flags = 0x41)
0  ... 
3  -O                                                                        (1 = 100.0%) {0.0%}
4  ... 

Histogram: SBIRS.DroppedIncident recorded 1 samples, mean = 1.0 (flags = 0x41)
0  O                                                                         (0 = 0.0%)
1  -O                                                                        (1 = 100.0%) {0.0%}
2  ... 

Histogram: SBIRS.ReceivedIncident recorded 1 samples, mean = 1.0 (flags = 0x41)
0  O                                                                         (0 = 0.0%)
1  -O                                                                        (1 = 100.0%) {0.0%}
2  ... 

Histogram: SSL.Experimental.SubresourceResponse recorded 46 samples, mean = 0.0 (flags = 0x41)
0  ----------------------------------------------O                           (46 = 100.0%)
1  ... 

Histogram: SafeBrowsing.AsyncCheck.CommittedNavigationIdsSize recorded 5 samples, mean = 1.6 (flags = 0x41)
0  -O                                                                        (1 = 20.0%)
1  -O                                                                        (1 = 20.0%) {20.0%}
2  --O                                                                       (2 = 40.0%) {40.0%}
3  -O                                                                        (1 = 20.0%) {80.0%}
4  ... 

Histogram: SafeBrowsing.BrowserThrottle.CheckerOnIOLifetime recorded 1 samples, mean = 1446.0 (flags = 0x41)
0     ... 
1177  -O                                                                        (1 = 100.0%) {0.0%}
1496  ... 

Histogram: SafeBrowsing.BrowserThrottle.IntervalBetweenStartAndProcess recorded 1 samples, mean = 1445.0 (flags = 0x41)
0     ... 
1262  -O                                                                        (1 = 100.0%) {0.0%}
1500  ... 

Histogram: SafeBrowsing.BrowserThrottle.IntervalBetweenStartAndProcess.FromNetwork recorded 1 samples, mean = 1445.0 (flags = 0x41)
0     ... 
1262  -O                                                                        (1 = 100.0%) {0.0%}
1500  ... 

Histogram: SafeBrowsing.BrowserThrottle.IsCheckCompletedOnProcessResponse recorded 1 samples, mean = 1.0 (flags = 0x41)
0  O                                                                         (0 = 0.0%)
1  -O                                                                        (1 = 100.0%) {0.0%}
2  O                                                                         (0 = 0.0%) {100.0%}

Histogram: SafeBrowsing.BrowserThrottle.RequestDestination recorded 1 samples, mean = 3.0 (flags = 0x41)
0  ... 
3  -O                                                                        (1 = 100.0%) {0.0%}
4  ... 

Histogram: SafeBrowsing.BrowserThrottle.RequestDestination.Checked recorded 1 samples, mean = 3.0 (flags = 0x41)
0  ... 
3  -O                                                                        (1 = 100.0%) {0.0%}
4  ... 

Histogram: SafeBrowsing.BrowserThrottle.TotalDelay2.FromNetwork recorded 1 samples, mean = 0.0 (flags = 0x41)
0  -O                                                                        (1 = 100.0%)
1  ... 

Histogram: SafeBrowsing.BrowserThrottle.TotalDelay2.HashPrefixDatabaseCheck recorded 2 samples, mean = 0.0 (flags = 0x41)
0  --O                                                                       (2 = 100.0%)
1  ... 

Histogram: SafeBrowsing.BrowserThrottle.WillProcessResponseCount recorded 1 samples, mean = 1.0 (flags = 0x41)
0  O                                                                         (0 = 0.0%)
1  -O                                                                        (1 = 100.0%) {0.0%}
2  ... 

Histogram: SafeBrowsing.CheckBrowseUrl.HasLocalMatch recorded 2 samples, mean = 1.0 (flags = 0x41)
0  O                                                                         (0 = 0.0%)
1  --O                                                                       (2 = 100.0%) {0.0%}
2  O                                                                         (0 = 0.0%) {100.0%}

Histogram: SafeBrowsing.CheckUrl.Action recorded 2 samples, mean = 0.0 (flags = 0x41)
0  --O                                                                       (2 = 100.0%)
1  ... 

Histogram: SafeBrowsing.CheckUrl.FirstRequestThreatType2 recorded 1 samples, mean = 1.0 (flags = 0x41)
0  O                                                                         (0 = 0.0%)
1  -O                                                                        (1 = 100.0%) {0.0%}
2  ... 

Histogram: SafeBrowsing.CheckUrl.FirstRequestThreatType2.LocalPVer4 recorded 1 samples, mean = 1.0 (flags = 0x41)
0  O                                                                         (0 = 0.0%)
1  -O                                                                        (1 = 100.0%) {0.0%}
2  ... 

Histogram: SafeBrowsing.CheckUrl.FirstRequestTimedOut recorded 1 samples, mean = 0.0 (flags = 0x41)
0  -O                                                                        (1 = 100.0%)
1  ... 

Histogram: SafeBrowsing.CheckUrl.FirstRequestTimedOut.LocalPVer4 recorded 1 samples, mean = 0.0 (flags = 0x41)
0  -O                                                                        (1 = 100.0%)
1  ... 

Histogram: SafeBrowsing.CheckUrl.IsDocumentCheckPrefetch recorded 2 samples, mean = 0.0 (flags = 0x41)
0  --O                                                                       (2 = 100.0%)
1  ... 

Histogram: SafeBrowsing.CheckUrl.TimeTaken.HashDatabase recorded 2 samples, mean = 387.0 (flags = 0x41)
0    ... 
8    -O                                                                        (1 = 50.0%) {0.0%}
10   ... 
752  -O                                                                        (1 = 50.0%) {50.0%}
894  ... 

Histogram: SafeBrowsing.CheckUrl.Timeout recorded 2 samples, mean = 0.0 (flags = 0x41)
0  --O                                                                       (2 = 100.0%)
1  ... 

Histogram: SafeBrowsing.CheckUrl.UrlScheme recorded 2 samples, mean = 10.0 (flags = 0x41)
0   ... 
10  --O                                                                       (2 = 100.0%) {0.0%}
11  ... 

Histogram: SafeBrowsing.ClientSidePhishingDetection.AllowlistMatchResult recorded 1 samples, mean = 1.0 (flags = 0x41)
0  O                                                                         (0 = 0.0%)
1  -O                                                                        (1 = 100.0%) {0.0%}
2  ... 

Histogram: SafeBrowsing.FileTypeUpdate.ResourceBundleResult recorded 1 samples (flags = 0x41)
1  -O                                                                        (1 = 100.0%)

Histogram: SafeBrowsing.FileTypeUpdate.ResourceBundleVersion recorded 1 samples (flags = 0x41)
66  -O                                                                        (1 = 100.0%)

Histogram: SafeBrowsing.HPRT.Cache.FullHashCount recorded 4 samples, mean = 0.0 (flags = 0x41)
0  ----O                                                                     (4 = 100.0%)
1  ... 

Histogram: SafeBrowsing.HPRT.Cache.HashPrefixCount recorded 4 samples, mean = 0.0 (flags = 0x41)
0  ----O                                                                     (4 = 100.0%)
1  ... 

Histogram: SafeBrowsing.HPRT.Ineligible.FeatureOff recorded 1 samples, mean = 0.0 (flags = 0x41)
0  -O                                                                        (1 = 100.0%)
1  ... 

Histogram: SafeBrowsing.HPRT.Ineligible.IneligibleForLocation recorded 1 samples, mean = 0.0 (flags = 0x41)
0  -O                                                                        (1 = 100.0%)
1  ... 

Histogram: SafeBrowsing.HPRT.Ineligible.IneligibleForSessionOrLocation recorded 1 samples, mean = 1.0 (flags = 0x41)
0  O                                                                         (0 = 0.0%)
1  -O                                                                        (1 = 100.0%) {0.0%}
2  O                                                                         (0 = 0.0%) {100.0%}

Histogram: SafeBrowsing.HPRT.Ineligible.NoGoogleChromeBranding recorded 1 samples, mean = 1.0 (flags = 0x41)
0  O                                                                         (0 = 0.0%)
1  -O                                                                        (1 = 100.0%) {0.0%}
2  O                                                                         (0 = 0.0%) {100.0%}

Histogram: SafeBrowsing.HPRT.Ineligible.NotAllowedByPolicy recorded 1 samples, mean = 0.0 (flags = 0x41)
0  -O                                                                        (1 = 100.0%)
1  ... 

Histogram: SafeBrowsing.HPRT.Ineligible.NotStandardProtection recorded 1 samples, mean = 0.0 (flags = 0x41)
0  -O                                                                        (1 = 100.0%)
1  ... 

Histogram: SafeBrowsing.HPRT.Ineligible.OffTheRecord recorded 1 samples, mean = 0.0 (flags = 0x41)
0  -O                                                                        (1 = 100.0%)
1  ... 

Histogram: SafeBrowsing.HasCookieAtStartup2 recorded 1 samples, mean = 0.0 (flags = 0x41)
0  -O                                                                        (1 = 100.0%)
1  ... 

Histogram: SafeBrowsing.PageLoadToken.TokenCount recorded 4 samples, mean = 0.0 (flags = 0x41)
0  ----O                                                                     (4 = 100.0%)
1  ... 

Histogram: SafeBrowsing.Pref.Enhanced recorded 1 samples, mean = 0.0 (flags = 0x41)
0  -O                                                                        (1 = 100.0%)
1  ... 

Histogram: SafeBrowsing.Pref.Enhanced.RegularProfile recorded 1 samples, mean = 0.0 (flags = 0x41)
0  -O                                                                        (1 = 100.0%)
1  ... 

Histogram: SafeBrowsing.Pref.Extended recorded 1 samples, mean = 0.0 (flags = 0x41)
0  -O                                                                        (1 = 100.0%)
1  ... 

Histogram: SafeBrowsing.Pref.General recorded 1 samples, mean = 1.0 (flags = 0x41)
0  O                                                                         (0 = 0.0%)
1  -O                                                                        (1 = 100.0%) {0.0%}
2  O                                                                         (0 = 0.0%) {100.0%}

Histogram: SafeBrowsing.RT.CacheManager.CleanUpTime recorded 4 samples, mean = 0.0 (flags = 0x41)
0  ----O                                                                     (4 = 100.0%)
1  ... 

Histogram: SafeBrowsing.RT.CanCheckDatabase recorded 2 samples, mean = 1.0 (flags = 0x41)
0  O                                                                         (0 = 0.0%)
1  --O                                                                       (2 = 100.0%) {0.0%}
2  O                                                                         (0 = 0.0%) {100.0%}

Histogram: SafeBrowsing.RT.ConsumerVersionReason recorded 2 samples, mean = 1.0 (flags = 0x41)
0  -O                                                                        (1 = 50.0%)
1  O                                                                         (0 = 0.0%) {50.0%}
2  -O                                                                        (1 = 50.0%) {50.0%}
3  ... 

Histogram: SafeBrowsing.RendererThrottle.IsCheckCompletedOnProcessResponse recorded 46 samples, mean = 1.0 (flags = 0x41)
0  O                                                                         (0 = 0.0%)
1  ----------------------------------------------O                           (46 = 100.0%) {0.0%}
2  O                                                                         (0 = 0.0%) {100.0%}

Histogram: SafeBrowsing.RendererThrottle.RequestDestination recorded 50 samples, mean = 10.6 (flags = 0x41)
0   -----O                                                                    (5 = 10.0%)
1   ... 
5   ---------O                                                                (9 = 18.0%) {10.0%}
6   ... 
8   -O                                                                        (1 = 2.0%) {28.0%}
9   -O                                                                        (1 = 2.0%) {30.0%}
10  ... 
13  --------------------------O                                               (26 = 52.0%) {32.0%}
14  ... 
16  --------O                                                                 (8 = 16.0%) {84.0%}
17  ... 

Histogram: SafeBrowsing.V4Database.Size recorded 1 samples, mean = 0.0 (flags = 0x41)
0  -O                                                                        (1 = 100.0%)
1  ... 

Histogram: SafeBrowsing.V4Database.Size.ChromeExtMalware recorded 1 samples, mean = 0.0 (flags = 0x41)
0  -O                                                                        (1 = 100.0%)
1  ... 

Histogram: SafeBrowsing.V4Database.Size.UrlBilling recorded 1 samples, mean = 0.0 (flags = 0x41)
0  -O                                                                        (1 = 100.0%)
1  ... 

Histogram: SafeBrowsing.V4Database.Size.UrlCsdDownloadAllowlist recorded 1 samples, mean = 0.0 (flags = 0x41)
0  -O                                                                        (1 = 100.0%)
1  ... 

Histogram: SafeBrowsing.V4Database.Size.UrlMalBin recorded 1 samples, mean = 0.0 (flags = 0x41)
0  -O                                                                        (1 = 100.0%)
1  ... 

Histogram: SafeBrowsing.V4Database.Size.UrlMalware recorded 1 samples, mean = 0.0 (flags = 0x41)
0  -O                                                                        (1 = 100.0%)
1  ... 

Histogram: SafeBrowsing.V4Database.Size.UrlSoceng recorded 1 samples, mean = 0.0 (flags = 0x41)
0  -O                                                                        (1 = 100.0%)
1  ... 

Histogram: SafeBrowsing.V4Database.Size.UrlUws recorded 1 samples, mean = 0.0 (flags = 0x41)
0  -O                                                                        (1 = 100.0%)
1  ... 

Histogram: SafeBrowsing.V4Database.SizeLinear recorded 1 samples, mean = 0.0 (flags = 0x41)
0  -O                                                                        (1 = 100.0%)
1  ... 

Histogram: SafeBrowsing.V4Database.SizeLinear.ChromeExtMalware recorded 1 samples, mean = 0.0 (flags = 0x41)
0  -O                                                                        (1 = 100.0%)
1  ... 

Histogram: SafeBrowsing.V4Database.SizeLinear.UrlMalBin recorded 1 samples, mean = 0.0 (flags = 0x41)
0  -O                                                                        (1 = 100.0%)
1  ... 

Histogram: SafeBrowsing.V4Database.SizeLinear.UrlSoceng recorded 1 samples, mean = 0.0 (flags = 0x41)
0  -O                                                                        (1 = 100.0%)
1  ... 

Histogram: SafeBrowsing.V4DatabaseInitializationTime recorded 1 samples, mean = 4216.0 (flags = 0x41)
0     ... 
3553  -O                                                                        (1 = 100.0%) {0.0%}
4222  ... 

Histogram: SafeBrowsing.V4Store.IsStoreValid recorded 7 samples, mean = 0.0 (flags = 0x41)
0  -------O                                                                  (7 = 100.0%)
1  ... 

Histogram: SafeBrowsing.V4Store.IsStoreValid.ChromeExtMalware recorded 1 samples, mean = 0.0 (flags = 0x41)
0  -O                                                                        (1 = 100.0%)
1  ... 

Histogram: SafeBrowsing.V4Store.IsStoreValid.UrlBilling recorded 1 samples, mean = 0.0 (flags = 0x41)
0  -O                                                                        (1 = 100.0%)
1  ... 

Histogram: SafeBrowsing.V4Store.IsStoreValid.UrlCsdDownloadAllowlist recorded 1 samples, mean = 0.0 (flags = 0x41)
0  -O                                                                        (1 = 100.0%)
1  ... 

Histogram: SafeBrowsing.V4Store.IsStoreValid.UrlMalBin recorded 1 samples, mean = 0.0 (flags = 0x41)
0  -O                                                                        (1 = 100.0%)
1  ... 

Histogram: SafeBrowsing.V4Store.IsStoreValid.UrlMalware recorded 1 samples, mean = 0.0 (flags = 0x41)
0  -O                                                                        (1 = 100.0%)
1  ... 

Histogram: SafeBrowsing.V4Store.IsStoreValid.UrlSoceng recorded 1 samples, mean = 0.0 (flags = 0x41)
0  -O                                                                        (1 = 100.0%)
1  ... 

Histogram: SafeBrowsing.V4Store.IsStoreValid.UrlUws recorded 1 samples, mean = 0.0 (flags = 0x41)
0  -O                                                                        (1 = 100.0%)
1  ... 

Histogram: SafeBrowsing.V4Store.ReadyOnStartup recorded 7 samples, mean = 0.0 (flags = 0x41)
0  -------O                                                                  (7 = 100.0%)
1  ... 

Histogram: SafeBrowsing.V4StoreRead.Result recorded 7 samples, mean = 2.0 (flags = 0x41)
0  ... 
2  -------O                                                                  (7 = 100.0%) {0.0%}
3  ... 

Histogram: Scheduler.Experimental.Renderer.UkmRecordingStatus recorded 2 samples, mean = 0.0 (flags = 0x41)
0  --O                                                                       (2 = 100.0%)
1  ... 

Histogram: Scheduling.MessagePumpTimeKeeper.BrowserIO recorded 0 samples (flags = 0x41)
0 ... 

Histogram: Scheduling.MessagePumpTimeKeeper.BrowserUI recorded 0 samples (flags = 0x41)
0 ... 

Histogram: Scheduling.ThreadController.ActiveIntervalDuration.Any.BrowserUI recorded 26 samples, mean = 0.0 (flags = 0x41)
0  --------------------------O                                               (26 = 100.0%)
1  ... 

Histogram: Scheduling.ThreadController.ActiveIntervalDuration.Any.Other recorded 25 samples, mean = 0.0 (flags = 0x41)
0  -------------------------O                                                (25 = 100.0%)
1  ... 

Histogram: Scheduling.ThreadController.ActiveIntervalDuration.Short.BrowserUI recorded 26 samples, mean = 2.0 (flags = 0x41)
0  O                                                                         (0 = 0.0%)
1  ----------O                                                               (10 = 38.5%) {0.0%}
2  ------------O                                                             (12 = 46.2%) {38.5%}
3  --O                                                                       (2 = 7.7%) {84.6%}
4  -O                                                                        (1 = 3.8%) {92.3%}
5  ... 
8  -O                                                                        (1 = 3.8%) {96.2%}
9  ... 

Histogram: Scheduling.ThreadController.ActiveIntervalDuration.Short.Other recorded 25 samples, mean = 44.8 (flags = 0x41)
0    ... 
7    -O                                                                        (1 = 4.0%) {0.0%}
8    -----O                                                                    (5 = 20.0%) {4.0%}
9    ---O                                                                      (3 = 12.0%) {24.0%}
10   --O                                                                       (2 = 8.0%) {36.0%}
11   ... 
13   -O                                                                        (1 = 4.0%) {44.0%}
14   O                                                                         (0 = 0.0%) {48.0%}
15   -O                                                                        (1 = 4.0%) {48.0%}
16   ... 
19   -O                                                                        (1 = 4.0%) {52.0%}
20   ... 
29   -O                                                                        (1 = 4.0%) {56.0%}
31   O                                                                         (0 = 0.0%) {60.0%}
33   -O                                                                        (1 = 4.0%) {60.0%}
35   --O                                                                       (2 = 8.0%) {64.0%}
37   O                                                                         (0 = 0.0%) {72.0%}
39   -O                                                                        (1 = 4.0%) {72.0%}
41   ... 
52   --O                                                                       (2 = 8.0%) {76.0%}
55   ... 
110  -O                                                                        (1 = 4.0%) {84.0%}
116  O                                                                         (0 = 0.0%) {88.0%}
122  -O                                                                        (1 = 4.0%) {88.0%}
128  ... 
142  -O                                                                        (1 = 4.0%) {92.0%}
149  ... 
315  -O                                                                        (1 = 4.0%) {96.0%}
331  ... 

Histogram: Scheduling.ThreadController.ActiveIntervalOffCpuDuration.Any.BrowserUI recorded 26 samples, mean = 0.0 (flags = 0x41)
0  --------------------------O                                               (26 = 100.0%)
1  ... 

Histogram: Scheduling.ThreadController.ActiveIntervalOffCpuDuration.Any.Other recorded 25 samples, mean = 0.0 (flags = 0x41)
0  -------------------------O                                                (25 = 100.0%)
1  ... 

Histogram: Scheduling.ThreadController.ActiveIntervalOffCpuDuration.Short.BrowserUI recorded 26 samples, mean = 0.7 (flags = 0x41)
0  -------------O                                                            (13 = 50.0%)
1  -----------O                                                              (11 = 42.3%) {50.0%}
2  -O                                                                        (1 = 3.8%) {92.3%}
3  ... 
6  -O                                                                        (1 = 3.8%) {96.2%}
7  ... 

Histogram: Scheduling.ThreadController.ActiveIntervalOffCpuDuration.Short.Other recorded 25 samples, mean = 12.7 (flags = 0x41)
0    ----O                                                                     (4 = 16.0%)
1    -------O                                                                  (7 = 28.0%) {16.0%}
2    --------O                                                                 (8 = 32.0%) {44.0%}
3    ... 
14   -O                                                                        (1 = 4.0%) {76.0%}
15   -O                                                                        (1 = 4.0%) {80.0%}
16   -O                                                                        (1 = 4.0%) {84.0%}
17   ... 
52   --O                                                                       (2 = 8.0%) {88.0%}
55   ... 
142  -O                                                                        (1 = 4.0%) {96.0%}
149  ... 

Histogram: Scheduling.ThreadController.ActiveIntervalOnCpuDuration.Any.BrowserUI recorded 26 samples, mean = 0.0 (flags = 0x41)
0  --------------------------O                                               (26 = 100.0%)
1  ... 

Histogram: Scheduling.ThreadController.ActiveIntervalOnCpuDuration.Any.Other recorded 25 samples, mean = 0.0 (flags = 0x41)
0  -------------------------O                                                (25 = 100.0%)
1  ... 

Histogram: Scheduling.ThreadController.ActiveIntervalOnCpuDuration.Short.BrowserUI recorded 26 samples, mean = 1.3 (flags = 0x41)
0  O                                                                         (0 = 0.0%)
1  -------------------O                                                      (19 = 73.1%) {0.0%}
2  -------O                                                                  (7 = 26.9%) {73.1%}
3  ... 

Histogram: Scheduling.ThreadController.ActiveIntervalOnCpuDuration.Short.Other recorded 25 samples, mean = 32.1 (flags = 0x41)
0    ---O                                                                      (3 = 12.0%)
1    ... 
6    -O                                                                        (1 = 4.0%) {12.0%}
7    ----O                                                                     (4 = 16.0%) {16.0%}
8    -----O                                                                    (5 = 20.0%) {32.0%}
9    -O                                                                        (1 = 4.0%) {52.0%}
10   ... 
12   -O                                                                        (1 = 4.0%) {56.0%}
13   -O                                                                        (1 = 4.0%) {60.0%}
14   O                                                                         (0 = 0.0%) {64.0%}
15   -O                                                                        (1 = 4.0%) {64.0%}
16   ... 
18   -O                                                                        (1 = 4.0%) {68.0%}
19   ... 
31   -O                                                                        (1 = 4.0%) {72.0%}
33   --O                                                                       (2 = 8.0%) {76.0%}
35   ... 
39   -O                                                                        (1 = 4.0%) {84.0%}
41   ... 
100  -O                                                                        (1 = 4.0%) {88.0%}
105  -O                                                                        (1 = 4.0%) {92.0%}
110  ... 
315  -O                                                                        (1 = 4.0%) {96.0%}
331  ... 

Histogram: Scheduling.ThreadController.ActiveIntervalOnCpuPercentage.Any.BrowserUI recorded 26 samples, mean = 75.3 (flags = 0x41)
0    ... 
25   -O                                                                        (1 = 3.8%) {0.0%}
26   ... 
50   ----------O                                                               (10 = 38.5%) {3.8%}
51   ... 
66   --O                                                                       (2 = 7.7%) {42.3%}
67   ... 
100  -------------O                                                            (13 = 50.0%) {50.0%}
101  O                                                                         (0 = 0.0%) {100.0%}

Histogram: Scheduling.ThreadController.ActiveIntervalOnCpuPercentage.Any.Other recorded 25 samples, mean = 77.9 (flags = 0x41)
0    ---O                                                                      (3 = 12.0%)
1    ... 
50   -O                                                                        (1 = 4.0%) {12.0%}
51   ... 
75   -O                                                                        (1 = 4.0%) {16.0%}
76   O                                                                         (0 = 0.0%) {20.0%}
77   -O                                                                        (1 = 4.0%) {20.0%}
78   ... 
80   --O                                                                       (2 = 8.0%) {24.0%}
81   ... 
86   --O                                                                       (2 = 8.0%) {32.0%}
87   ---O                                                                      (3 = 12.0%) {40.0%}
88   -O                                                                        (1 = 4.0%) {52.0%}
89   ... 
92   -O                                                                        (1 = 4.0%) {56.0%}
93   O                                                                         (0 = 0.0%) {60.0%}
94   ----O                                                                     (4 = 16.0%) {60.0%}
95   ... 
97   -O                                                                        (1 = 4.0%) {76.0%}
98   O                                                                         (0 = 0.0%) {80.0%}
99   -O                                                                        (1 = 4.0%) {80.0%}
100  ----O                                                                     (4 = 16.0%) {84.0%}
101  O                                                                         (0 = 0.0%) {100.0%}

Histogram: Scheduling.ThreadController.ActiveIntervalOnCpuPercentage.Short.BrowserUI recorded 26 samples, mean = 75.3 (flags = 0x41)
0    ... 
25   -O                                                                        (1 = 3.8%) {0.0%}
26   ... 
50   ----------O                                                               (10 = 38.5%) {3.8%}
51   ... 
66   --O                                                                       (2 = 7.7%) {42.3%}
67   ... 
100  -------------O                                                            (13 = 50.0%) {50.0%}
101  O                                                                         (0 = 0.0%) {100.0%}

Histogram: Scheduling.ThreadController.ActiveIntervalOnCpuPercentage.Short.Other recorded 25 samples, mean = 77.9 (flags = 0x41)
0    ---O                                                                      (3 = 12.0%)
1    ... 
50   -O                                                                        (1 = 4.0%) {12.0%}
51   ... 
75   -O                                                                        (1 = 4.0%) {16.0%}
76   O                                                                         (0 = 0.0%) {20.0%}
77   -O                                                                        (1 = 4.0%) {20.0%}
78   ... 
80   --O                                                                       (2 = 8.0%) {24.0%}
81   ... 
86   --O                                                                       (2 = 8.0%) {32.0%}
87   ---O                                                                      (3 = 12.0%) {40.0%}
88   -O                                                                        (1 = 4.0%) {52.0%}
89   ... 
92   -O                                                                        (1 = 4.0%) {56.0%}
93   O                                                                         (0 = 0.0%) {60.0%}
94   ----O                                                                     (4 = 16.0%) {60.0%}
95   ... 
97   -O                                                                        (1 = 4.0%) {76.0%}
98   O                                                                         (0 = 0.0%) {80.0%}
99   -O                                                                        (1 = 4.0%) {80.0%}
100  ----O                                                                     (4 = 16.0%) {84.0%}
101  O                                                                         (0 = 0.0%) {100.0%}

Histogram: Scheduling.ThreadController.IdleDuration.Any.BrowserUI recorded 26 samples, mean = 0.0 (flags = 0x41)
0  --------------------------O                                               (26 = 100.0%)
1  ... 

Histogram: Scheduling.ThreadController.IdleDuration.Any.Other recorded 12 samples, mean = 3353.0 (flags = 0x41)
0      ----O                                                                     (4 = 33.3%)
1      ... 
4      -O                                                                        (1 = 8.3%) {33.3%}
5      ... 
81     -O                                                                        (1 = 8.3%) {41.7%}
96     -O                                                                        (1 = 8.3%) {50.0%}
114    ... 
894    --O                                                                       (2 = 16.7%) {58.3%}
1062   ... 
3553   --O                                                                       (2 = 16.7%) {75.0%}
4222   ... 
10000  -O                                                                        (1 = 8.3%) {91.7%}

Histogram: Scheduling.ThreadController.IdleDuration.Medium.Other recorded 2 samples, mean = 49.0 (flags = 0x41)
0   ... 
4   -O                                                                        (1 = 50.0%) {0.0%}
5   ... 
94  -O                                                                        (1 = 50.0%) {50.0%}
95  ... 

Histogram: Scheduling.ThreadController.IdleDuration.Short.BrowserUI recorded 26 samples, mean = 8.7 (flags = 0x41)
0   ... 
4   ---O                                                                      (3 = 11.5%) {0.0%}
5   -------------O                                                            (13 = 50.0%) {11.5%}
6   --O                                                                       (2 = 7.7%) {61.5%}
7   --O                                                                       (2 = 7.7%) {69.2%}
8   ... 
10  --O                                                                       (2 = 7.7%) {76.9%}
11  O                                                                         (0 = 0.0%) {84.6%}
12  --O                                                                       (2 = 7.7%) {84.6%}
13  ... 
24  -O                                                                        (1 = 3.8%) {92.3%}
25  ... 
55  -O                                                                        (1 = 3.8%) {96.2%}
58  ... 

Histogram: Scheduling.ThreadController.IdleDuration.Short.Other recorded 4 samples, mean = 302.8 (flags = 0x41)
0    ... 
95   --O                                                                       (2 = 50.0%) {0.0%}
100  O                                                                         (0 = 0.0%) {50.0%}
105  -O                                                                        (1 = 25.0%) {50.0%}
110  ... 
904  -O                                                                        (1 = 25.0%) {75.0%}
951  ... 

Histogram: Search.ChoiceReprompt recorded 1 samples, mean = 6.0 (flags = 0x41)
0  ... 
6  -O                                                                        (1 = 100.0%) {0.0%}
7  O                                                                         (0 = 0.0%) {100.0%}

Histogram: Search.SearchProviderOverrideStatus recorded 1 samples, mean = 0.0 (flags = 0x41)
0  -O                                                                        (1 = 100.0%)
1  ... 

Histogram: Security.GwpAsan.Activated.Malloc.Browser recorded 1 samples, mean = 0.0 (flags = 0x41)
0  -O                                                                        (1 = 100.0%)
1  ... 

Histogram: Security.GwpAsan.Activated.PartitionAlloc.Browser recorded 1 samples, mean = 0.0 (flags = 0x41)
0  -O                                                                        (1 = 100.0%)
1  ... 

Histogram: Security.HttpsFirstMode.SettingEnabledAtStartup recorded 1 samples, mean = 0.0 (flags = 0x41)
0  -O                                                                        (1 = 100.0%)
1  ... 

Histogram: Security.JSONParser.ChromiumExtensionUsage recorded 1 samples, mean = 1.0 (flags = 0x41)
0  O                                                                         (0 = 0.0%)
1  -O                                                                        (1 = 100.0%) {0.0%}
2  ... 

Histogram: Security.JSONParser.ParsingTime recorded 17 samples, mean = 52.3 (flags = 0x41)
0    -O                                                                        (1 = 5.9%)
1    O                                                                         (0 = 0.0%) {5.9%}
2    --O                                                                       (2 = 11.8%) {5.9%}
3    --O                                                                       (2 = 11.8%) {17.6%}
4    O                                                                         (0 = 0.0%) {29.4%}
5    -O                                                                        (1 = 5.9%) {29.4%}
7    -O                                                                        (1 = 5.9%) {35.3%}
9    ... 
16   -O                                                                        (1 = 5.9%) {41.2%}
21   O                                                                         (0 = 0.0%) {47.1%}
28   -O                                                                        (1 = 5.9%) {47.1%}
37   --O                                                                       (2 = 11.8%) {52.9%}
49   O                                                                         (0 = 0.0%) {64.7%}
65   --O                                                                       (2 = 11.8%) {64.7%}
86   --O                                                                       (2 = 11.8%) {76.5%}
113  -O                                                                        (1 = 5.9%) {88.2%}
149  O                                                                         (0 = 0.0%) {94.1%}
196  -O                                                                        (1 = 5.9%) {94.1%}
258  ... 

Histogram: Security.NavigationRequestSecurityLevel recorded 2 samples, mean = 1.0 (flags = 0x41)
0  O                                                                         (0 = 0.0%)
1  --O                                                                       (2 = 100.0%) {0.0%}
2  ... 

Histogram: Security.PageEndReason.SECURE recorded 1 samples, mean = 6.0 (flags = 0x41)
0  ... 
6  -O                                                                        (1 = 100.0%) {0.0%}
7  ... 

Histogram: Security.PageEndReason.SafetyTip_None recorded 1 samples, mean = 6.0 (flags = 0x41)
0  ... 
6  -O                                                                        (1 = 100.0%) {0.0%}
7  ... 

Histogram: Security.PrivateNetworkAccess.CheckResult recorded 78 samples, mean = 1.6 (flags = 0x41)
0   ------------------------------O                                           (30 = 38.5%)
1   -----------------------------------------O                                (41 = 52.6%) {38.5%}
2   ... 
12  -------O                                                                  (7 = 9.0%) {91.0%}
13  O                                                                         (0 = 0.0%) {100.0%}

Histogram: Security.SCTAuditing.NumPersistedReportsLoaded recorded 1 samples, mean = 0.0 (flags = 0x41)
0  -O                                                                        (1 = 100.0%)
1  ... 

Histogram: Security.SafetyTips.GetReputationStatusWithEngagedSitesTime recorded 1 samples, mean = 0.0 (flags = 0x41)
0  -O                                                                        (1 = 100.0%)
1  ... 

Histogram: Security.SafetyTips.ReputationCheckComplete.DidFinishNavigation recorded 1 samples, mean = 1.0 (flags = 0x41)
0  O                                                                         (0 = 0.0%)
1  -O                                                                        (1 = 100.0%) {0.0%}
2  ... 

Histogram: Security.SafetyTips.SafetyTipShown recorded 1 samples, mean = 1.0 (flags = 0x41)
0  O                                                                         (0 = 0.0%)
1  -O                                                                        (1 = 100.0%) {0.0%}
2  ... 

Histogram: Security.SafetyTips.StatusWithInitiator.Unknown recorded 1 samples, mean = 1.0 (flags = 0x41)
0  O                                                                         (0 = 0.0%)
1  -O                                                                        (1 = 100.0%) {0.0%}
2  ... 

Histogram: Security.SecurityLevel.OnCommit recorded 1 samples, mean = 3.0 (flags = 0x41)
0  ... 
3  -O                                                                        (1 = 100.0%) {0.0%}
4  ... 

Histogram: Security.SecurityLevel.OnComplete recorded 1 samples, mean = 3.0 (flags = 0x41)
0  ... 
3  -O                                                                        (1 = 100.0%) {0.0%}
4  ... 

Histogram: Security.SiteEngagement.SECURE recorded 1 samples, mean = 13.0 (flags = 0x41)
0   ... 
13  -O                                                                        (1 = 100.0%) {0.0%}
14  ... 

Histogram: Security.SiteEngagement.SafetyTip_None recorded 1 samples, mean = 13.0 (flags = 0x41)
0   ... 
13  -O                                                                        (1 = 100.0%) {0.0%}
14  ... 

Histogram: Security.TimeOnPage2.SECURE recorded 1 samples, mean = 4451959.0 (flags = 0x41)
0        ... 
3600000  -O                                                                        (1 = 100.0%) {0.0%}

Histogram: Security.TimeOnPage2.SafetyTip_None recorded 1 samples, mean = 4451959.0 (flags = 0x41)
0        ... 
3600000  -O                                                                        (1 = 100.0%) {0.0%}

Histogram: SegmentationPlatform.ClassificationRequest.TotalDuration.DeviceSwitcher recorded 1 samples, mean = 65546.0 (flags = 0x41)
0      ... 
10000  -O                                                                        (1 = 100.0%) {0.0%}

Histogram: SegmentationPlatform.ClassificationRequest.TotalDuration.WebAppInstallationPromo recorded 1 samples, mean = 0.0 (flags = 0x41)
0  -O                                                                        (1 = 100.0%)
1  ... 

Histogram: SegmentationPlatform.CrossDeviceUser.PostProcessing.TopLabel.Computed recorded 1 samples (flags = 0x41)
-1 -O                                                                        (1 = 100.0%)

Histogram: SegmentationPlatform.Database.StoreUkmEntry recorded 7 samples, mean = 0.0 (flags = 0x41)
0  -------O                                                                  (7 = 100.0%)
1  ... 

Histogram: SegmentationPlatform.Database.UpdateUrlForUkmSource recorded 6 samples, mean = 1.3 (flags = 0x41)
0  ----O                                                                     (4 = 66.7%)
1  -O                                                                        (1 = 16.7%) {66.7%}
2  ... 
7  -O                                                                        (1 = 16.7%) {83.3%}
8  ... 

Histogram: SegmentationPlatform.DefaultModelDelivery.Metadata.FeatureCount.ChromeLowUserEngagement recorded 1 samples, mean = 1.0 (flags = 0x41)
0  O                                                                         (0 = 0.0%)
1  -O                                                                        (1 = 100.0%) {0.0%}
2  ... 

Histogram: SegmentationPlatform.DefaultModelDelivery.Metadata.FeatureCount.ComposePromotion recorded 1 samples, mean = 1.0 (flags = 0x41)
0  O                                                                         (0 = 0.0%)
1  -O                                                                        (1 = 100.0%) {0.0%}
2  ... 

Histogram: SegmentationPlatform.DefaultModelDelivery.Metadata.FeatureCount.CrossDeviceUserSegment recorded 1 samples, mean = 4.0 (flags = 0x41)
0  ... 
4  -O                                                                        (1 = 100.0%) {0.0%}
5  ... 

Histogram: SegmentationPlatform.DefaultModelDelivery.Metadata.FeatureCount.DatabaseApiClients recorded 1 samples, mean = 3.0 (flags = 0x41)
0  ... 
3  -O                                                                        (1 = 100.0%) {0.0%}
4  ... 

Histogram: SegmentationPlatform.DefaultModelDelivery.Metadata.FeatureCount.DeviceSwitcher recorded 1 samples, mean = 1.0 (flags = 0x41)
0  O                                                                         (0 = 0.0%)
1  -O                                                                        (1 = 100.0%) {0.0%}
2  ... 

Histogram: SegmentationPlatform.DefaultModelDelivery.Metadata.FeatureCount.PasswordManagerUser recorded 1 samples, mean = 7.0 (flags = 0x41)
0  ... 
7  -O                                                                        (1 = 100.0%) {0.0%}
8  ... 

Histogram: SegmentationPlatform.DefaultModelDelivery.Metadata.FeatureCount.ResumeHeavyUserSegment recorded 1 samples, mean = 5.0 (flags = 0x41)
0  ... 
5  -O                                                                        (1 = 100.0%) {0.0%}
6  ... 

Histogram: SegmentationPlatform.DefaultModelDelivery.Metadata.FeatureCount.SearchUser recorded 1 samples, mean = 2.0 (flags = 0x41)
0  ... 
2  -O                                                                        (1 = 100.0%) {0.0%}
3  ... 

Histogram: SegmentationPlatform.DefaultModelDelivery.Metadata.FeatureCount.ShoppingUser recorded 1 samples, mean = 2.0 (flags = 0x41)
0  ... 
2  -O                                                                        (1 = 100.0%) {0.0%}
3  ... 

Histogram: SegmentationPlatform.DefaultModelDelivery.Metadata.FeatureCount.UrlVisitResumptionRanker recorded 1 samples, mean = 23.0 (flags = 0x41)
0   ... 
23  -O                                                                        (1 = 100.0%) {0.0%}
26  ... 

Histogram: SegmentationPlatform.DefaultModelDelivery.Metadata.Validation.Processed.ChromeLowUserEngagement recorded 1 samples, mean = 0.0 (flags = 0x41)
0  -O                                                                        (1 = 100.0%)
1  ... 

Histogram: SegmentationPlatform.DefaultModelDelivery.Metadata.Validation.Processed.ComposePromotion recorded 1 samples, mean = 0.0 (flags = 0x41)
0  -O                                                                        (1 = 100.0%)
1  ... 

Histogram: SegmentationPlatform.DefaultModelDelivery.Metadata.Validation.Processed.CrossDeviceUserSegment recorded 1 samples, mean = 0.0 (flags = 0x41)
0  -O                                                                        (1 = 100.0%)
1  ... 

Histogram: SegmentationPlatform.DefaultModelDelivery.Metadata.Validation.Processed.DatabaseApiClients recorded 1 samples, mean = 0.0 (flags = 0x41)
0  -O                                                                        (1 = 100.0%)
1  ... 

Histogram: SegmentationPlatform.DefaultModelDelivery.Metadata.Validation.Processed.DeviceSwitcher recorded 1 samples, mean = 0.0 (flags = 0x41)
0  -O                                                                        (1 = 100.0%)
1  ... 

Histogram: SegmentationPlatform.DefaultModelDelivery.Metadata.Validation.Processed.PasswordManagerUser recorded 1 samples, mean = 0.0 (flags = 0x41)
0  -O                                                                        (1 = 100.0%)
1  ... 

Histogram: SegmentationPlatform.DefaultModelDelivery.Metadata.Validation.Processed.ResumeHeavyUserSegment recorded 1 samples, mean = 0.0 (flags = 0x41)
0  -O                                                                        (1 = 100.0%)
1  ... 

Histogram: SegmentationPlatform.DefaultModelDelivery.Metadata.Validation.Processed.SearchUser recorded 1 samples, mean = 0.0 (flags = 0x41)
0  -O                                                                        (1 = 100.0%)
1  ... 

Histogram: SegmentationPlatform.DefaultModelDelivery.Metadata.Validation.Processed.ShoppingUser recorded 1 samples, mean = 0.0 (flags = 0x41)
0  -O                                                                        (1 = 100.0%)
1  ... 

Histogram: SegmentationPlatform.DefaultModelDelivery.Metadata.Validation.Processed.UrlVisitResumptionRanker recorded 1 samples, mean = 0.0 (flags = 0x41)
0  -O                                                                        (1 = 100.0%)
1  ... 

Histogram: SegmentationPlatform.DefaultModelDelivery.Received recorded 10 samples (flags = 0x41)
16    -O                                                                        (1 = 10.0%)
21    -O                                                                        (1 = 10.0%)
23    -O                                                                        (1 = 10.0%)
27    -O                                                                        (1 = 10.0%)
45    -O                                                                        (1 = 10.0%)
46    -O                                                                        (1 = 10.0%)
1001  -O                                                                        (1 = 10.0%)
1004  -O                                                                        (1 = 10.0%)
1007  -O                                                                        (1 = 10.0%)
1009  -O                                                                        (1 = 10.0%)

Histogram: SegmentationPlatform.DefaultModelDelivery.SaveResult.ChromeLowUserEngagement recorded 1 samples, mean = 1.0 (flags = 0x41)
0  O                                                                         (0 = 0.0%)
1  -O                                                                        (1 = 100.0%) {0.0%}
2  O                                                                         (0 = 0.0%) {100.0%}

Histogram: SegmentationPlatform.DefaultModelDelivery.SaveResult.ComposePromotion recorded 1 samples, mean = 1.0 (flags = 0x41)
0  O                                                                         (0 = 0.0%)
1  -O                                                                        (1 = 100.0%) {0.0%}
2  O                                                                         (0 = 0.0%) {100.0%}

Histogram: SegmentationPlatform.DefaultModelDelivery.SaveResult.CrossDeviceUserSegment recorded 1 samples, mean = 1.0 (flags = 0x41)
0  O                                                                         (0 = 0.0%)
1  -O                                                                        (1 = 100.0%) {0.0%}
2  O                                                                         (0 = 0.0%) {100.0%}

Histogram: SegmentationPlatform.DefaultModelDelivery.SaveResult.DatabaseApiClients recorded 1 samples, mean = 1.0 (flags = 0x41)
0  O                                                                         (0 = 0.0%)
1  -O                                                                        (1 = 100.0%) {0.0%}
2  O                                                                         (0 = 0.0%) {100.0%}

Histogram: SegmentationPlatform.DefaultModelDelivery.SaveResult.DeviceSwitcher recorded 1 samples, mean = 1.0 (flags = 0x41)
0  O                                                                         (0 = 0.0%)
1  -O                                                                        (1 = 100.0%) {0.0%}
2  O                                                                         (0 = 0.0%) {100.0%}

Histogram: SegmentationPlatform.DefaultModelDelivery.SaveResult.PasswordManagerUser recorded 1 samples, mean = 1.0 (flags = 0x41)
0  O                                                                         (0 = 0.0%)
1  -O                                                                        (1 = 100.0%) {0.0%}
2  O                                                                         (0 = 0.0%) {100.0%}

Histogram: SegmentationPlatform.DefaultModelDelivery.SaveResult.ResumeHeavyUserSegment recorded 1 samples, mean = 1.0 (flags = 0x41)
0  O                                                                         (0 = 0.0%)
1  -O                                                                        (1 = 100.0%) {0.0%}
2  O                                                                         (0 = 0.0%) {100.0%}

Histogram: SegmentationPlatform.DefaultModelDelivery.SaveResult.SearchUser recorded 1 samples, mean = 1.0 (flags = 0x41)
0  O                                                                         (0 = 0.0%)
1  -O                                                                        (1 = 100.0%) {0.0%}
2  O                                                                         (0 = 0.0%) {100.0%}

Histogram: SegmentationPlatform.DefaultModelDelivery.SaveResult.ShoppingUser recorded 1 samples, mean = 1.0 (flags = 0x41)
0  O                                                                         (0 = 0.0%)
1  -O                                                                        (1 = 100.0%) {0.0%}
2  O                                                                         (0 = 0.0%) {100.0%}

Histogram: SegmentationPlatform.DefaultModelDelivery.SaveResult.UrlVisitResumptionRanker recorded 1 samples, mean = 1.0 (flags = 0x41)
0  O                                                                         (0 = 0.0%)
1  -O                                                                        (1 = 100.0%) {0.0%}
2  O                                                                         (0 = 0.0%) {100.0%}

Histogram: SegmentationPlatform.DefaultModelDelivery.SegmentIdMatches.ChromeLowUserEngagement recorded 1 samples, mean = 1.0 (flags = 0x41)
0  O                                                                         (0 = 0.0%)
1  -O                                                                        (1 = 100.0%) {0.0%}
2  O                                                                         (0 = 0.0%) {100.0%}

Histogram: SegmentationPlatform.DefaultModelDelivery.SegmentIdMatches.ComposePromotion recorded 1 samples, mean = 1.0 (flags = 0x41)
0  O                                                                         (0 = 0.0%)
1  -O                                                                        (1 = 100.0%) {0.0%}
2  O                                                                         (0 = 0.0%) {100.0%}

Histogram: SegmentationPlatform.DefaultModelDelivery.SegmentIdMatches.CrossDeviceUserSegment recorded 1 samples, mean = 1.0 (flags = 0x41)
0  O                                                                         (0 = 0.0%)
1  -O                                                                        (1 = 100.0%) {0.0%}
2  O                                                                         (0 = 0.0%) {100.0%}

Histogram: SegmentationPlatform.DefaultModelDelivery.SegmentIdMatches.DatabaseApiClients recorded 1 samples, mean = 1.0 (flags = 0x41)
0  O                                                                         (0 = 0.0%)
1  -O                                                                        (1 = 100.0%) {0.0%}
2  O                                                                         (0 = 0.0%) {100.0%}

Histogram: SegmentationPlatform.DefaultModelDelivery.SegmentIdMatches.DeviceSwitcher recorded 1 samples, mean = 1.0 (flags = 0x41)
0  O                                                                         (0 = 0.0%)
1  -O                                                                        (1 = 100.0%) {0.0%}
2  O                                                                         (0 = 0.0%) {100.0%}

Histogram: SegmentationPlatform.DefaultModelDelivery.SegmentIdMatches.PasswordManagerUser recorded 1 samples, mean = 1.0 (flags = 0x41)
0  O                                                                         (0 = 0.0%)
1  -O                                                                        (1 = 100.0%) {0.0%}
2  O                                                                         (0 = 0.0%) {100.0%}

Histogram: SegmentationPlatform.DefaultModelDelivery.SegmentIdMatches.ResumeHeavyUserSegment recorded 1 samples, mean = 1.0 (flags = 0x41)
0  O                                                                         (0 = 0.0%)
1  -O                                                                        (1 = 100.0%) {0.0%}
2  O                                                                         (0 = 0.0%) {100.0%}

Histogram: SegmentationPlatform.DefaultModelDelivery.SegmentIdMatches.SearchUser recorded 1 samples, mean = 1.0 (flags = 0x41)
0  O                                                                         (0 = 0.0%)
1  -O                                                                        (1 = 100.0%) {0.0%}
2  O                                                                         (0 = 0.0%) {100.0%}

Histogram: SegmentationPlatform.DefaultModelDelivery.SegmentIdMatches.ShoppingUser recorded 1 samples, mean = 1.0 (flags = 0x41)
0  O                                                                         (0 = 0.0%)
1  -O                                                                        (1 = 100.0%) {0.0%}
2  O                                                                         (0 = 0.0%) {100.0%}

Histogram: SegmentationPlatform.DefaultModelDelivery.SegmentIdMatches.UrlVisitResumptionRanker recorded 1 samples, mean = 1.0 (flags = 0x41)
0  O                                                                         (0 = 0.0%)
1  -O                                                                        (1 = 100.0%) {0.0%}
2  O                                                                         (0 = 0.0%) {100.0%}

Histogram: SegmentationPlatform.DeviceSwitcher.PostProcessing.TopLabel.Computed recorded 1 samples (flags = 0x41)
7  -O                                                                        (1 = 100.0%)

Histogram: SegmentationPlatform.FeatureProcessing.Error.DeviceSwitcher recorded 1 samples, mean = 7.0 (flags = 0x41)
0  ... 
7  -O                                                                        (1 = 100.0%) {0.0%}
8  O                                                                         (0 = 0.0%) {100.0%}

Histogram: SegmentationPlatform.Init.CreationToInitializationLatency recorded 1 samples, mean = 5064.0 (flags = 0x41)
0     ... 
4955  -O                                                                        (1 = 100.0%) {0.0%}
6296  ... 

Histogram: SegmentationPlatform.Init.ModelUpdatedTimeDifferenceInDays.ChromeLowUserEngagement recorded 1 samples, mean = 9.0 (flags = 0x41)
0  ... 
9  -O                                                                        (1 = 100.0%) {0.0%}
10 ... 

Histogram: SegmentationPlatform.Init.ModelUpdatedTimeDifferenceInDays.ComposePromotion recorded 1 samples, mean = 9.0 (flags = 0x41)
0  ... 
9  -O                                                                        (1 = 100.0%) {0.0%}
10 ... 

Histogram: SegmentationPlatform.Init.ModelUpdatedTimeDifferenceInDays.CrossDeviceUserSegment recorded 1 samples, mean = 9.0 (flags = 0x41)
0  ... 
9  -O                                                                        (1 = 100.0%) {0.0%}
10 ... 

Histogram: SegmentationPlatform.Init.ModelUpdatedTimeDifferenceInDays.DatabaseApiClients recorded 1 samples, mean = 9.0 (flags = 0x41)
0  ... 
9  -O                                                                        (1 = 100.0%) {0.0%}
10 ... 

Histogram: SegmentationPlatform.Init.ModelUpdatedTimeDifferenceInDays.DeviceSwitcher recorded 1 samples, mean = 9.0 (flags = 0x41)
0  ... 
9  -O                                                                        (1 = 100.0%) {0.0%}
10 ... 

Histogram: SegmentationPlatform.Init.ModelUpdatedTimeDifferenceInDays.PasswordManagerUser recorded 1 samples, mean = 9.0 (flags = 0x41)
0  ... 
9  -O                                                                        (1 = 100.0%) {0.0%}
10 ... 

Histogram: SegmentationPlatform.Init.ModelUpdatedTimeDifferenceInDays.ResumeHeavyUserSegment recorded 1 samples, mean = 9.0 (flags = 0x41)
0  ... 
9  -O                                                                        (1 = 100.0%) {0.0%}
10 ... 

Histogram: SegmentationPlatform.Init.ModelUpdatedTimeDifferenceInDays.SearchUser recorded 1 samples, mean = 9.0 (flags = 0x41)
0  ... 
9  -O                                                                        (1 = 100.0%) {0.0%}
10 ... 

Histogram: SegmentationPlatform.Init.ModelUpdatedTimeDifferenceInDays.ShoppingUser recorded 1 samples, mean = 9.0 (flags = 0x41)
0  ... 
9  -O                                                                        (1 = 100.0%) {0.0%}
10 ... 

Histogram: SegmentationPlatform.Init.ModelUpdatedTimeDifferenceInDays.UrlVisitResumptionRanker recorded 1 samples, mean = 9.0 (flags = 0x41)
0  ... 
9  -O                                                                        (1 = 100.0%) {0.0%}
10 ... 

Histogram: SegmentationPlatform.Init.ProcessCreationToServiceCreationLatency recorded 1 samples, mean = 585177.0 (flags = 0x41)
0       ... 
180000  -O                                                                        (1 = 100.0%) {0.0%}

Histogram: SegmentationPlatform.Maintenance.CleanupSignalSuccessCount recorded 1 samples, mean = 0.0 (flags = 0x41)
0  -O                                                                        (1 = 100.0%)
1  ... 

Histogram: SegmentationPlatform.Maintenance.CompactionResult.HistogramEnum recorded 7 samples, mean = 1.0 (flags = 0x41)
0  O                                                                         (0 = 0.0%)
1  -------O                                                                  (7 = 100.0%) {0.0%}
2  O                                                                         (0 = 0.0%) {100.0%}

Histogram: SegmentationPlatform.Maintenance.CompactionResult.HistogramValue recorded 6 samples, mean = 1.0 (flags = 0x41)
0  O                                                                         (0 = 0.0%)
1  ------O                                                                   (6 = 100.0%) {0.0%}
2  O                                                                         (0 = 0.0%) {100.0%}

Histogram: SegmentationPlatform.Maintenance.CompactionResult.UserAction recorded 7 samples, mean = 1.0 (flags = 0x41)
0  O                                                                         (0 = 0.0%)
1  -------O                                                                  (7 = 100.0%) {0.0%}
2  O                                                                         (0 = 0.0%) {100.0%}

Histogram: SegmentationPlatform.Maintenance.SignalIdentifierCount recorded 1 samples, mean = 20.0 (flags = 0x41)
0   ... 
20  -O                                                                        (1 = 100.0%) {0.0%}
23  ... 

Histogram: SegmentationPlatform.ModelAvailability.ChromeLowUserEngagement recorded 1 samples, mean = 0.0 (flags = 0x41)
0  -O                                                                        (1 = 100.0%)
1  ... 

Histogram: SegmentationPlatform.ModelAvailability.ComposePromotion recorded 1 samples, mean = 0.0 (flags = 0x41)
0  -O                                                                        (1 = 100.0%)
1  ... 

Histogram: SegmentationPlatform.ModelAvailability.DeviceSwitcher recorded 1 samples, mean = 0.0 (flags = 0x41)
0  -O                                                                        (1 = 100.0%)
1  ... 

Histogram: SegmentationPlatform.ModelAvailability.SearchUser recorded 1 samples, mean = 0.0 (flags = 0x41)
0  -O                                                                        (1 = 100.0%)
1  ... 

Histogram: SegmentationPlatform.ModelAvailability.ShoppingUser recorded 1 samples, mean = 0.0 (flags = 0x41)
0  -O                                                                        (1 = 100.0%)
1  ... 

Histogram: SegmentationPlatform.ModelAvailability.UrlVisitResumptionRanker recorded 1 samples, mean = 0.0 (flags = 0x41)
0  -O                                                                        (1 = 100.0%)
1  ... 

Histogram: SegmentationPlatform.ModelAvailability.WebAppInstallationPromo recorded 1 samples, mean = 0.0 (flags = 0x41)
0  -O                                                                        (1 = 100.0%)
1  ... 

Histogram: SegmentationPlatform.ModelExecution.DefaultProvider.Status.DeviceSwitcher recorded 1 samples, mean = 0.0 (flags = 0x41)
0  -O                                                                        (1 = 100.0%)
1  ... 

Histogram: SegmentationPlatform.ModelExecution.Duration.Model.DeviceSwitcher.Success recorded 1 samples, mean = 0.0 (flags = 0x41)
0  -O                                                                        (1 = 100.0%)
1  ... 

Histogram: SegmentationPlatform.ModelExecution.Duration.Total.DeviceSwitcher.Success recorded 1 samples, mean = 60227.0 (flags = 0x41)
0      ... 
10000  -O                                                                        (1 = 100.0%) {0.0%}

Histogram: SegmentationPlatform.ModelExecution.Result.0.DeviceSwitcher recorded 1 samples, mean = 0.0 (flags = 0x41)
0  -O                                                                        (1 = 100.0%)
1  ... 

Histogram: SegmentationPlatform.ModelExecution.Result.1.DeviceSwitcher recorded 1 samples, mean = 0.0 (flags = 0x41)
0  -O                                                                        (1 = 100.0%)
1  ... 

Histogram: SegmentationPlatform.ModelExecution.Result.2.DeviceSwitcher recorded 1 samples, mean = 0.0 (flags = 0x41)
0  -O                                                                        (1 = 100.0%)
1  ... 

Histogram: SegmentationPlatform.ModelExecution.Result.3.DeviceSwitcher recorded 1 samples, mean = 0.0 (flags = 0x41)
0  -O                                                                        (1 = 100.0%)
1  ... 

Histogram: SegmentationPlatform.ModelExecution.Result.4.DeviceSwitcher recorded 1 samples, mean = 0.0 (flags = 0x41)
0  -O                                                                        (1 = 100.0%)
1  ... 

Histogram: SegmentationPlatform.ModelExecution.Result.5.DeviceSwitcher recorded 1 samples, mean = 0.0 (flags = 0x41)
0  -O                                                                        (1 = 100.0%)
1  ... 

Histogram: SegmentationPlatform.ModelExecution.Result.6.DeviceSwitcher recorded 1 samples, mean = 0.0 (flags = 0x41)
0  -O                                                                        (1 = 100.0%)
1  ... 

Histogram: SegmentationPlatform.ModelExecution.Result.7.DeviceSwitcher recorded 1 samples, mean = 100.0 (flags = 0x41)
0    ... 
100  -O                                                                        (1 = 100.0%) {0.0%}
101  O                                                                         (0 = 0.0%) {100.0%}

Histogram: SegmentationPlatform.ModelExecution.ZeroValuePercent.DeviceSwitcher recorded 1 samples, mean = 90.0 (flags = 0x41)
0   ... 
90  -O                                                                        (1 = 100.0%) {0.0%}
91  ... 

Histogram: SegmentationPlatform.PasswordManagerUser.PostProcessing.TopLabel.Computed recorded 1 samples (flags = 0x41)
0  -O                                                                        (1 = 100.0%)

Histogram: SegmentationPlatform.ResumeHeavyUser.PostProcessing.TopLabel.Computed recorded 1 samples (flags = 0x41)
0  -O                                                                        (1 = 100.0%)

Histogram: SegmentationPlatform.SearchUser.PostProcessing.TopLabel.Computed recorded 1 samples (flags = 0x41)
-1 -O                                                                        (1 = 100.0%)

Histogram: SegmentationPlatform.SegmentInfoDatabase.ProtoDBUpdateResult.ChromeLowUserEngagement recorded 1 samples, mean = 1.0 (flags = 0x41)
0  O                                                                         (0 = 0.0%)
1  -O                                                                        (1 = 100.0%) {0.0%}
2  O                                                                         (0 = 0.0%) {100.0%}

Histogram: SegmentationPlatform.SegmentInfoDatabase.ProtoDBUpdateResult.ComposePromotion recorded 1 samples, mean = 1.0 (flags = 0x41)
0  O                                                                         (0 = 0.0%)
1  -O                                                                        (1 = 100.0%) {0.0%}
2  O                                                                         (0 = 0.0%) {100.0%}

Histogram: SegmentationPlatform.SegmentInfoDatabase.ProtoDBUpdateResult.CrossDeviceUserSegment recorded 1 samples, mean = 1.0 (flags = 0x41)
0  O                                                                         (0 = 0.0%)
1  -O                                                                        (1 = 100.0%) {0.0%}
2  O                                                                         (0 = 0.0%) {100.0%}

Histogram: SegmentationPlatform.SegmentInfoDatabase.ProtoDBUpdateResult.DatabaseApiClients recorded 1 samples, mean = 1.0 (flags = 0x41)
0  O                                                                         (0 = 0.0%)
1  -O                                                                        (1 = 100.0%) {0.0%}
2  O                                                                         (0 = 0.0%) {100.0%}

Histogram: SegmentationPlatform.SegmentInfoDatabase.ProtoDBUpdateResult.DeviceSwitcher recorded 1 samples, mean = 1.0 (flags = 0x41)
0  O                                                                         (0 = 0.0%)
1  -O                                                                        (1 = 100.0%) {0.0%}
2  O                                                                         (0 = 0.0%) {100.0%}

Histogram: SegmentationPlatform.SegmentInfoDatabase.ProtoDBUpdateResult.PasswordManagerUser recorded 1 samples, mean = 1.0 (flags = 0x41)
0  O                                                                         (0 = 0.0%)
1  -O                                                                        (1 = 100.0%) {0.0%}
2  O                                                                         (0 = 0.0%) {100.0%}

Histogram: SegmentationPlatform.SegmentInfoDatabase.ProtoDBUpdateResult.ResumeHeavyUserSegment recorded 1 samples, mean = 1.0 (flags = 0x41)
0  O                                                                         (0 = 0.0%)
1  -O                                                                        (1 = 100.0%) {0.0%}
2  O                                                                         (0 = 0.0%) {100.0%}

Histogram: SegmentationPlatform.SegmentInfoDatabase.ProtoDBUpdateResult.SearchUser recorded 1 samples, mean = 1.0 (flags = 0x41)
0  O                                                                         (0 = 0.0%)
1  -O                                                                        (1 = 100.0%) {0.0%}
2  O                                                                         (0 = 0.0%) {100.0%}

Histogram: SegmentationPlatform.SegmentInfoDatabase.ProtoDBUpdateResult.ShoppingUser recorded 1 samples, mean = 1.0 (flags = 0x41)
0  O                                                                         (0 = 0.0%)
1  -O                                                                        (1 = 100.0%) {0.0%}
2  O                                                                         (0 = 0.0%) {100.0%}

Histogram: SegmentationPlatform.SegmentInfoDatabase.ProtoDBUpdateResult.UrlVisitResumptionRanker recorded 1 samples, mean = 1.0 (flags = 0x41)
0  O                                                                         (0 = 0.0%)
1  -O                                                                        (1 = 100.0%) {0.0%}
2  O                                                                         (0 = 0.0%) {100.0%}

Histogram: SegmentationPlatform.SegmentInfoDatabase.ProtoDBUpdateResult.WebAppInstallationPromo recorded 1 samples, mean = 1.0 (flags = 0x41)
0  O                                                                         (0 = 0.0%)
1  -O                                                                        (1 = 100.0%) {0.0%}
2  O                                                                         (0 = 0.0%) {100.0%}

Histogram: SegmentationPlatform.SelectionFailedReason.ChromeLowUserEngagement recorded 2 samples, mean = 14.5 (flags = 0x41)
0   ... 
12  -O                                                                        (1 = 50.0%) {0.0%}
13  ... 
17  -O                                                                        (1 = 50.0%) {50.0%}
18  ... 

Histogram: SegmentationPlatform.SelectionFailedReason.ComposePromotion recorded 1 samples, mean = 17.0 (flags = 0x41)
0   ... 
17  -O                                                                        (1 = 100.0%) {0.0%}
18  ... 

Histogram: SegmentationPlatform.SelectionFailedReason.CrossDeviceUser recorded 3 samples, mean = 20.3 (flags = 0x41)
0   ... 
16  -O                                                                        (1 = 33.3%) {0.0%}
17  O                                                                         (0 = 0.0%) {33.3%}
18  -O                                                                        (1 = 33.3%) {33.3%}
19  ... 
27  -O                                                                        (1 = 33.3%) {66.7%}
28  ... 

Histogram: SegmentationPlatform.SelectionFailedReason.DatabaseApiClients recorded 1 samples, mean = 17.0 (flags = 0x41)
0   ... 
17  -O                                                                        (1 = 100.0%) {0.0%}
18  ... 

Histogram: SegmentationPlatform.SelectionFailedReason.DeviceSwitcher recorded 2 samples, mean = 19.0 (flags = 0x41)
0   ... 
17  -O                                                                        (1 = 50.0%) {0.0%}
18  ... 
21  -O                                                                        (1 = 50.0%) {50.0%}
22  ... 

Histogram: SegmentationPlatform.SelectionFailedReason.PasswordManagerUser recorded 3 samples, mean = 20.3 (flags = 0x41)
0   ... 
16  -O                                                                        (1 = 33.3%) {0.0%}
17  O                                                                         (0 = 0.0%) {33.3%}
18  -O                                                                        (1 = 33.3%) {33.3%}
19  ... 
27  -O                                                                        (1 = 33.3%) {66.7%}
28  ... 

Histogram: SegmentationPlatform.SelectionFailedReason.ResumeHeavyUser recorded 3 samples, mean = 20.3 (flags = 0x41)
0   ... 
16  -O                                                                        (1 = 33.3%) {0.0%}
17  O                                                                         (0 = 0.0%) {33.3%}
18  -O                                                                        (1 = 33.3%) {33.3%}
19  ... 
27  -O                                                                        (1 = 33.3%) {66.7%}
28  ... 

Histogram: SegmentationPlatform.SelectionFailedReason.SearchUser recorded 3 samples, mean = 20.3 (flags = 0x41)
0   ... 
16  -O                                                                        (1 = 33.3%) {0.0%}
17  O                                                                         (0 = 0.0%) {33.3%}
18  -O                                                                        (1 = 33.3%) {33.3%}
19  ... 
27  -O                                                                        (1 = 33.3%) {66.7%}
28  ... 

Histogram: SegmentationPlatform.SelectionFailedReason.ShoppingUser recorded 3 samples, mean = 20.7 (flags = 0x41)
0   ... 
16  -O                                                                        (1 = 33.3%) {0.0%}
17  ... 
19  -O                                                                        (1 = 33.3%) {33.3%}
20  ... 
27  -O                                                                        (1 = 33.3%) {66.7%}
28  ... 

Histogram: SegmentationPlatform.SelectionFailedReason.URLVisitResumptionRanker recorded 1 samples, mean = 17.0 (flags = 0x41)
0   ... 
17  -O                                                                        (1 = 100.0%) {0.0%}
18  ... 

Histogram: SegmentationPlatform.SelectionFailedReason.WebAppInstallationPromo recorded 3 samples, mean = 17.3 (flags = 0x41)
0   ... 
11  -O                                                                        (1 = 33.3%) {0.0%}
12  ... 
17  -O                                                                        (1 = 33.3%) {33.3%}
18  ... 
24  -O                                                                        (1 = 33.3%) {66.7%}
25  ... 

Histogram: SegmentationPlatform.ShoppingUser.PostProcessing.TopLabel.Computed recorded 1 samples (flags = 0x41)
0  -O                                                                        (1 = 100.0%)

Histogram: SegmentationPlatform.Signals.ListeningCount.HistogramEnum recorded 1 samples, mean = 7.0 (flags = 0x41)
0  ... 
7  -O                                                                        (1 = 100.0%) {0.0%}
8  ... 

Histogram: SegmentationPlatform.Signals.ListeningCount.HistogramValue recorded 1 samples, mean = 6.0 (flags = 0x41)
0  ... 
6  -O                                                                        (1 = 100.0%) {0.0%}
7  ... 

Histogram: SegmentationPlatform.Signals.ListeningCount.UserAction recorded 1 samples, mean = 7.0 (flags = 0x41)
0  ... 
7  -O                                                                        (1 = 100.0%) {0.0%}
8  ... 

Histogram: SegmentationPlatform.SyncSessions.TabsCountAtStartup recorded 1 samples, mean = 0.0 (flags = 0x41)
0  -O                                                                        (1 = 100.0%)
1  ... 

Histogram: SegmentationPlatform.UkmDatabase.InitTime recorded 1 samples, mean = 3.0 (flags = 0x41)
0  ... 
3  -O                                                                        (1 = 100.0%) {0.0%}
4  ... 

Histogram: SegmentationPlatform.WebAppInstallationPromo.PostProcessing.TopLabel.Computed recorded 1 samples (flags = 0x41)
-2 -O                                                                        (1 = 100.0%)

Histogram: ServiceWorker.FindRegistrationForClientUrl.IsCalledForNavigation recorded 5 samples, mean = 0.2 (flags = 0x41)
0  ----O                                                                     (4 = 80.0%)
1  -O                                                                        (1 = 20.0%) {80.0%}
2  O                                                                         (0 = 0.0%) {100.0%}

Histogram: ServiceWorker.FindRegistrationForClientUrl.SkippedMojoCall.OnNavigation recorded 1 samples, mean = 0.0 (flags = 0x41)
0  -O                                                                        (1 = 100.0%)
1  ... 

Histogram: ServiceWorker.OnBrowserStartup.SkipServiceWorkerOnFirstNavigation recorded 1 samples, mean = 0.0 (flags = 0x41)
0  -O                                                                        (1 = 100.0%)
1  ... 

Histogram: ServiceWorker.RegisteredStorageKeyCount recorded 1 samples, mean = 0.0 (flags = 0x41)
0  -O                                                                        (1 = 100.0%)
1  ... 

Histogram: ServiceWorker.SkipCallingFindRegistrationForClientUrl recorded 1 samples, mean = 1.0 (flags = 0x41)
0  O                                                                         (0 = 0.0%)
1  -O                                                                        (1 = 100.0%) {0.0%}
2  O                                                                         (0 = 0.0%) {100.0%}

Histogram: ServiceWorker.Storage.ReadInitialDataFromDB.Time recorded 1 samples, mean = 1.0 (flags = 0x41)
0  O                                                                         (0 = 0.0%)
1  -O                                                                        (1 = 100.0%) {0.0%}
2  ... 

Histogram: ServiceWorker.Storage.RegisteredStorageKeyCacheInitialization.Time recorded 1 samples, mean = 4223.0 (flags = 0x41)
0     ... 
3900  -O                                                                        (1 = 100.0%) {0.0%}
4955  ... 

Histogram: SessionRestore.UnrecoverableWriteErrorCount recorded 1 samples, mean = 0.0 (flags = 0x41)
0  -O                                                                        (1 = 100.0%)
1  ... 

Histogram: SessionStorageContext.CommitResult recorded 2 samples, mean = 0.0 (flags = 0x41)
0  --O                                                                       (2 = 100.0%)
1  ... 

Histogram: Settings.AdvancedSpellcheck.OnStartup2 recorded 1 samples, mean = 0.0 (flags = 0x41)
0  -O                                                                        (1 = 100.0%)
1  ... 

Histogram: Settings.AutocompleteSearches.OnStartup2 recorded 1 samples, mean = 1.0 (flags = 0x41)
0  O                                                                         (0 = 0.0%)
1  -O                                                                        (1 = 100.0%) {0.0%}
2  O                                                                         (0 = 0.0%) {100.0%}

Histogram: Settings.FingerprintingProtection.Enabled recorded 1 samples, mean = 0.0 (flags = 0x41)
0  -O                                                                        (1 = 100.0%)
1  ... 

Histogram: Settings.FirstPartySets.State recorded 1 samples, mean = 0.0 (flags = 0x41)
0  -O                                                                        (1 = 100.0%)
1  ... 

Histogram: Settings.IpProtection.Enabled recorded 1 samples, mean = 0.0 (flags = 0x41)
0  -O                                                                        (1 = 100.0%)
1  ... 

Histogram: Settings.PreloadStatus.OnStartup3 recorded 1 samples, mean = 1.0 (flags = 0x41)
0  O                                                                         (0 = 0.0%)
1  -O                                                                        (1 = 100.0%) {0.0%}
2  ... 

Histogram: Settings.PrivacySandbox.AdMeasurement.Enabled recorded 1 samples, mean = 0.0 (flags = 0x41)
0  -O                                                                        (1 = 100.0%)
1  ... 

Histogram: Settings.PrivacySandbox.Fledge.Enabled recorded 1 samples, mean = 0.0 (flags = 0x41)
0  -O                                                                        (1 = 100.0%)
1  ... 

Histogram: Settings.PrivacySandbox.Topics.Enabled recorded 1 samples, mean = 0.0 (flags = 0x41)
0  -O                                                                        (1 = 100.0%)
1  ... 

Histogram: Settings.ShowHomeButton2 recorded 1 samples, mean = 0.0 (flags = 0x41)
0  -O                                                                        (1 = 100.0%)
1  ... 

Histogram: Settings.StartupPageLoadSettings2 recorded 1 samples, mean = 5.0 (flags = 0x41)
0  ... 
5  -O                                                                        (1 = 100.0%) {0.0%}
6  ... 

Histogram: Settings.TrackedPreferenceChanged.FromRegistry recorded 1 samples, mean = 5.0 (flags = 0x41)
0  ... 
5  -O                                                                        (1 = 100.0%) {0.0%}
6  ... 

Histogram: Settings.TrackedPreferenceUnchanged recorded 18 samples, mean = 14.5 (flags = 0x41)
0   -O                                                                        (1 = 5.6%)
1   -O                                                                        (1 = 5.6%) {5.6%}
2   -O                                                                        (1 = 5.6%) {11.1%}
3   -O                                                                        (1 = 5.6%) {16.7%}
4   -O                                                                        (1 = 5.6%) {22.2%}
5   -O                                                                        (1 = 5.6%) {27.8%}
6   -O                                                                        (1 = 5.6%) {33.3%}
7   -O                                                                        (1 = 5.6%) {38.9%}
8   ... 
11  -O                                                                        (1 = 5.6%) {44.4%}
12  ... 
14  -O                                                                        (1 = 5.6%) {50.0%}
15  -O                                                                        (1 = 5.6%) {55.6%}
16  ... 
18  -O                                                                        (1 = 5.6%) {61.1%}
19  ... 
23  -O                                                                        (1 = 5.6%) {66.7%}
24  -O                                                                        (1 = 5.6%) {72.2%}
25  ... 
29  -O                                                                        (1 = 5.6%) {77.8%}
30  ... 
32  -O                                                                        (1 = 5.6%) {83.3%}
33  -O                                                                        (1 = 5.6%) {88.9%}
34  -O                                                                        (1 = 5.6%) {94.4%}
35  O                                                                         (0 = 0.0%) {100.0%}

Histogram: Settings.TrackedPreferenceUnchanged.FromRegistry recorded 17 samples, mean = 15.1 (flags = 0x41)
0   -O                                                                        (1 = 5.9%)
1   -O                                                                        (1 = 5.9%) {5.9%}
2   -O                                                                        (1 = 5.9%) {11.8%}
3   -O                                                                        (1 = 5.9%) {17.6%}
4   -O                                                                        (1 = 5.9%) {23.5%}
5   O                                                                         (0 = 0.0%) {29.4%}
6   -O                                                                        (1 = 5.9%) {29.4%}
7   -O                                                                        (1 = 5.9%) {35.3%}
8   ... 
11  -O                                                                        (1 = 5.9%) {41.2%}
12  ... 
14  -O                                                                        (1 = 5.9%) {47.1%}
15  -O                                                                        (1 = 5.9%) {52.9%}
16  ... 
18  -O                                                                        (1 = 5.9%) {58.8%}
19  ... 
23  -O                                                                        (1 = 5.9%) {64.7%}
24  -O                                                                        (1 = 5.9%) {70.6%}
25  ... 
29  -O                                                                        (1 = 5.9%) {76.5%}
30  ... 
32  -O                                                                        (1 = 5.9%) {82.4%}
33  -O                                                                        (1 = 5.9%) {88.2%}
34  -O                                                                        (1 = 5.9%) {94.1%}
35  O                                                                         (0 = 0.0%) {100.0%}

Histogram: Settings.TrackingProtection.Enabled recorded 1 samples, mean = 0.0 (flags = 0x41)
0  -O                                                                        (1 = 100.0%)
1  ... 

Histogram: SharedDictionary.TimeInitializeDB recorded 1 samples, mean = 12.0 (flags = 0x41)
0   ... 
11  -O                                                                        (1 = 100.0%) {0.0%}
14  ... 

Histogram: Signin.APIKeyMatchesFeatureOnStartup recorded 3 samples, mean = 0.0 (flags = 0x41)
0  ---O                                                                      (3 = 100.0%)
1  ... 

Histogram: Signin.AccountTracker.CountOfLoadedAccounts recorded 1 samples, mean = 0.0 (flags = 0x41)
0  -O                                                                        (1 = 100.0%)
1  ... 

Histogram: Signin.ExplicitSigninMigration recorded 1 samples, mean = 0.0 (flags = 0x41)
0  -O                                                                        (1 = 100.0%)
1  ... 

Histogram: Signin.HadPreviousSyncAccount.SignedOutOnProfileLoad recorded 1 samples, mean = 0.0 (flags = 0x41)
0  -O                                                                        (1 = 100.0%)
1  ... 

Histogram: Signin.HadPreviousSyncAccount.SyncOffOnProfileLoad recorded 1 samples, mean = 0.0 (flags = 0x41)
0  -O                                                                        (1 = 100.0%)
1  ... 

Histogram: Signin.ListAccountsFailure recorded 1 samples, mean = 0.0 (flags = 0x41)
0  -O                                                                        (1 = 100.0%)
1  ... 

Histogram: Signin.PAMInitialize.PrimaryAccountPrefs recorded 1 samples, mean = 2.0 (flags = 0x41)
0  ... 
2  -O                                                                        (1 = 100.0%) {0.0%}
3  ... 

Histogram: Signin.SigninAllowed recorded 1 samples, mean = 0.0 (flags = 0x41)
0  -O                                                                        (1 = 100.0%)
1  ... 

Histogram: Signin.TokenTable.GetAllTokensSqlStatementValidity recorded 1 samples, mean = 1.0 (flags = 0x41)
0  O                                                                         (0 = 0.0%)
1  -O                                                                        (1 = 100.0%) {0.0%}
2  O                                                                         (0 = 0.0%) {100.0%}

Histogram: SimpleCache.App.CacheSizeOnInit recorded 1 samples, mean = 0.0 (flags = 0x41)
0  -O                                                                        (1 = 100.0%)
1000... 

Histogram: SimpleCache.App.ConsistencyResult recorded 1 samples, mean = 0.0 (flags = 0x41)
0  -O                                                                        (1 = 100.0%)
1  ... 

Histogram: SimpleCache.App.CreationToIndex recorded 1 samples, mean = 16.0 (flags = 0x41)
0   ... 
14  -O                                                                        (1 = 100.0%) {0.0%}
17  ... 

Histogram: SimpleCache.App.IndexFileStateOnLoad recorded 1 samples, mean = 2.0 (flags = 0x41)
0  ... 
2  -O                                                                        (1 = 100.0%) {0.0%}
3  ... 

Histogram: SimpleCache.App.IndexInitializeMethod recorded 1 samples, mean = 1.0 (flags = 0x41)
0  O                                                                         (0 = 0.0%)
1  -O                                                                        (1 = 100.0%) {0.0%}
2  ... 

Histogram: SimpleCache.App.IndexNumEntriesOnInit recorded 1 samples, mean = 0.0 (flags = 0x41)
0  -O                                                                        (1 = 100.0%)
1  ... 

Histogram: SimpleCache.App.MaxCacheSizeOnInit recorded 1 samples, mean = 0.0 (flags = 0x41)
0  -O                                                                        (1 = 100.0%)
1000... 

Histogram: SimpleCache.Code.CacheSizeOnInit recorded 1 samples, mean = 4466.0 (flags = 0x41)
0     ... 
4153  -O                                                                        (1 = 100.0%) {0.0%}
4727  ... 

Histogram: SimpleCache.Code.ConsistencyResult recorded 1 samples, mean = 0.0 (flags = 0x41)
0  -O                                                                        (1 = 100.0%)
1  ... 

Histogram: SimpleCache.Code.CreationToIndex recorded 1 samples, mean = 12.0 (flags = 0x41)
0   ... 
12  -O                                                                        (1 = 100.0%) {0.0%}
14  ... 

Histogram: SimpleCache.Code.DiskCloseLatency recorded 24 samples, mean = 0.0 (flags = 0x41)
0  ------------------------O                                                 (24 = 100.0%)
1  ... 

Histogram: SimpleCache.Code.DiskCreateLatency recorded 21 samples, mean = 0.2 (flags = 0x40)
0  ----------------O                                                         (16 = 76.2%)
1  -----O                                                                    (5 = 23.8%) {76.2%}
2  ... 

Histogram: SimpleCache.Code.DiskDoomLatency recorded 1 samples, mean = 0.0 (flags = 0x41)
0  -O                                                                        (1 = 100.0%)
1  ... 

Histogram: SimpleCache.Code.DiskOpenLatency recorded 3 samples, mean = 0.3 (flags = 0x41)
0  --O                                                                       (2 = 66.7%)
1  -O                                                                        (1 = 33.3%) {66.7%}
2  ... 

Histogram: SimpleCache.Code.EntryCreationTime recorded 24 samples, mean = 0.3 (flags = 0x41)
0  -----------------O                                                        (17 = 70.8%)
1  -------O                                                                  (7 = 29.2%) {70.8%}
2  ... 

Histogram: SimpleCache.Code.HeaderSize recorded 23 samples, mean = 36.0 (flags = 0x41)
0   ... 
34  -----------------------O                                                  (23 = 100.0%) {0.0%}
40  ... 

Histogram: SimpleCache.Code.IndexFileStateOnLoad recorded 1 samples, mean = 2.0 (flags = 0x41)
0  ... 
2  -O                                                                        (1 = 100.0%) {0.0%}
3  ... 

Histogram: SimpleCache.Code.IndexInitializeMethod recorded 1 samples, mean = 1.0 (flags = 0x41)
0  O                                                                         (0 = 0.0%)
1  -O                                                                        (1 = 100.0%) {0.0%}
2  ... 

Histogram: SimpleCache.Code.IndexNumEntriesOnInit recorded 1 samples, mean = 61.0 (flags = 0x41)
0   ... 
61  -O                                                                        (1 = 100.0%) {0.0%}
76  ... 

Histogram: SimpleCache.Code.MaxCacheSizeOnInit recorded 1 samples, mean = 327680.0 (flags = 0x41)
0       ... 
297881  -O                                                                        (1 = 100.0%) {0.0%}
339058  ... 

Histogram: SimpleCache.Code.OpenEntryIndexState recorded 49 samples, mean = 1.1 (flags = 0x41)
0  O                                                                         (0 = 0.0%)
1  ----------------------------------------------O                           (46 = 93.9%) {0.0%}
2  ---O                                                                      (3 = 6.1%) {93.9%}
3  O                                                                         (0 = 0.0%) {100.0%}

Histogram: SimpleCache.Code.SyncCheckEOFResult recorded 3 samples, mean = 0.0 (flags = 0x40)
0  ---O                                                                      (3 = 100.0%)
1  ... 

Histogram: SimpleCache.Code.SyncCloseResult recorded 24 samples, mean = 0.0 (flags = 0x40)
0  ------------------------O                                                 (24 = 100.0%)
1  ... 

Histogram: SimpleCache.Code.SyncOpenPrefetchMode recorded 3 samples, mean = 0.0 (flags = 0x41)
0  ---O                                                                      (3 = 100.0%)
1  ... 

Histogram: SimpleCache.Code.SyncOpenResult recorded 3 samples, mean = 0.0 (flags = 0x40)
0  ---O                                                                      (3 = 100.0%)
1  ... 

Histogram: SiteEngagementService.EngagementScore recorded 1 samples, mean = 13.0 (flags = 0x41)
0   ... 
13  -O                                                                        (1 = 100.0%) {0.0%}
14  ... 

Histogram: SiteEngagementService.EngagementType recorded 1 samples, mean = 0.0 (flags = 0x41)
0  -O                                                                        (1 = 100.0%)
1  ... 

Histogram: SiteEngagementService.MeanEngagement recorded 1 samples, mean = 13.0 (flags = 0x41)
0   ... 
13  -O                                                                        (1 = 100.0%) {0.0%}
14  ... 

Histogram: SiteEngagementService.MedianEngagement recorded 1 samples, mean = 13.0 (flags = 0x41)
0   ... 
13  -O                                                                        (1 = 100.0%) {0.0%}
14  ... 

Histogram: SiteEngagementService.OriginsEngaged recorded 1 samples, mean = 1.0 (flags = 0x41)
0  O                                                                         (0 = 0.0%)
1  -O                                                                        (1 = 100.0%) {0.0%}
2  ... 

Histogram: SiteIsolatedCodeCache.JS.Behaviour recorded 50 samples, mean = 2.3 (flags = 0x41)
0  -O                                                                        (1 = 2.0%)
1  -------------------------O                                                (25 = 50.0%) {2.0%}
2  -O                                                                        (1 = 2.0%) {52.0%}
3  --O                                                                       (2 = 4.0%) {54.0%}
4  ---------------------O                                                    (21 = 42.0%) {58.0%}
5  ... 

Histogram: SiteIsolatedCodeCache.JS.FetchCodeCache recorded 1 samples, mean = 1.0 (flags = 0x41)
0  O                                                                         (0 = 0.0%)
1  -O                                                                        (1 = 100.0%) {0.0%}
2  ... 

Histogram: SiteIsolatedCodeCache.JS.Hit recorded 26 samples, mean = 0.0 (flags = 0x41)
0  -------------------------O                                                (25 = 96.2%)
1  -O                                                                        (1 = 3.8%) {96.2%}
2  O                                                                         (0 = 0.0%) {100.0%}

Histogram: SiteIsolatedCodeCache.JS.PotentialMemoryBackedCodeCacheHit recorded 26 samples, mean = 0.0 (flags = 0x41)
0  --------------------------O                                               (26 = 100.0%)
1  ... 

Histogram: SiteIsolatedCodeCache.JS.PotentialMemoryBackedCodeCacheSize2 recorded 14 samples, mean = 27127.0 (flags = 0x41)
0      ... 
26179  --------------O                                                           (14 = 100.0%) {0.0%}
37599  ... 

Histogram: SiteIsolatedCodeCache.WASM.Behaviour recorded 4 samples, mean = 1.0 (flags = 0x41)
0  O                                                                         (0 = 0.0%)
1  ----O                                                                     (4 = 100.0%) {0.0%}
2  ... 

Histogram: SiteIsolation.BrowsingInstance.MaxCountPerProcess recorded 3 samples, mean = 0.7 (flags = 0x41)
0  -O                                                                        (1 = 33.3%)
1  --O                                                                       (2 = 66.7%) {33.3%}
2  ... 

Histogram: SiteIsolation.NewProcessUsedForNavigationWhenSameSiteProcessExists recorded 1 samples, mean = 0.0 (flags = 0x41)
0  -O                                                                        (1 = 100.0%)
1  ... 

Histogram: SiteIsolation.ProcessPerSiteWithMainFrameThreshold.IsDevToolsUser recorded 1 samples, mean = 0.0 (flags = 0x41)
0  -O                                                                        (1 = 100.0%)
1  ... 

Histogram: Skia.SubmitRenderPasses recorded 22 samples, mean = 1.1 (flags = 0x41)
0  -------------O                                                            (13 = 59.1%)
1  --O                                                                       (2 = 9.1%) {59.1%}
2  -O                                                                        (1 = 4.5%) {68.2%}
3  ----O                                                                     (4 = 18.2%) {72.7%}
4  --O                                                                       (2 = 9.1%) {90.9%}
5  ... 

Histogram: Sql.Statement.Affiliation.VMSteps recorded 15 samples, mean = 15.5 (flags = 0x41)
0   ... 
3   ----O                                                                     (4 = 26.7%) {0.0%}
4   O                                                                         (0 = 0.0%) {26.7%}
5   -O                                                                        (1 = 6.7%) {26.7%}
6   -O                                                                        (1 = 6.7%) {33.3%}
7   ... 
12  -----O                                                                    (5 = 33.3%) {40.0%}
14  ... 
20  -O                                                                        (1 = 6.7%) {73.3%}
24  O                                                                         (0 = 0.0%) {80.0%}
29  -O                                                                        (1 = 6.7%) {80.0%}
34  O                                                                         (0 = 0.0%) {86.7%}
40  -O                                                                        (1 = 6.7%) {86.7%}
48  -O                                                                        (1 = 6.7%) {93.3%}
57  ... 

Histogram: Sql.Statement.BrowsingTopics.VMSteps recorded 12 samples, mean = 8.0 (flags = 0x41)
0   ... 
3   ----O                                                                     (4 = 33.3%) {0.0%}
4   O                                                                         (0 = 0.0%) {33.3%}
5   -O                                                                        (1 = 8.3%) {33.3%}
6   ... 
8   --O                                                                       (2 = 16.7%) {41.7%}
10  O                                                                         (0 = 0.0%) {58.3%}
12  -----O                                                                    (5 = 41.7%) {58.3%}
14  ... 

Histogram: Sql.Statement.Cookie.VMSteps recorded 33 samples, mean = 21.4 (flags = 0x41)
0   ... 
3   ------O                                                                   (6 = 18.2%) {0.0%}
4   O                                                                         (0 = 0.0%) {18.2%}
5   --O                                                                       (2 = 6.1%) {18.2%}
6   O                                                                         (0 = 0.0%) {24.2%}
7   -O                                                                        (1 = 3.0%) {24.2%}
8   ... 
12  ----------O                                                               (10 = 30.3%) {27.3%}
14  ... 
20  --O                                                                       (2 = 6.1%) {57.6%}
24  -----O                                                                    (5 = 15.2%) {63.6%}
29  O                                                                         (0 = 0.0%) {78.8%}
34  --O                                                                       (2 = 6.1%) {78.8%}
40  ... 
57  -----O                                                                    (5 = 15.2%) {84.8%}
68  ... 

Histogram: Sql.Statement.DIPS.VMSteps recorded 32 samples, mean = 13.4 (flags = 0x41)
0   ... 
3   --O                                                                       (2 = 6.2%) {0.0%}
4   O                                                                         (0 = 0.0%) {6.2%}
5   -O                                                                        (1 = 3.1%) {6.2%}
6   ... 
8   -----O                                                                    (5 = 15.6%) {9.4%}
10  -O                                                                        (1 = 3.1%) {25.0%}
12  ------------O                                                             (12 = 37.5%) {28.1%}
14  --O                                                                       (2 = 6.2%) {65.6%}
17  ----O                                                                     (4 = 12.5%) {71.9%}
20  ----O                                                                     (4 = 12.5%) {84.4%}
24  -O                                                                        (1 = 3.1%) {96.9%}
29  ... 

Histogram: Sql.Statement.FirstPartySets.VMSteps recorded 31 samples, mean = 9.2 (flags = 0x41)
0   ... 
3   ----------O                                                               (10 = 32.3%) {0.0%}
4   O                                                                         (0 = 0.0%) {32.3%}
5   -O                                                                        (1 = 3.2%) {32.3%}
6   ... 
8   ----O                                                                     (4 = 12.9%) {35.5%}
10  ---O                                                                      (3 = 9.7%) {48.4%}
12  -----------O                                                              (11 = 35.5%) {58.1%}
14  ... 
20  -O                                                                        (1 = 3.2%) {93.5%}
24  -O                                                                        (1 = 3.2%) {96.8%}
29  ... 

Histogram: Sql.Statement.History.VMSteps recorded 139 samples, mean = 23.5 (flags = 0x41)
0    ... 
3    ------O                                                                   (6 = 4.3%) {0.0%}
4    O                                                                         (0 = 0.0%) {4.3%}
5    -O                                                                        (1 = 0.7%) {4.3%}
6    --O                                                                       (2 = 1.4%) {5.0%}
7    O                                                                         (0 = 0.0%) {6.5%}
8    ----O                                                                     (4 = 2.9%) {6.5%}
10   ----O                                                                     (4 = 2.9%) {9.4%}
12   ------------------------------------O                                     (36 = 25.9%) {12.2%}
14   ---O                                                                      (3 = 2.2%) {38.1%}
17   -----------------------------O                                            (29 = 20.9%) {40.3%}
20   -----------------------------O                                            (29 = 20.9%) {61.2%}
24   --------O                                                                 (8 = 5.8%) {82.0%}
29   ---O                                                                      (3 = 2.2%) {87.8%}
34   -O                                                                        (1 = 0.7%) {89.9%}
40   O                                                                         (0 = 0.0%) {90.6%}
48   -O                                                                        (1 = 0.7%) {90.6%}
57   -O                                                                        (1 = 0.7%) {91.4%}
68   ------O                                                                   (6 = 4.3%) {92.1%}
81   -O                                                                        (1 = 0.7%) {96.4%}
96   -O                                                                        (1 = 0.7%) {97.1%}
114  O                                                                         (0 = 0.0%) {97.8%}
135  ---O                                                                      (3 = 2.2%) {97.8%}
160  ... 

Histogram: Sql.Statement.OptOutBlacklist.VMSteps recorded 4 samples, mean = 10.8 (flags = 0x41)
0   ... 
5   -O                                                                        (1 = 25.0%) {0.0%}
6   O                                                                         (0 = 0.0%) {25.0%}
7   -O                                                                        (1 = 25.0%) {25.0%}
8   O                                                                         (0 = 0.0%) {50.0%}
10  -O                                                                        (1 = 25.0%) {50.0%}
12  ... 
20  -O                                                                        (1 = 25.0%) {75.0%}
24  ... 

Histogram: Sql.Statement.Passwords.VMSteps recorded 51 samples, mean = 24.6 (flags = 0x41)
0   ... 
3   ----O                                                                     (4 = 7.8%) {0.0%}
4   O                                                                         (0 = 0.0%) {7.8%}
5   --O                                                                       (2 = 3.9%) {7.8%}
6   ------O                                                                   (6 = 11.8%) {11.8%}
7   ----O                                                                     (4 = 7.8%) {23.5%}
8   ---O                                                                      (3 = 5.9%) {31.4%}
10  O                                                                         (0 = 0.0%) {37.3%}
12  ------------O                                                             (12 = 23.5%) {37.3%}
14  --O                                                                       (2 = 3.9%) {60.8%}
17  O                                                                         (0 = 0.0%) {64.7%}
20  --O                                                                       (2 = 3.9%) {64.7%}
24  ... 
34  --O                                                                       (2 = 3.9%) {68.6%}
40  ----O                                                                     (4 = 7.8%) {72.5%}
48  O                                                                         (0 = 0.0%) {80.4%}
57  ----O                                                                     (4 = 7.8%) {80.4%}
68  ------O                                                                   (6 = 11.8%) {88.2%}
81  ... 

Histogram: Sql.Statement.Predictor.VMSteps recorded 15 samples, mean = 15.4 (flags = 0x41)
0   ... 
3   --O                                                                       (2 = 13.3%) {0.0%}
4   O                                                                         (0 = 0.0%) {13.3%}
5   -O                                                                        (1 = 6.7%) {13.3%}
6   ---O                                                                      (3 = 20.0%) {20.0%}
7   O                                                                         (0 = 0.0%) {40.0%}
8   -O                                                                        (1 = 6.7%) {40.0%}
10  --O                                                                       (2 = 13.3%) {46.7%}
12  -O                                                                        (1 = 6.7%) {60.0%}
14  -O                                                                        (1 = 6.7%) {66.7%}
17  ... 
24  -O                                                                        (1 = 6.7%) {73.3%}
29  -O                                                                        (1 = 6.7%) {80.0%}
34  O                                                                         (0 = 0.0%) {86.7%}
40  -O                                                                        (1 = 6.7%) {86.7%}
48  -O                                                                        (1 = 6.7%) {93.3%}
57  ... 

Histogram: Sql.Statement.Quota.VMSteps recorded 18 samples, mean = 8.7 (flags = 0x41)
0   ... 
3   ----O                                                                     (4 = 22.2%) {0.0%}
4   O                                                                         (0 = 0.0%) {22.2%}
5   -O                                                                        (1 = 5.6%) {22.2%}
6   -O                                                                        (1 = 5.6%) {27.8%}
7   O                                                                         (0 = 0.0%) {33.3%}
8   ---O                                                                      (3 = 16.7%) {33.3%}
10  -O                                                                        (1 = 5.6%) {50.0%}
12  --------O                                                                 (8 = 44.4%) {55.6%}
14  ... 

Histogram: Sql.Statement.ReportingAndNEL.VMSteps recorded 12 samples, mean = 13.8 (flags = 0x41)
0   ... 
3   --O                                                                       (2 = 16.7%) {0.0%}
4   O                                                                         (0 = 0.0%) {16.7%}
5   -O                                                                        (1 = 8.3%) {16.7%}
6   -O                                                                        (1 = 8.3%) {25.0%}
7   ... 
12  -----O                                                                    (5 = 41.7%) {33.3%}
14  ... 
20  -O                                                                        (1 = 8.3%) {75.0%}
24  O                                                                         (0 = 0.0%) {83.3%}
29  -O                                                                        (1 = 8.3%) {83.3%}
34  -O                                                                        (1 = 8.3%) {91.7%}
40  ... 

Histogram: Sql.Statement.SharedDictionary.VMSteps recorded 20 samples, mean = 9.1 (flags = 0x41)
0   ... 
3   --------O                                                                 (8 = 40.0%) {0.0%}
4   O                                                                         (0 = 0.0%) {40.0%}
5   -O                                                                        (1 = 5.0%) {40.0%}
6   ... 
8   -O                                                                        (1 = 5.0%) {45.0%}
10  O                                                                         (0 = 0.0%) {50.0%}
12  -------O                                                                  (7 = 35.0%) {50.0%}
14  O                                                                         (0 = 0.0%) {85.0%}
17  --O                                                                       (2 = 10.0%) {85.0%}
20  -O                                                                        (1 = 5.0%) {95.0%}
24  ... 

Histogram: Sql.Statement.SharedStorage.VMSteps recorded 3 samples, mean = 7.7 (flags = 0x41)
0   ... 
5   -O                                                                        (1 = 33.3%) {0.0%}
6   ... 
8   -O                                                                        (1 = 33.3%) {33.3%}
10  -O                                                                        (1 = 33.3%) {66.7%}
12  ... 

Histogram: Sql.Statement.Thumbnail.VMSteps recorded 22 samples, mean = 12.4 (flags = 0x41)
0   ... 
3   ------O                                                                   (6 = 27.3%) {0.0%}
4   O                                                                         (0 = 0.0%) {27.3%}
5   -O                                                                        (1 = 4.5%) {27.3%}
6   ... 
8   -O                                                                        (1 = 4.5%) {31.8%}
10  O                                                                         (0 = 0.0%) {36.4%}
12  ----------O                                                               (10 = 45.5%) {36.4%}
14  ... 
20  -O                                                                        (1 = 4.5%) {81.8%}
24  O                                                                         (0 = 0.0%) {86.4%}
29  ---O                                                                      (3 = 13.6%) {86.4%}
34  ... 

Histogram: Sql.Statement.TopSites.VMSteps recorded 13 samples, mean = 12.7 (flags = 0x41)
0   ... 
3   --O                                                                       (2 = 15.4%) {0.0%}
4   O                                                                         (0 = 0.0%) {15.4%}
5   -O                                                                        (1 = 7.7%) {15.4%}
6   ... 
12  ---------O                                                                (9 = 69.2%) {23.1%}
14  ... 
40  -O                                                                        (1 = 7.7%) {92.3%}
48  ... 

Histogram: Sql.Statement.TrustTokens.VMSteps recorded 16 samples, mean = 14.1 (flags = 0x41)
0   ... 
3   --O                                                                       (2 = 12.5%) {0.0%}
4   O                                                                         (0 = 0.0%) {12.5%}
5   -O                                                                        (1 = 6.2%) {12.5%}
6   ---O                                                                      (3 = 18.8%) {18.8%}
7   ... 
10  -O                                                                        (1 = 6.2%) {37.5%}
12  -----O                                                                    (5 = 31.2%) {43.8%}
14  ... 
20  -O                                                                        (1 = 6.2%) {75.0%}
24  O                                                                         (0 = 0.0%) {81.2%}
29  -O                                                                        (1 = 6.2%) {81.2%}
34  --O                                                                       (2 = 12.5%) {87.5%}
40  ... 

Histogram: Sql.Statement.UKMMetrics.VMSteps recorded 31 samples, mean = 14.1 (flags = 0x41)
0   ... 
3   -----O                                                                    (5 = 16.1%) {0.0%}
4   O                                                                         (0 = 0.0%) {16.1%}
5   -O                                                                        (1 = 3.2%) {16.1%}
6   ... 
8   -------O                                                                  (7 = 22.6%) {19.4%}
10  O                                                                         (0 = 0.0%) {41.9%}
12  -------O                                                                  (7 = 22.6%) {41.9%}
14  O                                                                         (0 = 0.0%) {64.5%}
17  -O                                                                        (1 = 3.2%) {64.5%}
20  -------O                                                                  (7 = 22.6%) {67.7%}
24  O                                                                         (0 = 0.0%) {90.3%}
29  -O                                                                        (1 = 3.2%) {90.3%}
34  O                                                                         (0 = 0.0%) {93.5%}
40  --O                                                                       (2 = 6.5%) {93.5%}
48  ... 

Histogram: Sql.Statement.Web.VMSteps recorded 116 samples, mean = 53.1 (flags = 0x41)
0    ... 
3    --------O                                                                 (8 = 6.9%) {0.0%}
4    -O                                                                        (1 = 0.9%) {6.9%}
5    -O                                                                        (1 = 0.9%) {7.8%}
6    ------------O                                                             (12 = 10.3%) {8.6%}
7    ----------O                                                               (10 = 8.6%) {19.0%}
8    ------O                                                                   (6 = 5.2%) {27.6%}
10   ---------O                                                                (9 = 7.8%) {32.8%}
12   --------------O                                                           (14 = 12.1%) {40.5%}
14   -O                                                                        (1 = 0.9%) {52.6%}
17   ---O                                                                      (3 = 2.6%) {53.4%}
20   -O                                                                        (1 = 0.9%) {56.0%}
24   -O                                                                        (1 = 0.9%) {56.9%}
29   --O                                                                       (2 = 1.7%) {57.8%}
34   --O                                                                       (2 = 1.7%) {59.5%}
40   --O                                                                       (2 = 1.7%) {61.2%}
48   ---O                                                                      (3 = 2.6%) {62.9%}
57   ----O                                                                     (4 = 3.4%) {65.5%}
68   ----O                                                                     (4 = 3.4%) {69.0%}
81   --O                                                                       (2 = 1.7%) {72.4%}
96   -------O                                                                  (7 = 6.0%) {74.1%}
114  -----O                                                                    (5 = 4.3%) {80.2%}
135  -------O                                                                  (7 = 6.0%) {84.5%}
160  -----O                                                                    (5 = 4.3%) {90.5%}
190  ------O                                                                   (6 = 5.2%) {94.8%}
226  ... 

Histogram: Sql.vfs.SyncTime recorded 47 samples, mean = 0.6 (flags = 0x41)
0  -----------------------O                                                  (23 = 48.9%)
1  -------------------O                                                      (19 = 40.4%) {48.9%}
2  ----O                                                                     (4 = 8.5%) {89.4%}
3  -O                                                                        (1 = 2.1%) {97.9%}
4  ... 

Histogram: Stability.Counts2 recorded 8 samples, mean = 24.2 (flags = 0x43)
0   ... 
2   -O                                                                        (1 = 12.5%) {0.0%}
3   ... 
15  -O                                                                        (1 = 12.5%) {12.5%}
16  ... 
26  ---O                                                                      (3 = 37.5%) {25.0%}
27  ... 
33  ---O                                                                      (3 = 37.5%) {62.5%}
34  O                                                                         (0 = 0.0%) {100.0%}

Histogram: Stability.Experimental.PageLoads recorded 1 samples, mean = 17.0 (flags = 0x41)
0   ... 
17  -O                                                                        (1 = 100.0%) {0.0%}
18  O                                                                         (0 = 0.0%) {100.0%}

Histogram: Startup.AfterStartupTaskCount recorded 1 samples, mean = 2.0 (flags = 0x41)
0  ... 
2  -O                                                                        (1 = 100.0%) {0.0%}
3  ... 

Histogram: Startup.AfterStartupTaskDelayedUntilTime recorded 1 samples, mean = 21811.0 (flags = 0x41)
0      ... 
20614  -O                                                                        (1 = 100.0%) {0.0%}
27929  ... 

Histogram: Startup.BrowserMainRunnerImplInitializeLongTime recorded 1 samples, mean = 100.0 (flags = 0x41)
0   ... 
89  -O                                                                        (1 = 100.0%) {0.0%}
103 ... 

Histogram: Startup.BrowserMessageLoopFirstIdle recorded 1 samples, mean = 4456282.0 (flags = 0x41)
0        ... 
3600000  -O                                                                        (1 = 100.0%) {0.0%}

Histogram: Startup.BrowserMessageLoopStartHardFaultCount recorded 1 samples, mean = 387.0 (flags = 0x41)
0    ... 
367  -O                                                                        (1 = 100.0%) {0.0%}
450  ... 

Histogram: Startup.BrowserMessageLoopStartTime recorded 1 samples, mean = 119.0 (flags = 0x41)
0    ... 
119  -O                                                                        (1 = 100.0%) {0.0%}
137  ... 

Histogram: Startup.CreateFirstProfile recorded 1 samples, mean = 54.0 (flags = 0x41)
0   ... 
47  -O                                                                        (1 = 100.0%) {0.0%}
64  ... 

Histogram: Startup.FirstWebContents.FinishReason recorded 1 samples, mean = 6.0 (flags = 0x41)
0  ... 
6  -O                                                                        (1 = 100.0%) {0.0%}
7  ... 

Histogram: Startup.LoadTime.ApplicationStartToChromeMain recorded 1 samples, mean = 0.0 (flags = 0x41)
0  -O                                                                        (1 = 100.0%)
1  ... 

Histogram: Startup.LoadTime.ProcessCreateToApplicationStart recorded 1 samples, mean = 16633.0 (flags = 0x41)
0      ... 
15215  -O                                                                        (1 = 100.0%) {0.0%}
20614  ... 

Histogram: Startup.LoadTime.RecordedProcessCreation recorded 1 samples, mean = 1.0 (flags = 0x1)
0  O                                                                         (0 = 0.0%)
1  -O                                                                        (1 = 100.0%) {0.0%}
2  O                                                                         (0 = 0.0%) {100.0%}

Histogram: Startup.PreMainMessageLoopRunImplLongTime recorded 1 samples, mean = 61.0 (flags = 0x41)
0   ... 
58  -O                                                                        (1 = 100.0%) {0.0%}
67  ... 

Histogram: Startup.Temperature recorded 1 samples, mean = 2.0 (flags = 0x41)
0  ... 
2  -O                                                                        (1 = 100.0%) {0.0%}
3  ... 

Histogram: Storage.Blob.CreateDirectoryResult recorded 1 samples, mean = 0.0 (flags = 0x41)
0  -O                                                                        (1 = 100.0%)
1  ... 

Histogram: Storage.SessionStorage.RendererAreaCacheHit recorded 2 samples, mean = 1.0 (flags = 0x41)
0  -O                                                                        (1 = 50.0%)
1  O                                                                         (0 = 0.0%) {50.0%}
2  -O                                                                        (1 = 50.0%) {50.0%}
3  O                                                                         (0 = 0.0%) {100.0%}

Histogram: Storage.SharedStorage.Database.Timing.OpenImpl recorded 1 samples, mean = 9.0 (flags = 0x41)
0  ... 
8  -O                                                                        (1 = 100.0%) {0.0%}
10 ... 

Histogram: Storage.SharedStorage.OnShutdown.NumSqlErrors recorded 1 samples, mean = 0.0 (flags = 0x41)
0  -O                                                                        (1 = 100.0%)
1  ... 

Histogram: Storage.SharedStorage.OnShutdown.RecoveryFromInitFailureAttempted recorded 1 samples, mean = 0.0 (flags = 0x41)
0  -O                                                                        (1 = 100.0%)
1  ... 

Histogram: Storage.SharedStorage.OnShutdown.RecoveryOnDiskAttempted recorded 1 samples, mean = 0.0 (flags = 0x41)
0  -O                                                                        (1 = 100.0%)
1  ... 

Histogram: Storage.SharedStorage.Worklet.NumPerPage recorded 1 samples, mean = 0.0 (flags = 0x41)
0  -O                                                                        (1 = 100.0%)
1  ... 

Histogram: Storage.SharedStorage.Worklet.SelectURL.CallsPerPage recorded 1 samples, mean = 0.0 (flags = 0x41)
0  -O                                                                        (1 = 100.0%)
1  ... 

Histogram: Style.InvalidationTime recorded 1 samples, mean = 70.0 (flags = 0x41)
0   ... 
55  -O                                                                        (1 = 100.0%) {0.0%}
76  ... 

Histogram: Style.RebuildLayoutTreeTime recorded 8 samples, mean = 503.5 (flags = 0x41)
0     ... 
2     -O                                                                        (1 = 12.5%) {0.0%}
3     ... 
15    -O                                                                        (1 = 12.5%) {12.5%}
21    O                                                                         (0 = 0.0%) {25.0%}
29    -O                                                                        (1 = 12.5%) {25.0%}
40    O                                                                         (0 = 0.0%) {37.5%}
55    -O                                                                        (1 = 12.5%) {37.5%}
76    --O                                                                       (2 = 25.0%) {50.0%}
105   ... 
391   -O                                                                        (1 = 12.5%) {75.0%}
542   ... 
2786  -O                                                                        (1 = 12.5%) {87.5%}
3865  ... 

Histogram: Style.RecalcTime recorded 11 samples, mean = 2957.4 (flags = 0x41)
0      ... 
2      -O                                                                        (1 = 9.1%) {0.0%}
3      O                                                                         (0 = 0.0%) {9.1%}
4      -O                                                                        (1 = 9.1%) {9.1%}
6      ... 
29     -O                                                                        (1 = 9.1%) {18.2%}
40     ... 
105    -O                                                                        (1 = 9.1%) {27.3%}
146    -O                                                                        (1 = 9.1%) {36.4%}
203    O                                                                         (0 = 0.0%) {45.5%}
282    -O                                                                        (1 = 9.1%) {45.5%}
391    ... 
2786   --O                                                                       (2 = 18.2%) {54.5%}
3865   O                                                                         (0 = 0.0%) {72.7%}
5362   -O                                                                        (1 = 9.1%) {72.7%}
7439   -O                                                                        (1 = 9.1%) {81.8%}
10321  -O                                                                        (1 = 9.1%) {90.9%}
14319  ... 

Histogram: SubresourceFilter.MainFrameLoad.RulesetIsAvailableAnyActivationLevel recorded 1 samples, mean = 0.0 (flags = 0x41)
0  -O                                                                        (1 = 100.0%)
1  ... 

Histogram: SubresourceFilter.PageLoad.ActivationDecision recorded 1 samples, mean = 1.0 (flags = 0x41)
0  O                                                                         (0 = 0.0%)
1  -O                                                                        (1 = 100.0%) {0.0%}
2  ... 

Histogram: SubresourceFilter.PageLoad.ActivationList recorded 1 samples, mean = 0.0 (flags = 0x41)
0  -O                                                                        (1 = 100.0%)
1  ... 

Histogram: SubresourceFilter.PageLoad.ActivationState recorded 2 samples, mean = 0.0 (flags = 0x41)
0  --O                                                                       (2 = 100.0%)
1  ... 

Histogram: SubresourceFilter.PageLoad.SafeBrowsingDelay recorded 1 samples, mean = 0.0 (flags = 0x41)
0  -O                                                                        (1 = 100.0%)
1  ... 

Histogram: SubresourceFilter.SafeBrowsing.TotalCheckTime recorded 3 samples, mean = 0.0 (flags = 0x41)
0  ---O                                                                      (3 = 100.0%)
1  ... 

Histogram: Sync.ModelTypeStoreBackendError.ReadRecords recorded 5 samples, mean = 1.0 (flags = 0x41)
0  O                                                                         (0 = 0.0%)
1  -----O                                                                    (5 = 100.0%) {0.0%}
2  ... 

Histogram: Sync.ModelTypeStoreBackendInitializationSuccess recorded 1 samples, mean = 1.0 (flags = 0x41)
0  O                                                                         (0 = 0.0%)
1  -O                                                                        (1 = 100.0%) {0.0%}
2  O                                                                         (0 = 0.0%) {100.0%}

Histogram: Sync.PassphraseType2 recorded 1 samples, mean = 0.0 (flags = 0x41)
0  -O                                                                        (1 = 100.0%)
1  ... 

Histogram: Sync.SyncToSigninMigrationDecision recorded 1 samples, mean = 1.0 (flags = 0x41)
0  O                                                                         (0 = 0.0%)
1  -O                                                                        (1 = 100.0%) {0.0%}
2  ... 

Histogram: Sync.TrustedVaultFileReadStatus recorded 1 samples, mean = 0.0 (flags = 0x41)
0  -O                                                                        (1 = 100.0%)
1  ... 

Histogram: Sync.TrustedVaultFileWriteSuccess recorded 1 samples, mean = 1.0 (flags = 0x41)
0  O                                                                         (0 = 0.0%)
1  -O                                                                        (1 = 100.0%) {0.0%}
2  O                                                                         (0 = 0.0%) {100.0%}

Histogram: TabGroups.CollapsedGroupCountPerLoad recorded 1 samples, mean = 0.0 (flags = 0x41)
0  -O                                                                        (1 = 100.0%)
1  ... 

Histogram: TabGroups.UserCustomizedGroupCountPerLoad recorded 1 samples, mean = 0.0 (flags = 0x41)
0  -O                                                                        (1 = 100.0%)
1  ... 

Histogram: TabGroups.UserGroupCountPerLoad recorded 1 samples, mean = 0.0 (flags = 0x41)
0  -O                                                                        (1 = 100.0%)
1  ... 

Histogram: TabGroups.UserPinnedTabCountPerLoad recorded 1 samples, mean = 0.0 (flags = 0x41)
0  -O                                                                        (1 = 100.0%)
1  ... 

Histogram: Tabs.NewNavigationWithSameOriginTab recorded 1 samples, mean = 0.0 (flags = 0x41)
0  -O                                                                        (1 = 100.0%)
1  ... 

Histogram: Tabs.TabCount recorded 14 samples, mean = 0.0 (flags = 0x41)
0  --------------O                                                           (14 = 100.0%)
1  ... 

Histogram: Tabs.TabCount.PluggedIn recorded 14 samples, mean = 0.0 (flags = 0x41)
0  --------------O                                                           (14 = 100.0%)
1  ... 

Histogram: Tabs.TabCountPerLoad recorded 1 samples, mean = 0.0 (flags = 0x41)
0  -O                                                                        (1 = 100.0%)
1  ... 

Histogram: Tabs.WindowCount recorded 14 samples, mean = 0.0 (flags = 0x41)
0  --------------O                                                           (14 = 100.0%)
1  ... 

Histogram: Tabs.WindowCount.PluggedIn recorded 14 samples, mean = 0.0 (flags = 0x41)
0  --------------O                                                           (14 = 100.0%)
1  ... 

Histogram: ThirdPartyModules.InputMethodEditorsCount recorded 1 samples, mean = 0.0 (flags = 0x41)
0  -O                                                                        (1 = 100.0%)
1  ... 

Histogram: ThreadPool.UnnecessaryWakeup.Browser.Background recorded 4 samples, mean = 1.0 (flags = 0x41)
0  O                                                                         (0 = 0.0%)
1  ----O                                                                     (4 = 100.0%) {0.0%}
2  O                                                                         (0 = 0.0%) {100.0%}

Histogram: ThreadPool.UnnecessaryWakeup.Browser.Foreground recorded 81 samples, mean = 1.0 (flags = 0x41)
0  O                                                                         (0 = 0.0%)
1  ------------------------------------------------------------------------O (81 = 100.0%) {0.0%}
2  O                                                                         (0 = 0.0%) {100.0%}

Histogram: ThreadPool.UnnecessaryWakeup.ContentChild.Foreground recorded 6 samples, mean = 1.0 (flags = 0x41)
0  O                                                                         (0 = 0.0%)
1  ------O                                                                   (6 = 100.0%) {0.0%}
2  O                                                                         (0 = 0.0%) {100.0%}

Histogram: ThreadPool.UnnecessaryWakeup.Renderer.Foreground recorded 94 samples, mean = 1.0 (flags = 0x41)
0  O                                                                         (0 = 0.0%)
1  ------------------------------------------------------------------------O (94 = 100.0%) {0.0%}
2  O                                                                         (0 = 0.0%) {100.0%}

Histogram: Translate.ApplicationStart.AlwaysTranslateLanguage.Count recorded 1 samples, mean = 0.0 (flags = 0x41)
0  -O                                                                        (1 = 100.0%)
1  ... 

Histogram: Translate.ApplicationStart.NeverTranslateLanguage recorded 1 samples (flags = 0x41)
-74147910-O                                                                        (1 = 100.0%)

Histogram: Translate.ApplicationStart.NeverTranslateLanguage.Count recorded 1 samples, mean = 1.0 (flags = 0x41)
0  O                                                                         (0 = 0.0%)
1  -O                                                                        (1 = 100.0%) {0.0%}
2  ... 

Histogram: Translate.ApplicationStart.NeverTranslateSite.Count recorded 1 samples, mean = 0.0 (flags = 0x41)
0  -O                                                                        (1 = 100.0%)
1  ... 

Histogram: Translate.LanguageDetection.ContentLength recorded 1 samples, mean = 2163.0 (flags = 0x41)
0     ... 
1757  -O                                                                        (1 = 100.0%) {0.0%}
2199  ... 

Histogram: Translate.LanguageDeterminedDuration recorded 1 samples, mean = 3002.0 (flags = 0x41)
0     ... 
2460  -O                                                                        (1 = 100.0%) {0.0%}
3333  ... 

Histogram: Translate.PageLoad.FinalSourceLanguage recorded 1 samples (flags = 0x41)
350748440  -O                                                                        (1 = 100.0%)

Histogram: Translate.PageLoad.FinalState recorded 1 samples, mean = 1.0 (flags = 0x41)
0  O                                                                         (0 = 0.0%)
1  -O                                                                        (1 = 100.0%) {0.0%}
2  ... 

Histogram: Translate.PageLoad.FinalTargetLanguage recorded 1 samples (flags = 0x41)
-74147910-O                                                                        (1 = 100.0%)

Histogram: Translate.PageLoad.InitialSourceLanguage recorded 1 samples (flags = 0x41)
350748440  -O                                                                        (1 = 100.0%)

Histogram: Translate.PageLoad.InitialState recorded 1 samples, mean = 1.0 (flags = 0x41)
0  O                                                                         (0 = 0.0%)
1  -O                                                                        (1 = 100.0%) {0.0%}
2  ... 

Histogram: Translate.PageLoad.InitialTargetLanguage recorded 1 samples (flags = 0x41)
-74147910-O                                                                        (1 = 100.0%)

Histogram: Translate.PageLoad.InitialTargetLanguage.Origin recorded 1 samples, mean = 1.0 (flags = 0x41)
0  O                                                                         (0 = 0.0%)
1  -O                                                                        (1 = 100.0%) {0.0%}
2  ... 

Histogram: Translate.PageLoad.IsInitialSourceLanguageInUsersContentLanguages recorded 1 samples, mean = 0.0 (flags = 0x41)
0  -O                                                                        (1 = 100.0%)
1  ... 

Histogram: Translate.PageLoad.NumReversions recorded 1 samples, mean = 0.0 (flags = 0x41)
0  -O                                                                        (1 = 100.0%)
1  ... 

Histogram: Translate.PageLoad.NumTargetLanguageChanges recorded 1 samples, mean = 0.0 (flags = 0x41)
0  -O                                                                        (1 = 100.0%)
1  ... 

Histogram: Translate.PageLoad.NumTranslations recorded 1 samples, mean = 0.0 (flags = 0x41)
0  -O                                                                        (1 = 100.0%)
1  ... 

Histogram: Translate.PageLoad.Ranker.Decision recorded 1 samples, mean = 1.0 (flags = 0x41)
0  O                                                                         (0 = 0.0%)
1  -O                                                                        (1 = 100.0%) {0.0%}
2  ... 

Histogram: Translate.PageLoad.Ranker.Version recorded 1 samples (flags = 0x41)
0  -O                                                                        (1 = 100.0%)

Histogram: Translate.PageLoad.TriggerDecision recorded 1 samples, mean = 4.0 (flags = 0x41)
0  ... 
4  -O                                                                        (1 = 100.0%) {0.0%}
5  ... 

Histogram: Translate.Ranker.Model.Status2 recorded 2 samples, mean = 6.5 (flags = 0x41)
0  ... 
6  -O                                                                        (1 = 50.0%) {0.0%}
7  -O                                                                        (1 = 50.0%) {50.0%}
8  O                                                                         (0 = 0.0%) {100.0%}

Histogram: UI.DeviceScale recorded 1 samples (flags = 0x41)
100  -O                                                                        (1 = 100.0%)

Histogram: UKM.Entries.Dropped recorded 278 samples, mean = 1.0 (flags = 0x41)
0  O                                                                         (0 = 0.0%)
1  ------------------------------------------------------------------------O (278 = 100.0%) {0.0%}
2  ... 

Histogram: UKM.Entries.Dropped.ByEntryHash recorded 278 samples (flags = 0x41)
58315124    -O                                                                        (1 = 0.4%)
181657211   --O                                                                       (2 = 0.7%)
189164898   -O                                                                        (1 = 0.4%)
251237400   -O                                                                        (1 = 0.4%)
270025173   -O                                                                        (1 = 0.4%)
277070773   -O                                                                        (1 = 0.4%)
385121421   -O                                                                        (1 = 0.4%)
465002269   -O                                                                        (1 = 0.4%)
480593958   -----O                                                                    (5 = 1.8%)
532600439   ---O                                                                      (3 = 1.1%)
575234402   -O                                                                        (1 = 0.4%)
624513781   -O                                                                        (1 = 0.4%)
654949485   ------------------------------------------------------------------------O (76 = 27.3%)
661477988   -O                                                                        (1 = 0.4%)
705322609   ---O                                                                      (3 = 1.1%)
805578149   -O                                                                        (1 = 0.4%)
810755299   -O                                                                        (1 = 0.4%)
828084724   -----------------------------------O                                      (37 = 13.3%)
854760832   -O                                                                        (1 = 0.4%)
888761441   -O                                                                        (1 = 0.4%)
902138984   ------------------------------------O                                     (38 = 13.7%)
986870865   ----O                                                                     (4 = 1.4%)
1004547038  -O                                                                        (1 = 0.4%)
1035062417  -O                                                                        (1 = 0.4%)
1039353520  --O                                                                       (2 = 0.7%)
1078164680  --O                                                                       (2 = 0.7%)
1149114043  -O                                                                        (1 = 0.4%)
1262170432  -------O                                                                  (7 = 2.5%)
1321082436  --O                                                                       (2 = 0.7%)
1350795912  -O                                                                        (1 = 0.4%)
1354891390  -O                                                                        (1 = 0.4%)
1404242571  -----------------------------------O                                      (37 = 13.3%)
1545548559  --O                                                                       (2 = 0.7%)
1548358279  -O                                                                        (1 = 0.4%)
1576109827  -O                                                                        (1 = 0.4%)
1604233346  -------O                                                                  (7 = 2.5%)
1607081943  -O                                                                        (1 = 0.4%)
1645426679  -----O                                                                    (5 = 1.8%)
1663717192  -O                                                                        (1 = 0.4%)
1767609109  ----------O                                                               (11 = 4.0%)
1790338714  -O                                                                        (1 = 0.4%)
1832900131  ----O                                                                     (4 = 1.4%)
1866365893  -O                                                                        (1 = 0.4%)
1871083634  -O                                                                        (1 = 0.4%)
1982793904  -O                                                                        (1 = 0.4%)
2037740339  ---O                                                                      (3 = 1.1%)
2066033668  -O                                                                        (1 = 0.4%)

Histogram: UKM.PersistentLogRecall.Status recorded 1 samples, mean = 1.0 (flags = 0x41)
0  O                                                                         (0 = 0.0%)
1  -O                                                                        (1 = 100.0%) {0.0%}
2  ... 

Histogram: UKM.Sources.Dropped recorded 7 samples, mean = 1.0 (flags = 0x41)
0  O                                                                         (0 = 0.0%)
1  -------O                                                                  (7 = 100.0%) {0.0%}
2  ... 

Histogram: UKM.WebDXFeatureSets.Dropped recorded 2 samples, mean = 1.0 (flags = 0x41)
0  O                                                                         (0 = 0.0%)
1  --O                                                                       (2 = 100.0%) {0.0%}
2  ... 

Histogram: UMA.ChildProcess.Ping.Periodic recorded 18 samples, mean = 1.0 (flags = 0x41)
0  ------O                                                                   (6 = 33.3%)
1  ------O                                                                   (6 = 33.3%) {33.3%}
2  ------O                                                                   (6 = 33.3%) {66.7%}
3  O                                                                         (0 = 0.0%) {100.0%}

Histogram: UMA.ChildProcess.Ping.SharedMemorySetUp recorded 22 samples, mean = 1.0 (flags = 0x41)
0  --------O                                                                 (8 = 36.4%)
1  -------O                                                                  (7 = 31.8%) {36.4%}
2  -------O                                                                  (7 = 31.8%) {68.2%}
3  O                                                                         (0 = 0.0%) {100.0%}

Histogram: UMA.CleanExitBeaconConsistency3 recorded 1 samples, mean = 0.0 (flags = 0x41)
0  -O                                                                        (1 = 100.0%)
1  ... 

Histogram: UMA.EntropySourceType recorded 1 samples, mean = 1.0 (flags = 0x41)
0  O                                                                         (0 = 0.0%)
1  -O                                                                        (1 = 100.0%) {0.0%}
2  ... 

Histogram: UMA.LocalHistogram recorded 9 samples, mean = 1.0 (flags = 0x40)
0  O                                                                         (0 = 0.0%)
1  ---------O                                                                (9 = 100.0%) {0.0%}
2  O                                                                         (0 = 0.0%) {100.0%}

Histogram: UMA.MachineIdState recorded 1 samples, mean = 3.0 (flags = 0x41)
0  ... 
3  -O                                                                        (1 = 100.0%) {0.0%}
4  O                                                                         (0 = 0.0%) {100.0%}

Histogram: UMA.MetricsService.Initialize.Time recorded 1 samples, mean = 65.0 (flags = 0x41)
0   ... 
65  -O                                                                        (1 = 100.0%) {0.0%}
86  ... 

Histogram: UMA.MetricsService.PendingOngoingLogOnDisable recorded 1 samples, mean = 0.0 (flags = 0x41)
0  -O                                                                        (1 = 100.0%)
1  ... 

Histogram: UMA.PersistentAllocator.BrowserMetrics.Errors recorded 0 samples (flags = 0x41)
0 ... 

Histogram: UMA.PersistentAllocator.BrowserMetrics.UsedPct recorded 0 samples (flags = 0x41)
0 ... 

Histogram: UMA.PersistentAllocator.EarlyHistograms.BrowserMetrics recorded 1 samples, mean = 1.0 (flags = 0x41)
0  O                                                                         (0 = 0.0%)
1  -O                                                                        (1 = 100.0%) {0.0%}
2  ... 

Histogram: UMA.PersistentAllocator.EarlyHistograms.GpuMetrics recorded 1 samples, mean = 34.0 (flags = 0x41)
0   ... 
34  -O                                                                        (1 = 100.0%) {0.0%}
36  ... 

Histogram: UMA.PersistentAllocator.EarlyHistograms.RendererMetrics recorded 3 samples, mean = 30.0 (flags = 0x41)
0   ... 
30  ---O                                                                      (3 = 100.0%) {0.0%}
32  ... 

Histogram: UMA.PersistentAllocator.EarlyHistograms.UtilityMetrics recorded 3 samples, mean = 7.0 (flags = 0x41)
0  ... 
7  ---O                                                                      (3 = 100.0%) {0.0%}
8  ... 

Histogram: UMA.PersistentAllocator.FieldTrialAllocator.Errors recorded 0 samples (flags = 0x41)
0 ... 

Histogram: UMA.PersistentAllocator.FieldTrialAllocator.UsedPct recorded 8 samples, mean = 0.0 (flags = 0x41)
0  --------O                                                                 (8 = 100.0%)
1  ... 

Histogram: UMA.PersistentHistograms.InitResult recorded 1 samples, mean = 2.0 (flags = 0x41)
0  ... 
2  -O                                                                        (1 = 100.0%) {0.0%}
3  ... 

Histogram: UMA.Pseudo.PageLoad.LayoutInstability.CumulativeShiftScore recorded 1 samples, mean = 0.0 (flags = 0x41)
0  -O                                                                        (1 = 100.0%)
1  ... 

Histogram: UMA.Pseudo.PageLoad.LayoutInstability.MaxCumulativeShiftScore.SessionWindow.Gap1000ms.Max5000ms2 recorded 1 samples, mean = 0.0 (flags = 0x41)
0  -O                                                                        (1 = 100.0%)
1  ... 

Histogram: UnifiedConsent.MakeSearchesAndBrowsingBetter.OnProfileLoad recorded 1 samples, mean = 0.0 (flags = 0x41)
0  -O                                                                        (1 = 100.0%)
1  ... 

Histogram: V8.CollectSourcePositions recorded 38 samples, mean = 89.1 (flags = 0x41)
0    ... 
12   -O                                                                        (1 = 2.6%) {0.0%}
16   -----O                                                                    (5 = 13.2%) {2.6%}
21   -O                                                                        (1 = 2.6%) {15.8%}
28   -------O                                                                  (7 = 18.4%) {18.4%}
37   --O                                                                       (2 = 5.3%) {36.8%}
49   -------O                                                                  (7 = 18.4%) {42.1%}
65   -O                                                                        (1 = 2.6%) {60.5%}
86   ------O                                                                   (6 = 15.8%) {63.2%}
113  O                                                                         (0 = 0.0%) {78.9%}
149  ----O                                                                     (4 = 10.5%) {78.9%}
196  --O                                                                       (2 = 5.3%) {89.5%}
258  O                                                                         (0 = 0.0%) {94.7%}
340  -O                                                                        (1 = 2.6%) {94.7%}
448  -O                                                                        (1 = 2.6%) {97.4%}
590  ... 

Histogram: V8.CompileLazyMicroSeconds recorded 10 samples, mean = 3419.4 (flags = 0x41)
0      ... 
29     -O                                                                        (1 = 10.0%) {0.0%}
40     --O                                                                       (2 = 20.0%) {10.0%}
55     ... 
146    --O                                                                       (2 = 20.0%) {30.0%}
203    O                                                                         (0 = 0.0%) {50.0%}
282    -O                                                                        (1 = 10.0%) {50.0%}
391    ... 
2008   --O                                                                       (2 = 20.0%) {60.0%}
2786   ... 
7439   -O                                                                        (1 = 10.0%) {80.0%}
10321  ... 
19866  -O                                                                        (1 = 10.0%) {90.0%}
27562  ... 

Histogram: V8.CompileMicroSeconds recorded 22 samples, mean = 51.0 (flags = 0x41)
0    ... 
5    ----O                                                                     (4 = 18.2%) {0.0%}
7    ----O                                                                     (4 = 18.2%) {18.2%}
9    --O                                                                       (2 = 9.1%) {36.4%}
12   --O                                                                       (2 = 9.1%) {45.5%}
16   --O                                                                       (2 = 9.1%) {54.5%}
21   -----O                                                                    (5 = 22.7%) {63.6%}
28   -O                                                                        (1 = 4.5%) {86.4%}
37   ... 
258  -O                                                                        (1 = 4.5%) {90.9%}
340  O                                                                         (0 = 0.0%) {95.5%}
448  -O                                                                        (1 = 4.5%) {95.5%}
590  ... 

Histogram: V8.CompileScript.CacheBehaviour recorded 48 samples, mean = 9.2 (flags = 0x41)
0   ... 
4   ----------------O                                                         (16 = 33.3%) {0.0%}
5   ... 
8   --O                                                                       (2 = 4.2%) {33.3%}
9   ... 
12  --------------------------O                                               (26 = 54.2%) {37.5%}
13  ----O                                                                     (4 = 8.3%) {91.7%}
14  ... 

Histogram: V8.CompileScriptMicroSeconds recorded 48 samples, mean = 65.2 (flags = 0x41)
0    ... 
4    -O                                                                        (1 = 2.1%) {0.0%}
5    --O                                                                       (2 = 4.2%) {2.1%}
7    -------O                                                                  (7 = 14.6%) {6.2%}
9    ---------O                                                                (9 = 18.8%) {20.8%}
12   -O                                                                        (1 = 2.1%) {39.6%}
16   ---O                                                                      (3 = 6.2%) {41.7%}
21   -----O                                                                    (5 = 10.4%) {47.9%}
28   ------O                                                                   (6 = 12.5%) {58.3%}
37   ---O                                                                      (3 = 6.2%) {70.8%}
49   --O                                                                       (2 = 4.2%) {77.1%}
65   ----O                                                                     (4 = 8.3%) {81.2%}
86   --O                                                                       (2 = 4.2%) {89.6%}
113  ... 
258  -O                                                                        (1 = 2.1%) {93.8%}
340  ... 
590  -O                                                                        (1 = 2.1%) {95.8%}
777  -O                                                                        (1 = 2.1%) {97.9%}
1023 ... 

Histogram: V8.CompileScriptMicroSeconds.BackgroundThread recorded 26 samples, mean = 250356.2 (flags = 0x41)
0        ... 
196      ----O                                                                     (4 = 15.4%) {0.0%}
258      --O                                                                       (2 = 7.7%) {15.4%}
340      --O                                                                       (2 = 7.7%) {23.1%}
448      -O                                                                        (1 = 3.8%) {30.8%}
590      O                                                                         (0 = 0.0%) {34.6%}
777      ---O                                                                      (3 = 11.5%) {34.6%}
1023     -O                                                                        (1 = 3.8%) {46.2%}
1347     O                                                                         (0 = 0.0%) {50.0%}
1774     -O                                                                        (1 = 3.8%) {50.0%}
2336     O                                                                         (0 = 0.0%) {53.8%}
3077     -O                                                                        (1 = 3.8%) {53.8%}
4053     ... 
63662    -O                                                                        (1 = 3.8%) {57.7%}
83848    ... 
145450   --O                                                                       (2 = 7.7%) {61.5%}
191569   O                                                                         (0 = 0.0%) {69.2%}
252312   -O                                                                        (1 = 3.8%) {69.2%}
332315   --O                                                                       (2 = 7.7%) {73.1%}
437686   ... 
759255   ----O                                                                     (4 = 15.4%) {80.8%}
1000000  -O                                                                        (1 = 3.8%) {96.2%}

Histogram: V8.CompileScriptMicroSeconds.NoCache.InlineScript recorded 16 samples, mean = 58.8 (flags = 0x41)
0    ... 
12   -O                                                                        (1 = 6.2%) {0.0%}
16   O                                                                         (0 = 0.0%) {6.2%}
21   ----O                                                                     (4 = 25.0%) {6.2%}
28   ---O                                                                      (3 = 18.8%) {31.2%}
37   --O                                                                       (2 = 12.5%) {50.0%}
49   O                                                                         (0 = 0.0%) {62.5%}
65   ---O                                                                      (3 = 18.8%) {62.5%}
86   --O                                                                       (2 = 12.5%) {81.2%}
113  ... 
258  -O                                                                        (1 = 6.2%) {93.8%}
340  ... 

Histogram: V8.CompileScriptMicroSeconds.NoCache.Other recorded 6 samples, mean = 313.3 (flags = 0x41)
0    ... 
28   -O                                                                        (1 = 16.7%) {0.0%}
37   -O                                                                        (1 = 16.7%) {16.7%}
49   -O                                                                        (1 = 16.7%) {33.3%}
65   -O                                                                        (1 = 16.7%) {50.0%}
86   ... 
590  -O                                                                        (1 = 16.7%) {66.7%}
777  -O                                                                        (1 = 16.7%) {83.3%}
1023 ... 

Histogram: V8.CompileScriptMicroSeconds.StreamingFinalization recorded 26 samples, mean = 14.8 (flags = 0x41)
0   ... 
5   -O                                                                        (1 = 3.8%) {0.0%}
7   ----O                                                                     (4 = 15.4%) {3.8%}
9   -----------O                                                              (11 = 42.3%) {19.2%}
12  --O                                                                       (2 = 7.7%) {61.5%}
16  --O                                                                       (2 = 7.7%) {69.2%}
21  --O                                                                       (2 = 7.7%) {76.9%}
28  ---O                                                                      (3 = 11.5%) {84.6%}
37  O                                                                         (0 = 0.0%) {96.2%}
49  -O                                                                        (1 = 3.8%) {96.2%}
65  ... 

Histogram: V8.ErrorsThrownPerContext recorded 1 samples, mean = 0.0 (flags = 0x41)
0  -O                                                                        (1 = 100.0%)
1  ... 

Histogram: V8.GC.Cycle.CollectionRate.Full recorded 2 samples, mean = 65.0 (flags = 0x41)
0   ... 
26  -O                                                                        (1 = 50.0%) {0.0%}
33  ... 
80  -O                                                                        (1 = 50.0%) {50.0%}
100 O                                                                         (0 = 0.0%) {100.0%}

Histogram: V8.GC.Cycle.CollectionRate.Full.Cpp recorded 2 samples, mean = 66.5 (flags = 0x41)
0   ... 
33  -O                                                                        (1 = 50.0%) {0.0%}
41  ... 
80  -O                                                                        (1 = 50.0%) {50.0%}
100 O                                                                         (0 = 0.0%) {100.0%}

Histogram: V8.GC.Cycle.CollectionRate.Young recorded 23 samples, mean = 54.0 (flags = 0x41)
0   ... 
7   -O                                                                        (1 = 4.3%) {0.0%}
9   ... 
21  -O                                                                        (1 = 4.3%) {4.3%}
26  O                                                                         (0 = 0.0%) {8.7%}
33  --O                                                                       (2 = 8.7%) {8.7%}
41  ---O                                                                      (3 = 13.0%) {17.4%}
51  ------O                                                                   (6 = 26.1%) {30.4%}
64  ----------O                                                               (10 = 43.5%) {56.5%}
80  ... 

Histogram: V8.GC.Cycle.CollectionWeight.Full recorded 2 samples, mean = 0.0 (flags = 0x41)
0  --O                                                                       (2 = 100.0%)
1  ... 

Histogram: V8.GC.Cycle.CollectionWeight.Full.Cpp recorded 2 samples, mean = 0.0 (flags = 0x41)
0  --O                                                                       (2 = 100.0%)
1  ... 

Histogram: V8.GC.Cycle.CollectionWeight.MainThread.Full recorded 2 samples, mean = 0.0 (flags = 0x41)
0  --O                                                                       (2 = 100.0%)
1  ... 

Histogram: V8.GC.Cycle.CollectionWeight.MainThread.Full.Cpp recorded 2 samples, mean = 0.0 (flags = 0x41)
0  --O                                                                       (2 = 100.0%)
1  ... 

Histogram: V8.GC.Cycle.Efficiency.Full recorded 2 samples, mean = 404.5 (flags = 0x41)
0    ... 
2    -O                                                                        (1 = 50.0%) {0.0%}
3    ... 
760  -O                                                                        (1 = 50.0%) {50.0%}
1034 ... 

Histogram: V8.GC.Cycle.Efficiency.Full.Cpp recorded 2 samples, mean = 442.5 (flags = 0x41)
0    ... 
5    -O                                                                        (1 = 50.0%) {0.0%}
7    ... 
760  -O                                                                        (1 = 50.0%) {50.0%}
1034 ... 

Histogram: V8.GC.Cycle.Efficiency.MainThread.Full recorded 2 samples, mean = 1904.5 (flags = 0x41)
0     ... 
5     -O                                                                        (1 = 50.0%) {0.0%}
7     ... 
3542  -O                                                                        (1 = 50.0%) {50.0%}
4818  ... 

Histogram: V8.GC.Cycle.Efficiency.MainThread.Full.Cpp recorded 2 samples, mean = 710.5 (flags = 0x41)
0     ... 
10    -O                                                                        (1 = 50.0%) {0.0%}
14    ... 
1407  -O                                                                        (1 = 50.0%) {50.0%}
1914  ... 

Histogram: V8.GC.Cycle.Efficiency.MainThread.Young recorded 23 samples, mean = 1108.2 (flags = 0x41)
0     ... 
222   -O                                                                        (1 = 4.3%) {0.0%}
302   -O                                                                        (1 = 4.3%) {4.3%}
411   ----O                                                                     (4 = 17.4%) {8.7%}
559   --------O                                                                 (8 = 34.8%) {26.1%}
760   ------O                                                                   (6 = 26.1%) {60.9%}
1034  ... 
1914  -O                                                                        (1 = 4.3%) {87.0%}
2604  -O                                                                        (1 = 4.3%) {91.3%}
3542  ... 
6554  -O                                                                        (1 = 4.3%) {95.7%}
8915  ... 

Histogram: V8.GC.Cycle.Efficiency.Young recorded 23 samples, mean = 474.0 (flags = 0x41)
0     ... 
120   -O                                                                        (1 = 4.3%) {0.0%}
163   --------O                                                                 (8 = 34.8%) {4.3%}
222   ----O                                                                     (4 = 17.4%) {39.1%}
302   ----O                                                                     (4 = 17.4%) {56.5%}
411   O                                                                         (0 = 0.0%) {73.9%}
559   ----O                                                                     (4 = 17.4%) {73.9%}
760   O                                                                         (0 = 0.0%) {91.3%}
1034  -O                                                                        (1 = 4.3%) {91.3%}
1407  ... 
2604  -O                                                                        (1 = 4.3%) {95.7%}
3542  ... 

Histogram: V8.GC.Cycle.Full recorded 2 samples, mean = 42.0 (flags = 0x41)
0   ... 
29  -O                                                                        (1 = 50.0%) {0.0%}
34  ... 
48  -O                                                                        (1 = 50.0%) {50.0%}
57  ... 

Histogram: V8.GC.Cycle.Full.Compact recorded 2 samples, mean = 11.0 (flags = 0x41)
0   ... 
4   -O                                                                        (1 = 50.0%) {0.0%}
5   ... 
17  -O                                                                        (1 = 50.0%) {50.0%}
20  ... 

Histogram: V8.GC.Cycle.Full.Compact.Cpp recorded 2 samples, mean = 1.0 (flags = 0x41)
0  -O                                                                        (1 = 50.0%)
1  O                                                                         (0 = 0.0%) {50.0%}
2  -O                                                                        (1 = 50.0%) {50.0%}
3  ... 

Histogram: V8.GC.Cycle.Full.Cpp recorded 2 samples, mean = 10.0 (flags = 0x41)
0   ... 
8   -O                                                                        (1 = 50.0%) {0.0%}
10  O                                                                         (0 = 0.0%) {50.0%}
12  -O                                                                        (1 = 50.0%) {50.0%}
14  ... 

Histogram: V8.GC.Cycle.Full.Mark recorded 2 samples, mean = 20.5 (flags = 0x41)
0   ... 
20  --O                                                                       (2 = 100.0%) {0.0%}
24  ... 

Histogram: V8.GC.Cycle.Full.Mark.Cpp recorded 2 samples, mean = 4.0 (flags = 0x41)
0  ... 
3  -O                                                                        (1 = 50.0%) {0.0%}
4  O                                                                         (0 = 0.0%) {50.0%}
5  -O                                                                        (1 = 50.0%) {50.0%}
6  ... 

Histogram: V8.GC.Cycle.Full.Sweep recorded 2 samples, mean = 4.0 (flags = 0x41)
0  ... 
4  --O                                                                       (2 = 100.0%) {0.0%}
5  ... 

Histogram: V8.GC.Cycle.Full.Sweep.Cpp recorded 2 samples, mean = 4.0 (flags = 0x41)
0  ... 
2  -O                                                                        (1 = 50.0%) {0.0%}
3  ... 
6  -O                                                                        (1 = 50.0%) {50.0%}
7  ... 

Histogram: V8.GC.Cycle.Full.Weak recorded 2 samples, mean = 0.0 (flags = 0x41)
0  --O                                                                       (2 = 100.0%)
1  ... 

Histogram: V8.GC.Cycle.Full.Weak.Cpp recorded 2 samples, mean = 0.0 (flags = 0x41)
0  --O                                                                       (2 = 100.0%)
1  ... 

Histogram: V8.GC.Cycle.MainThread.Full recorded 2 samples, mean = 12.5 (flags = 0x41)
0   ... 
6   -O                                                                        (1 = 50.0%) {0.0%}
7   ... 
17  -O                                                                        (1 = 50.0%) {50.0%}
20  ... 

Histogram: V8.GC.Cycle.MainThread.Full.Atomic recorded 2 samples, mean = 9.0 (flags = 0x41)
0   ... 
3   -O                                                                        (1 = 50.0%) {0.0%}
4   ... 
14  -O                                                                        (1 = 50.0%) {50.0%}
17  ... 

Histogram: V8.GC.Cycle.MainThread.Full.Atomic.Compact recorded 2 samples, mean = 3.0 (flags = 0x41)
0  O                                                                         (0 = 0.0%)
1  -O                                                                        (1 = 50.0%) {0.0%}
2  ... 
5  -O                                                                        (1 = 50.0%) {50.0%}
6  ... 

Histogram: V8.GC.Cycle.MainThread.Full.Atomic.Compact.Cpp recorded 2 samples, mean = 1.0 (flags = 0x41)
0  -O                                                                        (1 = 50.0%)
1  O                                                                         (0 = 0.0%) {50.0%}
2  -O                                                                        (1 = 50.0%) {50.0%}
3  ... 

Histogram: V8.GC.Cycle.MainThread.Full.Atomic.Cpp recorded 2 samples, mean = 1.0 (flags = 0x41)
0  -O                                                                        (1 = 50.0%)
1  O                                                                         (0 = 0.0%) {50.0%}
2  -O                                                                        (1 = 50.0%) {50.0%}
3  ... 

Histogram: V8.GC.Cycle.MainThread.Full.Atomic.Mark recorded 2 samples, mean = 0.0 (flags = 0x41)
0  --O                                                                       (2 = 100.0%)
1  ... 

Histogram: V8.GC.Cycle.MainThread.Full.Atomic.Mark.Cpp recorded 2 samples, mean = 0.0 (flags = 0x41)
0  --O                                                                       (2 = 100.0%)
1  ... 

Histogram: V8.GC.Cycle.MainThread.Full.Atomic.Sweep recorded 2 samples, mean = 0.0 (flags = 0x41)
0  --O                                                                       (2 = 100.0%)
1  ... 

Histogram: V8.GC.Cycle.MainThread.Full.Atomic.Sweep.Cpp recorded 2 samples, mean = 0.0 (flags = 0x41)
0  --O                                                                       (2 = 100.0%)
1  ... 

Histogram: V8.GC.Cycle.MainThread.Full.Atomic.Weak recorded 2 samples, mean = 0.0 (flags = 0x41)
0  --O                                                                       (2 = 100.0%)
1  ... 

Histogram: V8.GC.Cycle.MainThread.Full.Atomic.Weak.Cpp recorded 2 samples, mean = 0.0 (flags = 0x41)
0  --O                                                                       (2 = 100.0%)
1  ... 

Histogram: V8.GC.Cycle.MainThread.Full.Compact recorded 2 samples, mean = 3.0 (flags = 0x41)
0  O                                                                         (0 = 0.0%)
1  -O                                                                        (1 = 50.0%) {0.0%}
2  ... 
5  -O                                                                        (1 = 50.0%) {50.0%}
6  ... 

Histogram: V8.GC.Cycle.MainThread.Full.Compact.Cpp recorded 2 samples, mean = 1.0 (flags = 0x41)
0  -O                                                                        (1 = 50.0%)
1  O                                                                         (0 = 0.0%) {50.0%}
2  -O                                                                        (1 = 50.0%) {50.0%}
3  ... 

Histogram: V8.GC.Cycle.MainThread.Full.Cpp recorded 2 samples, mean = 5.5 (flags = 0x41)
0  ... 
4  -O                                                                        (1 = 50.0%) {0.0%}
5  ... 
7  -O                                                                        (1 = 50.0%) {50.0%}
8  ... 

Histogram: V8.GC.Cycle.MainThread.Full.Incremental.Mark recorded 2 samples, mean = 3.5 (flags = 0x41)
0  ... 
3  -O                                                                        (1 = 50.0%) {0.0%}
4  -O                                                                        (1 = 50.0%) {50.0%}
5  ... 

Histogram: V8.GC.Cycle.MainThread.Full.Incremental.Mark.Cpp recorded 2 samples, mean = 2.0 (flags = 0x41)
0  ... 
2  --O                                                                       (2 = 100.0%) {0.0%}
3  ... 

Histogram: V8.GC.Cycle.MainThread.Full.Incremental.Mark.StartStop recorded 2 samples, mean = 6.5 (flags = 0x41)
0  ... 
6  -O                                                                        (1 = 50.0%) {0.0%}
7  -O                                                                        (1 = 50.0%) {50.0%}
8  ... 

Histogram: V8.GC.Cycle.MainThread.Full.Incremental.Sweep recorded 2 samples, mean = 0.0 (flags = 0x41)
0  --O                                                                       (2 = 100.0%)
1  ... 

Histogram: V8.GC.Cycle.MainThread.Full.Incremental.Sweep.Cpp recorded 2 samples, mean = 2.5 (flags = 0x41)
0  -O                                                                        (1 = 50.0%)
1  ... 
5  -O                                                                        (1 = 50.0%) {50.0%}
6  ... 

Histogram: V8.GC.Cycle.MainThread.Full.Mark recorded 2 samples, mean = 3.5 (flags = 0x41)
0  ... 
3  -O                                                                        (1 = 50.0%) {0.0%}
4  -O                                                                        (1 = 50.0%) {50.0%}
5  ... 

Histogram: V8.GC.Cycle.MainThread.Full.Mark.Cpp recorded 2 samples, mean = 2.0 (flags = 0x41)
0  ... 
2  --O                                                                       (2 = 100.0%) {0.0%}
3  ... 

Histogram: V8.GC.Cycle.MainThread.Full.Sweep recorded 2 samples, mean = 0.0 (flags = 0x41)
0  --O                                                                       (2 = 100.0%)
1  ... 

Histogram: V8.GC.Cycle.MainThread.Full.Sweep.Cpp recorded 2 samples, mean = 2.5 (flags = 0x41)
0  -O                                                                        (1 = 50.0%)
1  ... 
5  -O                                                                        (1 = 50.0%) {50.0%}
6  ... 

Histogram: V8.GC.Cycle.MainThread.Full.Weak recorded 2 samples, mean = 0.0 (flags = 0x41)
0  --O                                                                       (2 = 100.0%)
1  ... 

Histogram: V8.GC.Cycle.MainThread.Full.Weak.Cpp recorded 2 samples, mean = 0.0 (flags = 0x41)
0  --O                                                                       (2 = 100.0%)
1  ... 

Histogram: V8.GC.Cycle.MainThread.Young recorded 23 samples, mean = 1.2 (flags = 0x41)
0  ------O                                                                   (6 = 26.1%)
1  ----------O                                                               (10 = 43.5%) {26.1%}
2  ----O                                                                     (4 = 17.4%) {69.6%}
3  --O                                                                       (2 = 8.7%) {87.0%}
4  -O                                                                        (1 = 4.3%) {95.7%}
5  ... 

Histogram: V8.GC.Cycle.Memory.Freed.Full recorded 2 samples, mean = 18944.0 (flags = 0x41)
0      ... 
12127  -O                                                                        (1 = 50.0%) {0.0%}
16496  O                                                                         (0 = 0.0%) {50.0%}
22439  -O                                                                        (1 = 50.0%) {50.0%}
30523  ... 

Histogram: V8.GC.Cycle.Memory.Freed.Full.Cpp recorded 2 samples, mean = 5120.0 (flags = 0x41)
0     ... 
1914  -O                                                                        (1 = 50.0%) {0.0%}
2604  ... 
6554  -O                                                                        (1 = 50.0%) {50.0%}
8915  ... 

Histogram: V8.GC.Cycle.Objects.After.Full recorded 2 samples, mean = 11759.0 (flags = 0x41)
0     ... 
8915  --O                                                                       (2 = 100.0%) {0.0%}
12127 ... 

Histogram: V8.GC.Cycle.Objects.After.Full.Cpp recorded 2 samples, mean = 5524.5 (flags = 0x41)
0     ... 
4818  --O                                                                       (2 = 100.0%) {0.0%}
6554  ... 

Histogram: V8.GC.Cycle.Objects.Before.Full recorded 2 samples, mean = 24774.0 (flags = 0x41)
0      ... 
8915   -O                                                                        (1 = 50.0%) {0.0%}
12127  ... 
30523  -O                                                                        (1 = 50.0%) {50.0%}
41520  ... 

Histogram: V8.GC.Cycle.Objects.Before.Full.Cpp recorded 2 samples, mean = 10848.0 (flags = 0x41)
0      ... 
4818   -O                                                                        (1 = 50.0%) {0.0%}
6554   ... 
12127  -O                                                                        (1 = 50.0%) {50.0%}
16496  ... 

Histogram: V8.GC.Cycle.Objects.Freed.Full recorded 2 samples, mean = 13015.0 (flags = 0x41)
0      ... 
88     -O                                                                        (1 = 50.0%) {0.0%}
120    ... 
22439  -O                                                                        (1 = 50.0%) {50.0%}
30523  ... 

Histogram: V8.GC.Cycle.Objects.Freed.Full.Cpp recorded 2 samples, mean = 5323.0 (flags = 0x41)
0     ... 
48    -O                                                                        (1 = 50.0%) {0.0%}
65    ... 
8915  -O                                                                        (1 = 50.0%) {50.0%}
12127 ... 

Histogram: V8.GC.Cycle.Reason.Full recorded 2 samples, mean = 9.0 (flags = 0x41)
0  ... 
9  --O                                                                       (2 = 100.0%) {0.0%}
10 ... 

Histogram: V8.GC.Cycle.Reason.Young recorded 23 samples, mean = 9.6 (flags = 0x41)
0   O                                                                         (0 = 0.0%)
1   -----O                                                                    (5 = 21.7%) {0.0%}
2   ... 
12  ------------------O                                                       (18 = 78.3%) {21.7%}
13  ... 

Histogram: V8.GC.Cycle.Young recorded 23 samples, mean = 4.7 (flags = 0x41)
0   O                                                                         (0 = 0.0%)
1   ------O                                                                   (6 = 26.1%) {0.0%}
2   ---O                                                                      (3 = 13.0%) {26.1%}
3   --O                                                                       (2 = 8.7%) {39.1%}
4   --O                                                                       (2 = 8.7%) {47.8%}
5   ---O                                                                      (3 = 13.0%) {56.5%}
6   ... 
8   ---O                                                                      (3 = 13.0%) {69.6%}
10  ----O                                                                     (4 = 17.4%) {82.6%}
12  ... 

Histogram: V8.GC.Event.MainThread.Full.Finalize.Incremental.ReduceMemory recorded 2 samples, mean = 9.0 (flags = 0x41)
0   ... 
3   -O                                                                        (1 = 50.0%) {0.0%}
4   ... 
14  -O                                                                        (1 = 50.0%) {50.0%}
17  ... 

Histogram: V8.GC.Event.MainThread.Full.Finalize.Incremental.ReduceMemory.Foreground recorded 2 samples, mean = 9.0 (flags = 0x41)
0   ... 
3   -O                                                                        (1 = 50.0%) {0.0%}
4   ... 
14  -O                                                                        (1 = 50.0%) {50.0%}
17  ... 

Histogram: V8.GC.Event.MainThread.Full.Finalize.Incremental.Regular recorded 1 samples, mean = 3.0 (flags = 0x41)
0  ... 
3  -O                                                                        (1 = 100.0%) {0.0%}
4  ... 

Histogram: V8.GC.Event.MainThread.Full.Finalize.Incremental.Regular.Foreground recorded 1 samples, mean = 3.0 (flags = 0x41)
0  ... 
3  -O                                                                        (1 = 100.0%) {0.0%}
4  ... 

Histogram: V8.GC.Event.MainThread.Full.Incremental.Mark recorded 197 samples, mean = 0.0 (flags = 0x41)
0  ------------------------------------------------------------------------O (197 = 100.0%)
1  ... 

Histogram: V8.GC.Event.MainThread.Full.Incremental.Mark.Cpp recorded 201 samples, mean = 0.0 (flags = 0x41)
0  ------------------------------------------------------------------------O (200 = 99.5%)
1  O                                                                         (1 = 0.5%) {99.5%}
2  ... 

Histogram: V8.GC.Event.MainThread.Full.Incremental.Sweep.Cpp recorded 163 samples, mean = 0.0 (flags = 0x41)
0  ------------------------------------------------------------------------O (161 = 98.8%)
1  O                                                                         (0 = 0.0%) {98.8%}
2  -O                                                                        (2 = 1.2%) {98.8%}
3  ... 

Histogram: V8.GC.TimeToSafepoint recorded 29 samples, mean = 2.0 (flags = 0x41)
0   ---------------O                                                          (15 = 51.7%)
1   ----------O                                                               (10 = 34.5%) {51.7%}
2   ... 
4   -O                                                                        (1 = 3.4%) {86.2%}
6   -O                                                                        (1 = 3.4%) {89.7%}
8   ... 
15  --O                                                                       (2 = 6.9%) {93.1%}
21  ... 

Histogram: V8.GCFinalizeMC.Clear recorded 1 samples, mean = 0.0 (flags = 0x41)
0  -O                                                                        (1 = 100.0%)
1  ... 

Histogram: V8.GCFinalizeMC.Epilogue recorded 1 samples, mean = 0.0 (flags = 0x41)
0  -O                                                                        (1 = 100.0%)
1  ... 

Histogram: V8.GCFinalizeMC.Evacuate recorded 1 samples, mean = 1.0 (flags = 0x41)
0  O                                                                         (0 = 0.0%)
1  -O                                                                        (1 = 100.0%) {0.0%}
2  ... 

Histogram: V8.GCFinalizeMC.Finish recorded 1 samples, mean = 0.0 (flags = 0x41)
0  -O                                                                        (1 = 100.0%)
1  ... 

Histogram: V8.GCFinalizeMC.Mark recorded 1 samples, mean = 0.0 (flags = 0x41)
0  -O                                                                        (1 = 100.0%)
1  ... 

Histogram: V8.GCFinalizeMC.Prologue recorded 1 samples, mean = 0.0 (flags = 0x41)
0  -O                                                                        (1 = 100.0%)
1  ... 

Histogram: V8.GCFinalizeMC.Sweep recorded 1 samples, mean = 0.0 (flags = 0x41)
0  -O                                                                        (1 = 100.0%)
1  ... 

Histogram: V8.GCIncrementalMarking recorded 201 samples, mean = 0.0 (flags = 0x41)
0  ------------------------------------------------------------------------O (198 = 98.5%)
1  -O                                                                        (3 = 1.5%) {98.5%}
2  ... 

Histogram: V8.GCIncrementalMarkingReason recorded 3 samples, mean = 12.0 (flags = 0x41)
0   ... 
2   -O                                                                        (1 = 33.3%) {0.0%}
3   ... 
17  --O                                                                       (2 = 66.7%) {33.3%}
18  ... 

Histogram: V8.GCIncrementalMarkingStart recorded 3 samples, mean = 0.0 (flags = 0x41)
0  ---O                                                                      (3 = 100.0%)
1  ... 

Histogram: V8.GCIncrementalMarkingSum recorded 1 samples, mean = 3.0 (flags = 0x41)
0  ... 
3  -O                                                                        (1 = 100.0%) {0.0%}
4  ... 

Histogram: V8.GCMarkCompactReason recorded 2 samples, mean = 9.0 (flags = 0x41)
0  ... 
9  --O                                                                       (2 = 100.0%) {0.0%}
10 ... 

Histogram: V8.GCScavenger.ScavengeMain recorded 23 samples, mean = 0.8 (flags = 0x41)
0  -----------O                                                              (11 = 47.8%)
1  ------O                                                                   (6 = 26.1%) {47.8%}
2  -----O                                                                    (5 = 21.7%) {73.9%}
3  -O                                                                        (1 = 4.3%) {95.7%}
4  ... 

Histogram: V8.GCScavenger.ScavengeRoots recorded 23 samples, mean = 0.0 (flags = 0x41)
0  -----------------------O                                                  (23 = 100.0%)
1  ... 

Histogram: V8.JSDispatchTableEntriesCount recorded 3 samples, mean = 1.0 (flags = 0x41)
0  O                                                                         (0 = 0.0%)
1  ---O                                                                      (3 = 100.0%) {0.0%}
2  ... 

Histogram: V8.LocalWindowProxy.CreateContextTime recorded 4 samples, mean = 1.5 (flags = 0x41)
0  --O                                                                       (2 = 50.0%)
1  O                                                                         (0 = 0.0%) {50.0%}
2  -O                                                                        (1 = 25.0%) {50.0%}
3  O                                                                         (0 = 0.0%) {75.0%}
4  -O                                                                        (1 = 25.0%) {75.0%}
5  ... 

Histogram: V8.LocalWindowProxy.InitializeTime recorded 4 samples, mean = 2.8 (flags = 0x41)
0  O                                                                         (0 = 0.0%)
1  --O                                                                       (2 = 50.0%) {0.0%}
2  ... 
4  -O                                                                        (1 = 25.0%) {50.0%}
5  -O                                                                        (1 = 25.0%) {75.0%}
6  ... 

Histogram: V8.MaglevOptimizeExecute recorded 322 samples, mean = 245.7 (flags = 0x41)
0     ... 
16    --O                                                                       (2 = 0.6%) {0.0%}
20    --O                                                                       (2 = 0.6%) {0.6%}
25    --------O                                                                 (8 = 2.5%) {1.2%}
31    ---------O                                                                (9 = 2.8%) {3.7%}
39    -----------------O                                                        (17 = 5.3%) {6.5%}
49    ----------------------O                                                   (22 = 6.8%) {11.8%}
61    ------------------O                                                       (18 = 5.6%) {18.6%}
76    ---------------------------O                                              (27 = 8.4%) {24.2%}
95    ------------------------O                                                 (24 = 7.5%) {32.6%}
119   ----------------------------------O                                       (34 = 10.6%) {40.1%}
149   ------------------------------O                                           (30 = 9.3%) {50.6%}
186   -----------------------------O                                            (29 = 9.0%) {59.9%}
233   ----------------------------O                                             (28 = 8.7%) {68.9%}
292   ----------------------O                                                   (22 = 6.8%) {77.6%}
365   --------------O                                                           (14 = 4.3%) {84.5%}
457   --------O                                                                 (8 = 2.5%) {88.8%}
572   -----------O                                                              (11 = 3.4%) {91.3%}
716   --------O                                                                 (8 = 2.5%) {94.7%}
896   ---O                                                                      (3 = 0.9%) {97.2%}
1122  -O                                                                        (1 = 0.3%) {98.1%}
1404  --O                                                                       (2 = 0.6%) {98.4%}
1757  -O                                                                        (1 = 0.3%) {99.1%}
2199  O                                                                         (0 = 0.0%) {99.4%}
2753  -O                                                                        (1 = 0.3%) {99.4%}
3446  O                                                                         (0 = 0.0%) {99.7%}
4313  -O                                                                        (1 = 0.3%) {99.7%}
5399  ... 

Histogram: V8.MaglevOptimizeFinalize recorded 322 samples, mean = 5.4 (flags = 0x41)
0   ------------------------O                                                 (24 = 7.5%)
1   -----------------------------------------------------O                    (53 = 16.5%) {7.5%}
2   ---------------------------O                                              (27 = 8.4%) {23.9%}
3   -------------------------------------------O                              (43 = 13.4%) {32.3%}
4   ---------------------------------------------O                            (45 = 14.0%) {45.7%}
5   ------------------------------O                                           (30 = 9.3%) {59.6%}
6   --------------------------------O                                         (32 = 9.9%) {68.9%}
8   ---------------------------O                                              (27 = 8.4%) {78.9%}
10  ---------------O                                                          (15 = 4.7%) {87.3%}
13  --------O                                                                 (8 = 2.5%) {91.9%}
16  ----O                                                                     (4 = 1.2%) {94.4%}
20  ---------O                                                                (9 = 2.8%) {95.7%}
25  -O                                                                        (1 = 0.3%) {98.4%}
31  ---O                                                                      (3 = 0.9%) {98.8%}
39  -O                                                                        (1 = 0.3%) {99.7%}
49  ... 

Histogram: V8.MaglevOptimizePrepare recorded 322 samples, mean = 0.1 (flags = 0x41)
0  ------------------------------------------------------------------------O (303 = 94.1%)
1  -----O                                                                    (19 = 5.9%) {94.1%}
2  ... 

Histogram: V8.MaglevOptimizeTotalTime recorded 322 samples, mean = 4363.9 (flags = 0x41)
0       ... 
37      -O                                                                        (1 = 0.3%) {0.0%}
49      -----O                                                                    (5 = 1.6%) {0.3%}
65      ------O                                                                   (6 = 1.9%) {1.9%}
86      ---------------O                                                          (15 = 4.7%) {3.7%}
113     --------------------------O                                               (26 = 8.1%) {8.4%}
149     ----------------------O                                                   (22 = 6.8%) {16.5%}
196     -------------------------------------O                                    (37 = 11.5%) {23.3%}
258     ---------------------------------------------O                            (45 = 14.0%) {34.8%}
340     -------------------------------O                                          (31 = 9.6%) {48.8%}
448     -------------------O                                                      (19 = 5.9%) {58.4%}
590     ------------O                                                             (12 = 3.7%) {64.3%}
777     -----------------------O                                                  (23 = 7.1%) {68.0%}
1023    ---------O                                                                (9 = 2.8%) {75.2%}
1347    ------O                                                                   (6 = 1.9%) {78.0%}
1774    -------O                                                                  (7 = 2.2%) {79.8%}
2336    ---O                                                                      (3 = 0.9%) {82.0%}
3077    ----------------------------------------------O                           (46 = 14.3%) {82.9%}
4053    -----O                                                                    (5 = 1.6%) {97.2%}
5338    ... 
48336   -O                                                                        (1 = 0.3%) {98.8%}
63662   ... 
252312  -O                                                                        (1 = 0.3%) {99.1%}
332315  --O                                                                       (2 = 0.6%) {99.4%}
437686  ... 

Histogram: V8.MemoryExternalFragmentationCodeSpace recorded 26 samples, mean = 43.5 (flags = 0x41)
0   ... 
13  --O                                                                       (2 = 7.7%) {0.0%}
14  ... 
16  -O                                                                        (1 = 3.8%) {7.7%}
17  ... 
21  -O                                                                        (1 = 3.8%) {11.5%}
22  ... 
28  -O                                                                        (1 = 3.8%) {15.4%}
29  ... 
34  -O                                                                        (1 = 3.8%) {19.2%}
35  -O                                                                        (1 = 3.8%) {23.1%}
36  -O                                                                        (1 = 3.8%) {26.9%}
37  O                                                                         (0 = 0.0%) {30.8%}
38  ----O                                                                     (4 = 15.4%) {30.8%}
39  O                                                                         (0 = 0.0%) {46.2%}
40  ---O                                                                      (3 = 11.5%) {46.2%}
41  O                                                                         (0 = 0.0%) {57.7%}
42  -O                                                                        (1 = 3.8%) {57.7%}
43  ... 
45  -O                                                                        (1 = 3.8%) {61.5%}
46  -O                                                                        (1 = 3.8%) {65.4%}
47  -O                                                                        (1 = 3.8%) {69.2%}
48  O                                                                         (0 = 0.0%) {73.1%}
49  -O                                                                        (1 = 3.8%) {73.1%}
50  ... 
52  -O                                                                        (1 = 3.8%) {76.9%}
53  O                                                                         (0 = 0.0%) {80.8%}
54  -O                                                                        (1 = 3.8%) {80.8%}
55  ... 
71  -O                                                                        (1 = 3.8%) {84.6%}
72  ... 
75  -O                                                                        (1 = 3.8%) {88.5%}
76  ... 
88  -O                                                                        (1 = 3.8%) {92.3%}
89  ... 
94  -O                                                                        (1 = 3.8%) {96.2%}
95  ... 

Histogram: V8.MemoryExternalFragmentationLoSpace recorded 26 samples, mean = 1.0 (flags = 0x41)
0  -O                                                                        (1 = 3.8%)
1  -------------------------O                                                (25 = 96.2%) {3.8%}
2  ... 

Histogram: V8.MemoryExternalFragmentationOldSpace recorded 26 samples, mean = 10.8 (flags = 0x41)
0   O                                                                         (0 = 0.0%)
1   ----O                                                                     (4 = 15.4%) {0.0%}
2   ---O                                                                      (3 = 11.5%) {15.4%}
3   ---O                                                                      (3 = 11.5%) {26.9%}
4   ---O                                                                      (3 = 11.5%) {38.5%}
5   --O                                                                       (2 = 7.7%) {50.0%}
6   ----O                                                                     (4 = 15.4%) {57.7%}
7   ... 
10  --O                                                                       (2 = 7.7%) {73.1%}
11  ... 
14  -O                                                                        (1 = 3.8%) {80.8%}
15  ... 
18  -O                                                                        (1 = 3.8%) {84.6%}
19  ... 
39  -O                                                                        (1 = 3.8%) {88.5%}
40  ... 
61  -O                                                                        (1 = 3.8%) {92.3%}
62  ... 
65  -O                                                                        (1 = 3.8%) {96.2%}
66  ... 

Histogram: V8.MemoryExternalFragmentationTotal recorded 26 samples, mean = 41.7 (flags = 0x41)
0   ... 
12  -O                                                                        (1 = 3.8%) {0.0%}
13  O                                                                         (0 = 0.0%) {3.8%}
14  -O                                                                        (1 = 3.8%) {3.8%}
15  ... 
32  --O                                                                       (2 = 7.7%) {7.7%}
33  -O                                                                        (1 = 3.8%) {15.4%}
34  ... 
36  --O                                                                       (2 = 7.7%) {19.2%}
37  --O                                                                       (2 = 7.7%) {26.9%}
38  O                                                                         (0 = 0.0%) {34.6%}
39  --O                                                                       (2 = 7.7%) {34.6%}
40  -O                                                                        (1 = 3.8%) {42.3%}
41  --O                                                                       (2 = 7.7%) {46.2%}
42  -O                                                                        (1 = 3.8%) {53.8%}
43  ... 
45  -O                                                                        (1 = 3.8%) {57.7%}
46  --O                                                                       (2 = 7.7%) {61.5%}
47  -O                                                                        (1 = 3.8%) {69.2%}
48  ... 
50  -O                                                                        (1 = 3.8%) {73.1%}
51  -O                                                                        (1 = 3.8%) {76.9%}
52  O                                                                         (0 = 0.0%) {80.8%}
53  -O                                                                        (1 = 3.8%) {80.8%}
54  O                                                                         (0 = 0.0%) {84.6%}
55  -O                                                                        (1 = 3.8%) {84.6%}
56  -O                                                                        (1 = 3.8%) {88.5%}
57  ... 
59  -O                                                                        (1 = 3.8%) {92.3%}
60  ... 
66  -O                                                                        (1 = 3.8%) {96.2%}
67  ... 

Histogram: V8.MemoryHeapSampleCodeSpaceCommitted recorded 26 samples, mean = 1132.3 (flags = 0x41)
0     -------O                                                                  (7 = 26.9%)
1000  --O                                                                       (2 = 7.7%) {26.9%}
1138  -------------O                                                            (13 = 50.0%) {34.6%}
1295  O                                                                         (0 = 0.0%) {84.6%}
1474  ---O                                                                      (3 = 11.5%) {84.6%}
1678  O                                                                         (0 = 0.0%) {96.2%}
1910  -O                                                                        (1 = 3.8%) {96.2%}
2174  ... 

Histogram: V8.MemoryHeapSampleMaximumCommitted recorded 26 samples, mean = 27262.3 (flags = 0x41)
0      ... 
4727   -O                                                                        (1 = 3.8%) {0.0%}
5380   --O                                                                       (2 = 7.7%) {3.8%}
6124   O                                                                         (0 = 0.0%) {11.5%}
6971   --O                                                                       (2 = 7.7%) {11.5%}
7935   -O                                                                        (1 = 3.8%) {19.2%}
9032   O                                                                         (0 = 0.0%) {23.1%}
10281  --O                                                                       (2 = 7.7%) {23.1%}
11702  -O                                                                        (1 = 3.8%) {30.8%}
13320  ... 
17257  ---O                                                                      (3 = 11.5%) {34.6%}
19642  ... 
25447  -O                                                                        (1 = 3.8%) {46.2%}
28965  --O                                                                       (2 = 7.7%) {50.0%}
32969  --O                                                                       (2 = 7.7%) {57.7%}
37526  --O                                                                       (2 = 7.7%) {65.4%}
42713  ---O                                                                      (3 = 11.5%) {73.1%}
48617  ----O                                                                     (4 = 15.4%) {84.6%}
55338  ... 

Histogram: V8.MemoryHeapSampleTotalCommitted recorded 26 samples, mean = 23412.5 (flags = 0x41)
0      ... 
4727   -O                                                                        (1 = 3.8%) {0.0%}
5380   --O                                                                       (2 = 7.7%) {3.8%}
6124   O                                                                         (0 = 0.0%) {11.5%}
6971   --O                                                                       (2 = 7.7%) {11.5%}
7935   -O                                                                        (1 = 3.8%) {19.2%}
9032   O                                                                         (0 = 0.0%) {23.1%}
10281  --O                                                                       (2 = 7.7%) {23.1%}
11702  -O                                                                        (1 = 3.8%) {30.8%}
13320  --O                                                                       (2 = 7.7%) {34.6%}
15161  O                                                                         (0 = 0.0%) {42.3%}
17257  ---O                                                                      (3 = 11.5%) {42.3%}
19642  ... 
25447  --O                                                                       (2 = 7.7%) {53.8%}
28965  --O                                                                       (2 = 7.7%) {61.5%}
32969  --O                                                                       (2 = 7.7%) {69.2%}
37526  --O                                                                       (2 = 7.7%) {76.9%}
42713  ---O                                                                      (3 = 11.5%) {84.6%}
48617  -O                                                                        (1 = 3.8%) {96.2%}
55338  ... 

Histogram: V8.MemoryHeapSampleTotalUsed recorded 26 samples, mean = 13599.3 (flags = 0x41)
0      ... 
1678   -O                                                                        (1 = 3.8%) {0.0%}
1910   ... 
2475   -O                                                                        (1 = 3.8%) {3.8%}
2817   O                                                                         (0 = 0.0%) {7.7%}
3206   -O                                                                        (1 = 3.8%) {7.7%}
3649   O                                                                         (0 = 0.0%) {11.5%}
4153   -O                                                                        (1 = 3.8%) {11.5%}
4727   -O                                                                        (1 = 3.8%) {15.4%}
5380   --O                                                                       (2 = 7.7%) {19.2%}
6124   -O                                                                        (1 = 3.8%) {26.9%}
6971   --O                                                                       (2 = 7.7%) {30.8%}
7935   O                                                                         (0 = 0.0%) {38.5%}
9032   --O                                                                       (2 = 7.7%) {38.5%}
10281  ---O                                                                      (3 = 11.5%) {46.2%}
11702  -O                                                                        (1 = 3.8%) {57.7%}
13320  -O                                                                        (1 = 3.8%) {61.5%}
15161  -O                                                                        (1 = 3.8%) {65.4%}
17257  -O                                                                        (1 = 3.8%) {69.2%}
19642  -O                                                                        (1 = 3.8%) {73.1%}
22357  -O                                                                        (1 = 3.8%) {76.9%}
25447  ---O                                                                      (3 = 11.5%) {80.8%}
28965  -O                                                                        (1 = 3.8%) {92.3%}
32969  -O                                                                        (1 = 3.8%) {96.2%}
37526  ... 

Histogram: V8.RegExpBacktracks recorded 263 samples, mean = 1.7 (flags = 0x41)
0    ------O                                                                   (19 = 7.2%)
1    ------------------------------------------------------------------------O (229 = 87.1%) {7.2%}
2    --O                                                                       (5 = 1.9%) {94.3%}
3    -O                                                                        (4 = 1.5%) {96.2%}
4    -O                                                                        (3 = 1.1%) {97.7%}
6    O                                                                         (1 = 0.4%) {98.9%}
9    O                                                                         (1 = 0.4%) {99.2%}
13   ... 
127  O                                                                         (1 = 0.4%) {99.6%}
185  ... 

Histogram: V8.SandboxedCodePointersCount recorded 3 samples, mean = 1178.3 (flags = 0x41)
0     ... 
1136  ---O                                                                      (3 = 100.0%) {0.0%}
1321  ... 

Histogram: V8.SandboxedCppHeapPointersCount recorded 3 samples, mean = 11060.3 (flags = 0x41)
0      ... 
380    -O                                                                        (1 = 33.3%) {0.0%}
452    ... 
14263  --O                                                                       (2 = 66.7%) {33.3%}
16950  ... 

Histogram: V8.SandboxedExternalPointersCount recorded 29 samples, mean = 1969.6 (flags = 0x41)
0      ... 
4      -O                                                                        (1 = 3.4%) {0.0%}
5      ... 
14     -O                                                                        (1 = 3.4%) {3.4%}
17     ... 
57     -O                                                                        (1 = 3.4%) {6.9%}
68     -O                                                                        (1 = 3.4%) {10.3%}
81     O                                                                         (0 = 0.0%) {13.8%}
96     -O                                                                        (1 = 3.4%) {13.8%}
114    -O                                                                        (1 = 3.4%) {17.2%}
135    -O                                                                        (1 = 3.4%) {20.7%}
160    ... 
226    -O                                                                        (1 = 3.4%) {24.1%}
269    -O                                                                        (1 = 3.4%) {27.6%}
320    -O                                                                        (1 = 3.4%) {31.0%}
380    O                                                                         (0 = 0.0%) {34.5%}
452    -O                                                                        (1 = 3.4%) {34.5%}
537    -O                                                                        (1 = 3.4%) {37.9%}
638    ---O                                                                      (3 = 10.3%) {41.4%}
758    O                                                                         (0 = 0.0%) {51.7%}
901    --O                                                                       (2 = 6.9%) {51.7%}
1071   -------O                                                                  (7 = 24.1%) {58.6%}
1273   -O                                                                        (1 = 3.4%) {82.8%}
1513   -O                                                                        (1 = 3.4%) {86.2%}
1798   ... 
12002  ---O                                                                      (3 = 10.3%) {89.7%}
14263  ... 

Histogram: V8.SandboxedTrustedPointersCount recorded 3 samples, mean = 3841.0 (flags = 0x41)
0     ... 
3799  ---O                                                                      (3 = 100.0%) {0.0%}
4418  ... 

Histogram: V8.SnapshotDeserializeContextMicroSeconds recorded 6 samples, mean = 766.5 (flags = 0x41)
0     ... 
340   --O                                                                       (2 = 33.3%) {0.0%}
448   O                                                                         (0 = 0.0%) {33.3%}
590   --O                                                                       (2 = 33.3%) {33.3%}
777   -O                                                                        (1 = 16.7%) {66.7%}
1023  O                                                                         (0 = 0.0%) {83.3%}
1347  -O                                                                        (1 = 16.7%) {83.3%}
1774  ... 

Histogram: V8.TurboFan1KTicks recorded 88 samples, mean = 15.5 (flags = 0x41)
0    ---O                                                                      (3 = 3.4%)
1    ---------O                                                                (9 = 10.2%) {3.4%}
2    -------O                                                                  (7 = 8.0%) {13.6%}
3    -------O                                                                  (7 = 8.0%) {21.6%}
4    --O                                                                       (2 = 2.3%) {29.5%}
5    -----O                                                                    (5 = 5.7%) {31.8%}
6    ------O                                                                   (6 = 6.8%) {37.5%}
7    ------O                                                                   (6 = 6.8%) {44.3%}
8    -----O                                                                    (5 = 5.7%) {51.1%}
9    -O                                                                        (1 = 1.1%) {56.8%}
10   ---O                                                                      (3 = 3.4%) {58.0%}
11   --O                                                                       (2 = 2.3%) {61.4%}
12   --O                                                                       (2 = 2.3%) {63.6%}
13   ---O                                                                      (3 = 3.4%) {65.9%}
14   -O                                                                        (1 = 1.1%) {69.3%}
15   ---O                                                                      (3 = 3.4%) {70.5%}
16   -O                                                                        (1 = 1.1%) {73.9%}
17   -O                                                                        (1 = 1.1%) {75.0%}
18   ---O                                                                      (3 = 3.4%) {76.1%}
19   -O                                                                        (1 = 1.1%) {79.5%}
20   -O                                                                        (1 = 1.1%) {80.7%}
21   O                                                                         (0 = 0.0%) {81.8%}
22   -O                                                                        (1 = 1.1%) {81.8%}
23   ... 
28   -O                                                                        (1 = 1.1%) {83.0%}
29   ... 
31   --O                                                                       (2 = 2.3%) {84.1%}
33   -O                                                                        (1 = 1.1%) {86.4%}
35   --O                                                                       (2 = 2.3%) {87.5%}
37   -O                                                                        (1 = 1.1%) {89.8%}
39   O                                                                         (0 = 0.0%) {90.9%}
41   -O                                                                        (1 = 1.1%) {90.9%}
43   O                                                                         (0 = 0.0%) {92.0%}
45   -O                                                                        (1 = 1.1%) {92.0%}
47   -O                                                                        (1 = 1.1%) {93.2%}
49   ... 
54   -O                                                                        (1 = 1.1%) {94.3%}
57   ... 
69   -O                                                                        (1 = 1.1%) {95.5%}
72   --O                                                                       (2 = 2.3%) {96.6%}
76   ... 
198  -O                                                                        (1 = 1.1%) {98.9%}
208  ... 

Histogram: V8.TurboFanOptimizeConcurrentTotalTime recorded 87 samples, mean = 2505.1 (flags = 0x41)
0      ... 
203    --O                                                                       (2 = 2.3%) {0.0%}
282    --O                                                                       (2 = 2.3%) {2.3%}
391    --------O                                                                 (8 = 9.2%) {4.6%}
542    ----------O                                                               (10 = 11.5%) {13.8%}
752    ------------O                                                             (12 = 13.8%) {25.3%}
1043   ---------O                                                                (9 = 10.3%) {39.1%}
1447   ------O                                                                   (6 = 6.9%) {49.4%}
2008   -------------O                                                            (13 = 14.9%) {56.3%}
2786   -------O                                                                  (7 = 8.0%) {71.3%}
3865   ------------O                                                             (12 = 13.8%) {79.3%}
5362   --O                                                                       (2 = 2.3%) {93.1%}
7439   --O                                                                       (2 = 2.3%) {95.4%}
10321  -O                                                                        (1 = 1.1%) {97.7%}
14319  O                                                                         (0 = 0.0%) {98.9%}
19866  -O                                                                        (1 = 1.1%) {98.9%}
27562  ... 

Histogram: V8.TurboFanOptimizeExecute recorded 87 samples, mean = 1984.1 (flags = 0x41)
0      ... 
149    --O                                                                       (2 = 2.3%) {0.0%}
196    O                                                                         (0 = 0.0%) {2.3%}
258    -----O                                                                    (5 = 5.7%) {2.3%}
340    -------O                                                                  (7 = 8.0%) {8.0%}
448    --------O                                                                 (8 = 9.2%) {16.1%}
590    ----------O                                                               (10 = 11.5%) {25.3%}
777    ---------O                                                                (9 = 10.3%) {36.8%}
1023   --------O                                                                 (8 = 9.2%) {47.1%}
1347   ---------O                                                                (9 = 10.3%) {56.3%}
1774   -----O                                                                    (5 = 5.7%) {66.7%}
2336   ------O                                                                   (6 = 6.9%) {72.4%}
3077   ----O                                                                     (4 = 4.6%) {79.3%}
4053   ---------O                                                                (9 = 10.3%) {83.9%}
5338   --O                                                                       (2 = 2.3%) {94.3%}
7031   O                                                                         (0 = 0.0%) {96.6%}
9260   --O                                                                       (2 = 2.3%) {96.6%}
12196  -O                                                                        (1 = 1.1%) {98.9%}
16063  ... 

Histogram: V8.TurboFanOptimizeFinalize recorded 87 samples, mean = 22.2 (flags = 0x41)
0   ... 
3   -O                                                                        (1 = 1.1%) {0.0%}
4   O                                                                         (0 = 0.0%) {1.1%}
5   ----O                                                                     (4 = 4.6%) {1.1%}
7   ----O                                                                     (4 = 4.6%) {5.7%}
9   ---------------O                                                          (15 = 17.2%) {10.3%}
12  --------------O                                                           (14 = 16.1%) {27.6%}
16  --------------O                                                           (14 = 16.1%) {43.7%}
21  -----------O                                                              (11 = 12.6%) {59.8%}
28  ---------O                                                                (9 = 10.3%) {72.4%}
37  ----------O                                                               (10 = 11.5%) {82.8%}
49  ---O                                                                      (3 = 3.4%) {94.3%}
65  --O                                                                       (2 = 2.3%) {97.7%}
86  ... 

Histogram: V8.TurboFanOptimizeForOnStackReplacementExecute recorded 1 samples, mean = 31122.0 (flags = 0x41)
0      ... 
27864  -O                                                                        (1 = 100.0%) {0.0%}
36699  ... 

Histogram: V8.TurboFanOptimizeForOnStackReplacementFinalize recorded 1 samples, mean = 120.0 (flags = 0x41)
0    ... 
113  -O                                                                        (1 = 100.0%) {0.0%}
149  ... 

Histogram: V8.TurboFanOptimizeForOnStackReplacementPrepare recorded 1 samples, mean = 13.0 (flags = 0x41)
0   ... 
12  -O                                                                        (1 = 100.0%) {0.0%}
16  ... 

Histogram: V8.TurboFanOptimizeForOnStackReplacementTotalTime recorded 1 samples, mean = 45383.0 (flags = 0x41)
0      ... 
38240  -O                                                                        (1 = 100.0%) {0.0%}
53055  ... 

Histogram: V8.TurboFanOptimizePrepare recorded 87 samples, mean = 8.3 (flags = 0x41)
0   ... 
4   -----O                                                                    (5 = 5.7%) {0.0%}
5   ---------------------------------O                                        (33 = 37.9%) {5.7%}
7   -------------------------O                                                (25 = 28.7%) {43.7%}
9   -----------O                                                              (11 = 12.6%) {72.4%}
12  -----O                                                                    (5 = 5.7%) {85.1%}
16  O                                                                         (0 = 0.0%) {90.8%}
21  --------O                                                                 (8 = 9.2%) {90.8%}
28  ... 

Histogram: V8.TurboFanOptimizeTotalBackground recorded 87 samples, mean = 1984.1 (flags = 0x41)
0      ... 
146    --O                                                                       (2 = 2.3%) {0.0%}
203    -O                                                                        (1 = 1.1%) {2.3%}
282    -------O                                                                  (7 = 8.0%) {3.4%}
391    ----------O                                                               (10 = 11.5%) {11.5%}
542    -----------O                                                              (11 = 12.6%) {23.0%}
752    ----------O                                                               (10 = 11.5%) {35.6%}
1043   ------------O                                                             (12 = 13.8%) {47.1%}
1447   -------O                                                                  (7 = 8.0%) {60.9%}
2008   --------O                                                                 (8 = 9.2%) {69.0%}
2786   ----O                                                                     (4 = 4.6%) {78.2%}
3865   ----------O                                                               (10 = 11.5%) {82.8%}
5362   --O                                                                       (2 = 2.3%) {94.3%}
7439   --O                                                                       (2 = 2.3%) {96.6%}
10321  -O                                                                        (1 = 1.1%) {98.9%}
14319  ... 

Histogram: V8.TurboFanOptimizeTotalForeground recorded 87 samples, mean = 30.6 (flags = 0x41)
0   ... 
8   -O                                                                        (1 = 1.1%) {0.0%}
11  -----O                                                                    (5 = 5.7%) {1.1%}
15  -------------------------O                                                (25 = 28.7%) {6.9%}
21  ----------------O                                                         (16 = 18.4%) {35.6%}
29  ------------------O                                                       (18 = 20.7%) {54.0%}
40  ----------------O                                                         (16 = 18.4%) {74.7%}
55  ----O                                                                     (4 = 4.6%) {93.1%}
76  --O                                                                       (2 = 2.3%) {97.7%}
105 ... 

Histogram: V8.TurboFanOptimizeTotalTime recorded 87 samples, mean = 2505.1 (flags = 0x41)
0      ... 
203    --O                                                                       (2 = 2.3%) {0.0%}
282    --O                                                                       (2 = 2.3%) {2.3%}
391    --------O                                                                 (8 = 9.2%) {4.6%}
542    ----------O                                                               (10 = 11.5%) {13.8%}
752    ------------O                                                             (12 = 13.8%) {25.3%}
1043   ---------O                                                                (9 = 10.3%) {39.1%}
1447   ------O                                                                   (6 = 6.9%) {49.4%}
2008   -------------O                                                            (13 = 14.9%) {56.3%}
2786   -------O                                                                  (7 = 8.0%) {71.3%}
3865   ------------O                                                             (12 = 13.8%) {79.3%}
5362   --O                                                                       (2 = 2.3%) {93.1%}
7439   --O                                                                       (2 = 2.3%) {95.4%}
10321  -O                                                                        (1 = 1.1%) {97.7%}
14319  O                                                                         (0 = 0.0%) {98.9%}
19866  -O                                                                        (1 = 1.1%) {98.9%}
27562  ... 

Histogram: V8.WasmCompilationMethod recorded 2 samples, mean = 0.0 (flags = 0x41)
0  --O                                                                       (2 = 100.0%)
1  ... 

Histogram: V8.WasmCompileModuleMicroSeconds.wasm recorded 1 samples, mean = 181.0 (flags = 0x41)
0    ... 
146  -O                                                                        (1 = 100.0%) {0.0%}
203  ... 

Histogram: V8.WasmFunctionsPerModule.wasm recorded 2 samples, mean = 0.0 (flags = 0x41)
0  --O                                                                       (2 = 100.0%)
1  ... 

Histogram: V8.WasmMemoryProtectionKeysSupport recorded 1 samples, mean = 0.0 (flags = 0x41)
0  -O                                                                        (1 = 100.0%)
1  ... 

Histogram: V8.WasmModuleCodeSizeKiB recorded 3 samples, mean = 8.0 (flags = 0x41)
0  ... 
8  ---O                                                                      (3 = 100.0%) {0.0%}
9  ... 

Histogram: V8.WasmModuleCodeSizeMiB recorded 3 samples, mean = 0.0 (flags = 0x41)
0  ---O                                                                      (3 = 100.0%)
1  ... 

Histogram: V8.WasmModuleMetadataSizeKiB recorded 3 samples, mean = 2.0 (flags = 0x41)
0  ... 
2  ---O                                                                      (3 = 100.0%) {0.0%}
3  ... 

Histogram: V8.WasmModuleNumberOfCodeSpaces recorded 1 samples, mean = 1.0 (flags = 0x41)
0  O                                                                         (0 = 0.0%)
1  -O                                                                        (1 = 100.0%) {0.0%}
2  ... 

Histogram: V8.WasmModuleSizeBytes.wasm recorded 2 samples, mean = 8.0 (flags = 0x41)
0  ... 
8  --O                                                                       (2 = 100.0%) {0.0%}
12 ... 

Histogram: V8.WasmModulesPerEngine recorded 1 samples, mean = 1.0 (flags = 0x41)
0  O                                                                         (0 = 0.0%)
1  -O                                                                        (1 = 100.0%) {0.0%}
2  ... 

Histogram: V8.WasmModulesPerIsolate recorded 1 samples, mean = 1.0 (flags = 0x41)
0  O                                                                         (0 = 0.0%)
1  -O                                                                        (1 = 100.0%) {0.0%}
2  ... 

Histogram: Variations.ExtendedSafeMode.BeaconFileStateAtStartup recorded 1 samples, mean = 0.0 (flags = 0x41)
0  -O                                                                        (1 = 100.0%)
1  ... 

Histogram: Variations.ExtendedSafeMode.BeaconFileWrite recorded 2 samples, mean = 1.0 (flags = 0x41)
0  O                                                                         (0 = 0.0%)
1  --O                                                                       (2 = 100.0%) {0.0%}
2  O                                                                         (0 = 0.0%) {100.0%}

Histogram: Variations.ForcedFieldTrialsAtStartupForInternalsPage recorded 1 samples, mean = 0.0 (flags = 0x41)
0  -O                                                                        (1 = 100.0%)
1  ... 

Histogram: Variations.Headers.ExperimentCount recorded 92 samples, mean = 1.0 (flags = 0x41)
0  O                                                                         (0 = 0.0%)
1  ------------------------------------------------------------------------O (92 = 100.0%) {0.0%}
2  ... 

Histogram: Variations.Headers.HasLowEntropySourceValue recorded 92 samples, mean = 1.0 (flags = 0x41)
0  O                                                                         (0 = 0.0%)
1  ------------------------------------------------------------------------O (92 = 100.0%) {0.0%}
2  O                                                                         (0 = 0.0%) {100.0%}

Histogram: Variations.Headers.RequestContextCategory recorded 78 samples, mean = 2.6 (flags = 0x41)
0  ----------------------------O                                             (28 = 35.9%)
1  ... 
4  --------------------------------------------------O                       (50 = 64.1%) {35.9%}
5  ... 

Histogram: Variations.Headers.URLValidationResult.Append recorded 78 samples, mean = 2.3 (flags = 0x41)
0  ... 
2  ---------------------------------------------------O                      (51 = 65.4%) {0.0%}
3  ---------------------------O                                              (27 = 34.6%) {65.4%}
4  ... 

Histogram: Variations.Headers.URLValidationResult.Remove recorded 3 samples, mean = 2.0 (flags = 0x41)
0  ... 
2  ---O                                                                      (3 = 100.0%) {0.0%}
3  ... 

Histogram: Variations.Limits.VariationKeySize.Default recorded 23 samples, mean = 0.0 (flags = 0x41)
0  -----------------------O                                                  (23 = 100.0%)
1  ... 

Histogram: Variations.LoadPermanentConsistencyCountryResult recorded 1 samples, mean = 0.0 (flags = 0x41)
0  -O                                                                        (1 = 100.0%)
1  ... 

Histogram: Variations.PolicyRestriction recorded 1 samples, mean = 0.0 (flags = 0x41)
0  -O                                                                        (1 = 100.0%)
1  ... 

Histogram: Variations.SafeMode.Streak.Crashes recorded 1 samples (flags = 0x41)
1  -O                                                                        (1 = 100.0%)

Histogram: Variations.SafeMode.Streak.FetchFailures recorded 1 samples (flags = 0x41)
0  -O                                                                        (1 = 100.0%)

Histogram: Variations.SeedLoadResult recorded 1 samples, mean = 1.0 (flags = 0x41)
0  O                                                                         (0 = 0.0%)
1  -O                                                                        (1 = 100.0%) {0.0%}
2  ... 

Histogram: Variations.SeedUsage recorded 1 samples, mean = 2.0 (flags = 0x41)
0  ... 
2  -O                                                                        (1 = 100.0%) {0.0%}
3  ... 

Histogram: Variations.UserChannel recorded 1 samples (flags = 0x41)
-1 -O                                                                        (1 = 100.0%)

Histogram: Views.Browser.NumColorProvidersInitializedDuringOnNativeThemeUpdated recorded 3 samples, mean = 0.0 (flags = 0x41)
0  ---O                                                                      (3 = 100.0%)
1  ... 

Histogram: Views.Browser.TimeSpentInitializingColorProvider recorded 3 samples, mean = 0.7 (flags = 0x41)
0  -O                                                                        (1 = 33.3%)
1  --O                                                                       (2 = 66.7%) {33.3%}
2  ... 

Histogram: Views.Browser.TimeSpentProcessingOnNativeThemeUpdatedEvent recorded 3 samples, mean = 0.0 (flags = 0x41)
0  ---O                                                                      (3 = 100.0%)
1  ... 

Histogram: Views.ColorProviderCacheSize recorded 3 samples, mean = 2.0 (flags = 0x41)
0  O                                                                         (0 = 0.0%)
1  -O                                                                        (1 = 33.3%) {0.0%}
2  -O                                                                        (1 = 33.3%) {33.3%}
3  -O                                                                        (1 = 33.3%) {66.7%}
4  ... 

Histogram: Viz.FrameSinkVideoCapturer.CaptureDuration recorded 6 samples, mean = 13.5 (flags = 0x41)
0   ... 
3   -O                                                                        (1 = 16.7%) {0.0%}
4   ... 
6   -O                                                                        (1 = 16.7%) {16.7%}
7   O                                                                         (0 = 0.0%) {33.3%}
8   -O                                                                        (1 = 16.7%) {33.3%}
9   ... 
16  --O                                                                       (2 = 33.3%) {50.0%}
18  ... 
29  -O                                                                        (1 = 16.7%) {83.3%}
33  ... 

Histogram: Viz.FrameSinkVideoCapturer.CaptureSucceeded recorded 6 samples, mean = 1.0 (flags = 0x41)
0  O                                                                         (0 = 0.0%)
1  ------O                                                                   (6 = 100.0%) {0.0%}
2  O                                                                         (0 = 0.0%) {100.0%}

Histogram: Viz.FrameSinkVideoCapturer.FrameResurrected recorded 6 samples, mean = 0.0 (flags = 0x41)
0  ------O                                                                   (6 = 100.0%)
1  ... 

Histogram: Viz.FrameSinkVideoCapturer.RGBA.CaptureDuration recorded 6 samples, mean = 13.5 (flags = 0x41)
0   ... 
3   -O                                                                        (1 = 16.7%) {0.0%}
4   ... 
6   -O                                                                        (1 = 16.7%) {16.7%}
7   O                                                                         (0 = 0.0%) {33.3%}
8   -O                                                                        (1 = 16.7%) {33.3%}
9   ... 
16  --O                                                                       (2 = 33.3%) {50.0%}
18  ... 
29  -O                                                                        (1 = 16.7%) {83.3%}
33  ... 

Histogram: Viz.FrameSinkVideoCapturer.RGBA.CaptureSucceeded recorded 6 samples, mean = 1.0 (flags = 0x41)
0  O                                                                         (0 = 0.0%)
1  ------O                                                                   (6 = 100.0%) {0.0%}
2  O                                                                         (0 = 0.0%) {100.0%}

Histogram: Viz.FrameSinkVideoCapturer.ReserveFrameDuration recorded 6 samples, mean = 1.2 (flags = 0x41)
0  -----O                                                                    (5 = 83.3%)
1  ... 
7  -O                                                                        (1 = 16.7%) {83.3%}
8  ... 

Histogram: Viz.FrameSinkVideoCapturer.TotalDuration recorded 6 samples, mean = 13.7 (flags = 0x41)
0   ... 
3   -O                                                                        (1 = 16.7%) {0.0%}
4   ... 
6   -O                                                                        (1 = 16.7%) {16.7%}
7   ... 
9   -O                                                                        (1 = 16.7%) {33.3%}
10  ... 
16  --O                                                                       (2 = 33.3%) {50.0%}
18  ... 
29  -O                                                                        (1 = 16.7%) {83.3%}
33  ... 

Histogram: WebApp.DiyAppsInstalledCount.ByUser recorded 1 samples, mean = 0.0 (flags = 0x41)
0  -O                                                                        (1 = 100.0%)
1  ... 

Histogram: WebApp.GeneratedIconFix.StartUpAttemptCount recorded 1 samples, mean = 0.0 (flags = 0x41)
0  -O                                                                        (1 = 100.0%)
1  ... 

Histogram: WebApp.Icon.AppsWithEmptyDownloadedIconSizes recorded 1 samples, mean = 0.0 (flags = 0x41)
0  -O                                                                        (1 = 100.0%)
1  ... 

Histogram: WebApp.Icon.AppsWithEmptyIconBitmap recorded 1 samples, mean = 0.0 (flags = 0x41)
0  -O                                                                        (1 = 100.0%)
1  ... 

Histogram: WebApp.Icon.AppsWithEmptyIconFile recorded 1 samples, mean = 0.0 (flags = 0x41)
0  -O                                                                        (1 = 100.0%)
1  ... 

Histogram: WebApp.Icon.AppsWithGeneratedIconBitmap recorded 1 samples, mean = 0.0 (flags = 0x41)
0  -O                                                                        (1 = 100.0%)
1  ... 

Histogram: WebApp.Icon.AppsWithGeneratedIconFlag recorded 1 samples, mean = 0.0 (flags = 0x41)
0  -O                                                                        (1 = 100.0%)
1  ... 

Histogram: WebApp.Icon.AppsWithGeneratedIconFlagFalseNegative recorded 1 samples, mean = 0.0 (flags = 0x41)
0  -O                                                                        (1 = 100.0%)
1  ... 

Histogram: WebApp.Icon.AppsWithMissingIconFile recorded 1 samples, mean = 0.0 (flags = 0x41)
0  -O                                                                        (1 = 100.0%)
1  ... 

Histogram: WebApp.InstalledCount.ByUser recorded 1 samples, mean = 0.0 (flags = 0x41)
0  -O                                                                        (1 = 100.0%)
1  ... 

Histogram: WebApp.InstalledCount.ByUserNotLocallyInstalled recorded 1 samples, mean = 0.0 (flags = 0x41)
0  -O                                                                        (1 = 100.0%)
1  ... 

Histogram: WebApp.Preinstalled.AppToReplaceStillDefaultInstalledCount recorded 1 samples, mean = 0.0 (flags = 0x41)
0  -O                                                                        (1 = 100.0%)
1  ... 

Histogram: WebApp.Preinstalled.AppToReplaceStillInstalledCount recorded 1 samples, mean = 0.0 (flags = 0x41)
0  -O                                                                        (1 = 100.0%)
1  ... 

Histogram: WebApp.Preinstalled.AppToReplaceStillInstalledInShelfCount recorded 1 samples, mean = 0.0 (flags = 0x41)
0  -O                                                                        (1 = 100.0%)
1  ... 

Histogram: WebApp.Preinstalled.ConfigErrorCount recorded 1 samples, mean = 0.0 (flags = 0x41)
0  -O                                                                        (1 = 100.0%)
1  ... 

Histogram: WebApp.Preinstalled.CorruptUserUninstallPrefsCount recorded 1 samples, mean = 0.0 (flags = 0x41)
0  -O                                                                        (1 = 100.0%)
1  ... 

Histogram: WebApp.Preinstalled.DisabledCount recorded 1 samples, mean = 0.0 (flags = 0x41)
0  -O                                                                        (1 = 100.0%)
1  ... 

Histogram: WebApp.Preinstalled.EnabledCount recorded 1 samples, mean = 0.0 (flags = 0x41)
0  -O                                                                        (1 = 100.0%)
1  ... 

Histogram: WebApp.Preinstalled.InstallCount recorded 1 samples, mean = 0.0 (flags = 0x41)
0  -O                                                                        (1 = 100.0%)
1  ... 

Histogram: WebApp.Preinstalled.UninstallAndReplaceCount recorded 1 samples, mean = 0.0 (flags = 0x41)
0  -O                                                                        (1 = 100.0%)
1  ... 

Histogram: WebApp.Preinstalled.UninstallAppRemovedCount recorded 1 samples, mean = 0.0 (flags = 0x41)
0  -O                                                                        (1 = 100.0%)
1  ... 

Histogram: WebApp.Preinstalled.UninstallSourceRemovedCount recorded 1 samples, mean = 0.0 (flags = 0x41)
0  -O                                                                        (1 = 100.0%)
1  ... 

Histogram: WebApp.Preinstalled.UninstallTotalCount recorded 1 samples, mean = 0.0 (flags = 0x41)
0  -O                                                                        (1 = 100.0%)
1  ... 

Histogram: WebApp.Uninstall.NonSyncIncompleteCount recorded 1 samples, mean = 0.0 (flags = 0x41)
0  -O                                                                        (1 = 100.0%)
1  ... 

Histogram: WebAuthentication.Windows.KeyCredentialManagerSupported recorded 1 samples, mean = 0.0 (flags = 0x41)
0  -O                                                                        (1 = 100.0%)
1  ... 

Histogram: WebContentsObserver.DOMContentLoaded recorded 3 samples, mean = 0.0 (flags = 0x41)
0  ---O                                                                      (3 = 100.0%)
1  ... 

Histogram: WebContentsObserver.DidChangeVisibleSecurityState recorded 2 samples, mean = 0.0 (flags = 0x41)
0  --O                                                                       (2 = 100.0%)
1  ... 

Histogram: WebContentsObserver.DidFinishLoad recorded 3 samples, mean = 0.0 (flags = 0x41)
0  ---O                                                                      (3 = 100.0%)
1  ... 

Histogram: WebContentsObserver.DidFinishNavigation recorded 5 samples, mean = 0.2 (flags = 0x41)
0  ----O                                                                     (4 = 80.0%)
1  -O                                                                        (1 = 20.0%) {80.0%}
2  ... 

Histogram: WebContentsObserver.DidFirstVisuallyNonEmptyPaint recorded 1 samples, mean = 0.0 (flags = 0x41)
0  -O                                                                        (1 = 100.0%)
1  ... 

Histogram: WebContentsObserver.DidRedirectNavigation recorded 1 samples, mean = 0.0 (flags = 0x41)
0  -O                                                                        (1 = 100.0%)
1  ... 

Histogram: WebContentsObserver.DidStartLoading recorded 1 samples, mean = 0.0 (flags = 0x41)
0  -O                                                                        (1 = 100.0%)
1  ... 

Histogram: WebContentsObserver.DidStartNavigation recorded 5 samples, mean = 0.0 (flags = 0x41)
0  -----O                                                                    (5 = 100.0%)
1  ... 

Histogram: WebContentsObserver.DidStartNavigation.MainFrame recorded 3 samples, mean = 0.0 (flags = 0x41)
0  ---O                                                                      (3 = 100.0%)
1  ... 

Histogram: WebContentsObserver.DidStartNavigation.Subframe recorded 2 samples, mean = 0.0 (flags = 0x41)
0  --O                                                                       (2 = 100.0%)
1  ... 

Histogram: WebContentsObserver.DidStopLoading recorded 1 samples, mean = 0.0 (flags = 0x41)
0  -O                                                                        (1 = 100.0%)
1  ... 

Histogram: WebContentsObserver.DidUpdateNavigationHandleTiming recorded 5 samples, mean = 0.0 (flags = 0x41)
0  -----O                                                                    (5 = 100.0%)
1  ... 

Histogram: WebContentsObserver.LoadProgressChanged recorded 12 samples, mean = 0.0 (flags = 0x41)
0  ------------O                                                             (12 = 100.0%)
1  ... 

Histogram: WebContentsObserver.NavigationEntryChanged recorded 3 samples, mean = 0.0 (flags = 0x41)
0  ---O                                                                      (3 = 100.0%)
1  ... 

Histogram: WebContentsObserver.NavigationEntryCommitted recorded 2 samples, mean = 0.0 (flags = 0x41)
0  --O                                                                       (2 = 100.0%)
1  ... 

Histogram: WebContentsObserver.PrimaryMainDocumentElementAvailable recorded 1 samples, mean = 0.0 (flags = 0x41)
0  -O                                                                        (1 = 100.0%)
1  ... 

Histogram: WebContentsObserver.RenderFrameCreated recorded 4 samples, mean = 0.0 (flags = 0x41)
0  ----O                                                                     (4 = 100.0%)
1  ... 

Histogram: WebContentsObserver.RenderFrameDeleted recorded 4 samples, mean = 0.0 (flags = 0x41)
0  ----O                                                                     (4 = 100.0%)
1  ... 

Histogram: WebContentsObserver.RenderViewReady recorded 2 samples, mean = 0.0 (flags = 0x41)
0  --O                                                                       (2 = 100.0%)
1  ... 

Histogram: WebContentsObserver.TitleWasSet recorded 1 samples, mean = 0.0 (flags = 0x41)
0  -O                                                                        (1 = 100.0%)
1  ... 

Histogram: WebCore.Scripts.Async.StartedStreaming recorded 26 samples, mean = 1.0 (flags = 0x41)
0  O                                                                         (0 = 0.0%)
1  --------------------------O                                               (26 = 100.0%) {0.0%}
2  O                                                                         (0 = 0.0%) {100.0%}

Histogram: WebCore.Scripts.Other.NotStreamingReason recorded 17 samples, mean = 11.0 (flags = 0x41)
0   ... 
11  -----------------O                                                        (17 = 100.0%) {0.0%}
12  ... 

Histogram: WebCore.Scripts.Other.StartedStreaming recorded 17 samples, mean = 0.0 (flags = 0x41)
0  -----------------O                                                        (17 = 100.0%)
1  ... 

Histogram: WebCore.Scripts.V8CodeCacheMetadata.Get recorded 49 samples, mean = 0.0 (flags = 0x41)
0  -------------------------------------------------O                        (49 = 100.0%)
1  ... 

Histogram: WebCore.Scripts.V8CodeCacheMetadata.Set recorded 23 samples, mean = 0.0 (flags = 0x41)
0  -----------------------O                                                  (23 = 100.0%)
1  ... 

Histogram: WebCore.Scripts.V8CompileHintsStatus recorded 44 samples, mean = 10.4 (flags = 0x41)
0   ... 
10  --------------------------O                                               (26 = 59.1%) {0.0%}
11  ------------------O                                                       (18 = 40.9%) {59.1%}
12  ... 

Histogram: WebCore.Scripts.V8CrowdsourcedCompileHints.ModelQuality recorded 1 samples, mean = 0.0 (flags = 0x41)
0  -O                                                                        (1 = 100.0%)
1  ... 

Histogram: WebDatabase.InitResult recorded 2 samples, mean = 0.0 (flags = 0x41)
0  --O                                                                       (2 = 100.0%)
1  ... 

Histogram: WebFont.CacheHit recorded 5 samples, mean = 0.6 (flags = 0x41)
0  ----O                                                                     (4 = 80.0%)
1  ... 
3  -O                                                                        (1 = 20.0%) {80.0%}
4  O                                                                         (0 = 0.0%) {100.0%}

Histogram: WebFont.Clients.RenderBlockingFonts.ExpiredFonts recorded 1 samples, mean = 1.0 (flags = 0x41)
0  O                                                                         (0 = 0.0%)
1  -O                                                                        (1 = 100.0%) {0.0%}
2  O                                                                         (0 = 0.0%) {100.0%}

Histogram: WebFont.HadBlankText recorded 1 samples, mean = 0.0 (flags = 0x41)
0  -O                                                                        (1 = 100.0%)
1  ... 

Histogram: WebFont.LocalFontUsed recorded 1 samples, mean = 1.0 (flags = 0x41)
0  O                                                                         (0 = 0.0%)
1  -O                                                                        (1 = 100.0%) {0.0%}
2  O                                                                         (0 = 0.0%) {100.0%}

Histogram: Windows.AcLayersLoaded recorded 1 samples, mean = 0.0 (flags = 0x41)
0  -O                                                                        (1 = 100.0%)
1  ... 

Histogram: Windows.CetAvailable recorded 1 samples, mean = 0.0 (flags = 0x41)
0  -O                                                                        (1 = 100.0%)
1  ... 

Histogram: Windows.DisplayIdFromDeviceId recorded 8 samples, mean = 3.0 (flags = 0x41)
0  ... 
3  --------O                                                                 (8 = 100.0%) {0.0%}
4  O                                                                         (0 = 0.0%) {100.0%}

Histogram: Windows.DisplayIdFromDeviceKey recorded 8 samples, mean = 3.0 (flags = 0x41)
0  ... 
3  --------O                                                                 (8 = 100.0%) {0.0%}
4  O                                                                         (0 = 0.0%) {100.0%}

Histogram: Windows.Enclave.SGX.Available recorded 1 samples, mean = 0.0 (flags = 0x41)
0  -O                                                                        (1 = 100.0%)
1  ... 

Histogram: Windows.Enclave.SGX2.Available recorded 1 samples, mean = 0.0 (flags = 0x41)
0  -O                                                                        (1 = 100.0%)
1  ... 

Histogram: Windows.Enclave.VBS.Available recorded 1 samples, mean = 0.0 (flags = 0x41)
0  -O                                                                        (1 = 100.0%)
1  ... 

Histogram: Windows.Enclave.VBSBasic.Available recorded 1 samples, mean = 0.0 (flags = 0x41)
0  -O                                                                        (1 = 100.0%)
1  ... 

Histogram: Windows.HasHighResolutionTimeTicks recorded 1 samples, mean = 1.0 (flags = 0x41)
0  O                                                                         (0 = 0.0%)
1  -O                                                                        (1 = 100.0%) {0.0%}
2  O                                                                         (0 = 0.0%) {100.0%}

Histogram: Windows.HasThreadTicks recorded 1 samples, mean = 1.0 (flags = 0x41)
0  O                                                                         (0 = 0.0%)
1  -O                                                                        (1 = 100.0%) {0.0%}
2  O                                                                         (0 = 0.0%) {100.0%}

Histogram: Windows.HighResolutionTimerUsage recorded 42 samples, mean = 0.0 (flags = 0x41)
0  ------------------------------------------O                               (42 = 100.0%)
1  ... 

Histogram: Windows.HypervPresent recorded 1 samples, mean = 0.0 (flags = 0x41)
0  -O                                                                        (1 = 100.0%)
1  ... 

Histogram: Windows.LegacyDisplayIdAlgorithm recorded 20 samples, mean = 0.0 (flags = 0x41)
0  --------------------O                                                     (20 = 100.0%)
1  ... 

Histogram: Windows.ParallelDllLoadingEnabled recorded 1 samples, mean = 1.0 (flags = 0x41)
0  O                                                                         (0 = 0.0%)
1  -O                                                                        (1 = 100.0%) {0.0%}
2  O                                                                         (0 = 0.0%) {100.0%}

Histogram: Windows.PatchLevel recorded 1 samples (flags = 0x41)
1710498057  -O                                                                        (1 = 100.0%)

Histogram: Windows.PatchLevelKernel32 recorded 1 samples (flags = 0x41)
1710497928  -O                                                                        (1 = 100.0%)

Histogram: Windows.ProcessorFamily recorded 1 samples (flags = 0x41)
205  -O                                                                        (1 = 100.0%)

Histogram: Windows.ProcessorVirtualizationFirmwareEnabled recorded 1 samples, mean = 0.0 (flags = 0x41)
0  -O                                                                        (1 = 100.0%)
1  ... 


