[12152:15228:0516/002758.878:WARNING:chrome_main_delegate.cc(745)] This is Chrome version 128.0.6613.138 (not a warning)
[12152:15068:0516/002758.966:ERROR:google_update_settings.cc(265)] Failed opening key Software\Chromium to set usagestats; result: 5
[12152:15228:0516/002759.002:WARNING:account_consistency_mode_manager.cc(77)] Desktop Identity Consistency cannot be enabled as no OAuth client ID and client secret have been configured.
[12152:15228:0516/002807.526:WARNING:browser_info.cc(345)] Returning a speculative frame for [8,5]
[12152:15228:0516/002807.526:WARNING:browser_info.cc(345)] Returning a speculative frame for [8,5]
[12152:15228:0516/002807.526:WARNING:browser_info.cc(345)] Returning a speculative frame for [8,5]
[12152:15228:0516/002807.668:WARNING:browser_info.cc(345)] Returning a speculative frame for [8,5]
[12152:11456:0516/002808.055:WARNING:browser_info.cc(345)] Returning a speculative frame for [8,5]
[14356:3052:0516/002812.930:WARNING:codec.cc(525)] Explicitly added H264 constrained baseline to list of supported formats.
[14356:3052:0516/002814.028:WARNING:codec.cc(525)] Explicitly added H264 constrained baseline to list of supported formats.
[14356:5888:0516/002814.090:WARNING:codec.cc(525)] Explicitly added H264 constrained baseline to list of supported formats.
[14356:5888:0516/002814.091:WARNING:codec.cc(525)] Explicitly added H264 constrained baseline to list of supported formats.
[14356:5888:0516/002814.093:WARNING:codec.cc(525)] Explicitly added H264 constrained baseline to list of supported formats.
[5404:1368:0516/002814.713:WARNING:host_resolver_dns_task.cc(863)] Address list empty after RFC3484 sort
[5404:1368:0516/002814.713:ERROR:socket_manager.cc(147)] Failed to resolve address for stun.cloudflare.com., errorcode: -105
[5404:1368:0516/002814.713:ERROR:socket_manager.cc(147)] Failed to resolve address for stun.cloudflare.com., errorcode: -105
[5404:1368:0516/002814.713:ERROR:socket_manager.cc(147)] Failed to resolve address for stun.cloudflare.com., errorcode: -105
[14356:5888:0516/002814.713:WARNING:stun_port.cc(442)] Port[2182800:0:1:0:host:Net[any:0:0:0:x:x:x:x:x/0:Wildcard:id=0]]: StunPort: stun host lookup received error -1
[14356:5888:0516/002814.715:WARNING:stun_port.cc(442)] Port[257e000:1:1:0:host:Net[any:0:0:0:x:x:x:x:x/0:Wildcard:id=0]]: StunPort: stun host lookup received error -1
[14356:5888:0516/002814.715:WARNING:stun_port.cc(442)] Port[257e800:2:1:0:host:Net[any:0:0:0:x:x:x:x:x/0:Wildcard:id=0]]: StunPort: stun host lookup received error -1
[12152:15228:0516/003335.769:ERROR:device_event_log_impl.cc(196)] [00:33:35.759] USB: usb_service_win.cc:105 SetupDiGetDeviceProperty({{A45C254E-DF1C-4EFD-8020-67D146A850E0}, 6}) failed: No se ha encontrado el elemento. (0x490)
[12152:11456:0516/012106.179:VERBOSE1:media_stream_manager.cc(1533)] MSPL::OnSpeedLimitChange({this=00002CCC001B6D40}, {new_limit=66})
[12152:11456:0516/012107.218:VERBOSE1:media_stream_manager.cc(1533)] MSPL::OnSpeedLimitChange({this=00002CCC001B6D40}, {new_limit=67})
[12152:11456:0516/012108.189:VERBOSE1:media_stream_manager.cc(1533)] MSPL::OnSpeedLimitChange({this=00002CCC001B6D40}, {new_limit=63})
[12152:11456:0516/012110.238:VERBOSE1:media_stream_manager.cc(1533)] MSPL::OnSpeedLimitChange({this=00002CCC001B6D40}, {new_limit=65})
[12152:11456:0516/012111.262:VERBOSE1:media_stream_manager.cc(1533)] MSPL::OnSpeedLimitChange({this=00002CCC001B6D40}, {new_limit=62})
[12152:11456:0516/012112.227:VERBOSE1:media_stream_manager.cc(1533)] MSPL::OnSpeedLimitChange({this=00002CCC001B6D40}, {new_limit=57})
[12152:11456:0516/012113.218:VERBOSE1:media_stream_manager.cc(1533)] MSPL::OnSpeedLimitChange({this=00002CCC001B6D40}, {new_limit=52})
[12152:11456:0516/012114.181:VERBOSE1:media_stream_manager.cc(1533)] MSPL::OnSpeedLimitChange({this=00002CCC001B6D40}, {new_limit=47})
[12152:11456:0516/012115.211:VERBOSE1:media_stream_manager.cc(1533)] MSPL::OnSpeedLimitChange({this=00002CCC001B6D40}, {new_limit=43})
[12152:11456:0516/012116.198:VERBOSE1:media_stream_manager.cc(1533)] MSPL::OnSpeedLimitChange({this=00002CCC001B6D40}, {new_limit=48})
[12152:11456:0516/012117.208:VERBOSE1:media_stream_manager.cc(1533)] MSPL::OnSpeedLimitChange({this=00002CCC001B6D40}, {new_limit=45})
[12152:11456:0516/012118.210:VERBOSE1:media_stream_manager.cc(1533)] MSPL::OnSpeedLimitChange({this=00002CCC001B6D40}, {new_limit=48})
[12152:11456:0516/012121.217:VERBOSE1:media_stream_manager.cc(1533)] MSPL::OnSpeedLimitChange({this=00002CCC001B6D40}, {new_limit=100})
[12152:11456:0516/012144.268:VERBOSE1:media_stream_manager.cc(1533)] MSPL::OnSpeedLimitChange({this=00002CCC001B6D40}, {new_limit=66})
[12152:11456:0516/012145.216:VERBOSE1:media_stream_manager.cc(1533)] MSPL::OnSpeedLimitChange({this=00002CCC001B6D40}, {new_limit=100})
[12152:11456:0516/012205.238:VERBOSE1:media_stream_manager.cc(1533)] MSPL::OnSpeedLimitChange({this=00002CCC001B6D40}, {new_limit=42})
[12152:11456:0516/012206.289:VERBOSE1:media_stream_manager.cc(1533)] MSPL::OnSpeedLimitChange({this=00002CCC001B6D40}, {new_limit=39})
[12152:11456:0516/012208.269:VERBOSE1:media_stream_manager.cc(1533)] MSPL::OnSpeedLimitChange({this=00002CCC001B6D40}, {new_limit=34})
[12152:11456:0516/012209.267:VERBOSE1:media_stream_manager.cc(1533)] MSPL::OnSpeedLimitChange({this=00002CCC001B6D40}, {new_limit=100})
[12152:15228:0516/012211.586:VERBOSE1:device_event_log_impl.cc(198)] [01:22:11.587] Display: EVENT: screen_win.cc:893 Displays updated, count: 2
[12152:15228:0516/012211.587:VERBOSE1:device_event_log_impl.cc(198)] [01:22:11.587] Display: EVENT: screen_win.cc:895 Display[1552941674] bounds=[1360,0 1366x768], workarea=[1360,0 1366x720], scale=1, rotation=0, panel_rotation=0 external detected
[12152:15228:0516/012211.587:VERBOSE1:device_event_log_impl.cc(198)] [01:22:11.587] Display: EVENT: screen_win.cc:895 Display[3336287498] bounds=[0,0 1360x768], workarea=[0,0 1360x720], scale=1, rotation=0, panel_rotation=0 external detected
[5404:1368:0516/012241.943:VERBOSE1:network_delegate.cc(36)] NetworkDelegate::NotifyBeforeURLRequest: https://optimizationguide-pa.googleapis.com/v1:GetModels?key=dummytoken
[5404:1368:0516/012241.994:VERBOSE1:tls_handshaker.cc(105)] TlsClient: Continuing handshake
[5404:1368:0516/012241.994:VERBOSE1:tls_handshaker.cc(126)] TlsClient: SSL_do_handshake returned when entering early data. After retry, rv=-1, SSL_in_early_data=1
[5404:1368:0516/012242.039:VERBOSE1:tls_handshaker.cc(105)] TlsClient: Continuing handshake
[5404:1368:0516/012242.039:VERBOSE1:tls_handshaker.cc(105)] TlsClient: Continuing handshake
[5404:1368:0516/012242.039:VERBOSE1:tls_client_handshaker.cc(528)] Client: handshake finished
[12152:15228:0516/012304.686:VERBOSE1:device_event_log_impl.cc(198)] [01:23:04.686] Display: EVENT: screen_win.cc:893 Displays updated, count: 2
[12152:15228:0516/012304.686:VERBOSE1:device_event_log_impl.cc(198)] [01:23:04.686] Display: EVENT: screen_win.cc:895 Display[1552941674] bounds=[1360,0 1366x768], workarea=[1360,0 1366x720], scale=1, rotation=0, panel_rotation=0 external detected
[12152:15228:0516/012304.686:VERBOSE1:device_event_log_impl.cc(198)] [01:23:04.686] Display: EVENT: screen_win.cc:895 Display[3336287498] bounds=[0,0 1360x768], workarea=[0,0 1360x720], scale=1, rotation=0, panel_rotation=0 external detected
[12152:11456:0516/012314.346:VERBOSE1:media_stream_manager.cc(1533)] MSPL::OnSpeedLimitChange({this=00002CCC001B6D40}, {new_limit=61})
[12152:11456:0516/012316.350:VERBOSE1:media_stream_manager.cc(1533)] MSPL::OnSpeedLimitChange({this=00002CCC001B6D40}, {new_limit=57})
[12152:11456:0516/012318.346:VERBOSE1:media_stream_manager.cc(1533)] MSPL::OnSpeedLimitChange({this=00002CCC001B6D40}, {new_limit=100})
[12152:15228:0516/012452.681:VERBOSE1:device_event_log_impl.cc(198)] [01:24:52.682] Display: EVENT: screen_win.cc:893 Displays updated, count: 2
[12152:15228:0516/012452.681:VERBOSE1:device_event_log_impl.cc(198)] [01:24:52.682] Display: EVENT: screen_win.cc:895 Display[1552941674] bounds=[1360,0 1366x768], workarea=[1360,0 1366x720], scale=1, rotation=0, panel_rotation=0 external detected
[12152:15228:0516/012452.681:VERBOSE1:device_event_log_impl.cc(198)] [01:24:52.682] Display: EVENT: screen_win.cc:895 Display[3336287498] bounds=[0,0 1360x768], workarea=[0,0 1360x720], scale=1, rotation=0, panel_rotation=0 external detected
[12152:15228:0516/012507.158:VERBOSE1:device_event_log_impl.cc(198)] [01:25:07.159] Display: EVENT: screen_win.cc:893 Displays updated, count: 2
[12152:15228:0516/012507.158:VERBOSE1:device_event_log_impl.cc(198)] [01:25:07.159] Display: EVENT: screen_win.cc:895 Display[1552941674] bounds=[1360,0 1366x768], workarea=[1360,0 1366x720], scale=1, rotation=0, panel_rotation=0 external detected
[12152:15228:0516/012507.160:VERBOSE1:device_event_log_impl.cc(198)] [01:25:07.159] Display: EVENT: screen_win.cc:895 Display[3336287498] bounds=[0,0 1360x768], workarea=[0,0 1360x720], scale=1, rotation=0, panel_rotation=0 external detected
[12152:15228:0516/012508.554:VERBOSE1:device_event_log_impl.cc(198)] [01:25:08.554] Display: EVENT: screen_win.cc:893 Displays updated, count: 2
[12152:15228:0516/012508.555:VERBOSE1:device_event_log_impl.cc(198)] [01:25:08.554] Display: EVENT: screen_win.cc:895 Display[1552941674] bounds=[1360,0 1366x768], workarea=[1360,0 1366x720], scale=1, rotation=0, panel_rotation=0 external detected
[12152:15228:0516/012508.555:VERBOSE1:device_event_log_impl.cc(198)] [01:25:08.554] Display: EVENT: screen_win.cc:895 Display[3336287498] bounds=[0,0 1360x768], workarea=[0,0 1360x720], scale=1, rotation=0, panel_rotation=0 external detected
[5404:1368:0516/012521.224:VERBOSE1:network_delegate.cc(36)] NetworkDelegate::NotifyBeforeURLRequest: https://optimizationguide-pa.googleapis.com/v1:GetModels?key=dummytoken
[5404:1368:0516/012521.281:VERBOSE1:tls_handshaker.cc(105)] TlsClient: Continuing handshake
[5404:1368:0516/012521.282:VERBOSE1:tls_handshaker.cc(126)] TlsClient: SSL_do_handshake returned when entering early data. After retry, rv=-1, SSL_in_early_data=1
[5404:1368:0516/012521.340:VERBOSE1:tls_handshaker.cc(105)] TlsClient: Continuing handshake
[5404:1368:0516/012521.341:VERBOSE1:tls_handshaker.cc(105)] TlsClient: Continuing handshake
[5404:1368:0516/012521.341:VERBOSE1:tls_client_handshaker.cc(528)] Client: handshake finished
[12152:15228:0516/012523.753:VERBOSE1:device_event_log_impl.cc(198)] [01:25:23.753] Display: EVENT: screen_win.cc:893 Displays updated, count: 2
[12152:15228:0516/012523.753:VERBOSE1:device_event_log_impl.cc(198)] [01:25:23.753] Display: EVENT: screen_win.cc:895 Display[1552941674] bounds=[1360,0 1366x768], workarea=[1360,0 1366x720], scale=1, rotation=0, panel_rotation=0 external detected
[12152:15228:0516/012523.753:VERBOSE1:device_event_log_impl.cc(198)] [01:25:23.753] Display: EVENT: screen_win.cc:895 Display[3336287498] bounds=[0,0 1360x768], workarea=[0,0 1360x720], scale=1, rotation=0, panel_rotation=0 external detected
[12152:15228:0516/012528.364:VERBOSE1:device_event_log_impl.cc(198)] [01:25:28.364] Display: EVENT: screen_win.cc:893 Displays updated, count: 2
[12152:15228:0516/012528.364:VERBOSE1:device_event_log_impl.cc(198)] [01:25:28.364] Display: EVENT: screen_win.cc:895 Display[1552941674] bounds=[1360,0 1366x768], workarea=[1360,0 1366x720], scale=1, rotation=0, panel_rotation=0 external detected
[12152:15228:0516/012528.364:VERBOSE1:device_event_log_impl.cc(198)] [01:25:28.364] Display: EVENT: screen_win.cc:895 Display[3336287498] bounds=[0,0 1360x768], workarea=[0,0 1360x720], scale=1, rotation=0, panel_rotation=0 external detected
[12152:11456:0516/012533.446:VERBOSE1:media_stream_manager.cc(1533)] MSPL::OnSpeedLimitChange({this=00002CCC001B6D40}, {new_limit=54})
[12152:11456:0516/012534.445:VERBOSE1:media_stream_manager.cc(1533)] MSPL::OnSpeedLimitChange({this=00002CCC001B6D40}, {new_limit=55})
[12152:11456:0516/012535.431:VERBOSE1:media_stream_manager.cc(1533)] MSPL::OnSpeedLimitChange({this=00002CCC001B6D40}, {new_limit=57})
[12152:11456:0516/012536.429:VERBOSE1:media_stream_manager.cc(1533)] MSPL::OnSpeedLimitChange({this=00002CCC001B6D40}, {new_limit=56})
[12152:11456:0516/012538.451:VERBOSE1:media_stream_manager.cc(1533)] MSPL::OnSpeedLimitChange({this=00002CCC001B6D40}, {new_limit=55})
[12152:11456:0516/012539.457:VERBOSE1:media_stream_manager.cc(1533)] MSPL::OnSpeedLimitChange({this=00002CCC001B6D40}, {new_limit=59})
[12152:11456:0516/012540.452:VERBOSE1:media_stream_manager.cc(1533)] MSPL::OnSpeedLimitChange({this=00002CCC001B6D40}, {new_limit=64})
[12152:11456:0516/012541.427:VERBOSE1:media_stream_manager.cc(1533)] MSPL::OnSpeedLimitChange({this=00002CCC001B6D40}, {new_limit=100})
[12152:15228:0516/012721.486:VERBOSE1:device_event_log_impl.cc(198)] [01:27:21.485] Display: EVENT: screen_win.cc:893 Displays updated, count: 2
[12152:15228:0516/012721.486:VERBOSE1:device_event_log_impl.cc(198)] [01:27:21.485] Display: EVENT: screen_win.cc:895 Display[1552941674] bounds=[1360,0 1366x768], workarea=[1360,0 1366x720], scale=1, rotation=0, panel_rotation=0 external detected
[12152:15228:0516/012721.486:VERBOSE1:device_event_log_impl.cc(198)] [01:27:21.486] Display: EVENT: screen_win.cc:895 Display[3336287498] bounds=[0,0 1360x768], workarea=[0,0 1360x720], scale=1, rotation=0, panel_rotation=0 external detected
[12152:11456:0516/012743.645:VERBOSE1:media_stream_manager.cc(1533)] MSPL::OnSpeedLimitChange({this=00002CCC001B6D40}, {new_limit=63})
[12152:11456:0516/012744.641:VERBOSE1:media_stream_manager.cc(1533)] MSPL::OnSpeedLimitChange({this=00002CCC001B6D40}, {new_limit=62})
[12152:11456:0516/012745.632:VERBOSE1:media_stream_manager.cc(1533)] MSPL::OnSpeedLimitChange({this=00002CCC001B6D40}, {new_limit=65})
[12152:11456:0516/012746.775:VERBOSE1:media_stream_manager.cc(1533)] MSPL::OnSpeedLimitChange({this=00002CCC001B6D40}, {new_limit=66})
[12152:11456:0516/012747.613:VERBOSE1:media_stream_manager.cc(1533)] MSPL::OnSpeedLimitChange({this=00002CCC001B6D40}, {new_limit=65})
[12152:11456:0516/012748.609:VERBOSE1:media_stream_manager.cc(1533)] MSPL::OnSpeedLimitChange({this=00002CCC001B6D40}, {new_limit=61})
[12152:11456:0516/012749.615:VERBOSE1:media_stream_manager.cc(1533)] MSPL::OnSpeedLimitChange({this=00002CCC001B6D40}, {new_limit=59})
[12152:11456:0516/012750.666:VERBOSE1:media_stream_manager.cc(1533)] MSPL::OnSpeedLimitChange({this=00002CCC001B6D40}, {new_limit=100})
[5404:1368:0516/012753.759:VERBOSE1:network_delegate.cc(36)] NetworkDelegate::NotifyBeforeURLRequest: https://optimizationguide-pa.googleapis.com/v1:GetModels?key=dummytoken
[5404:1368:0516/012753.778:VERBOSE1:tls_handshaker.cc(105)] TlsClient: Continuing handshake
[5404:1368:0516/012753.779:VERBOSE1:tls_handshaker.cc(126)] TlsClient: SSL_do_handshake returned when entering early data. After retry, rv=-1, SSL_in_early_data=1
[5404:1368:0516/012753.826:VERBOSE1:tls_handshaker.cc(105)] TlsClient: Continuing handshake
[5404:1368:0516/012753.829:VERBOSE1:tls_handshaker.cc(105)] TlsClient: Continuing handshake
[5404:1368:0516/012753.829:VERBOSE1:tls_client_handshaker.cc(528)] Client: handshake finished
[12152:11456:0516/012808.623:VERBOSE1:media_stream_manager.cc(1533)] MSPL::OnSpeedLimitChange({this=00002CCC001B6D40}, {new_limit=64})
[12152:11456:0516/012809.696:VERBOSE1:media_stream_manager.cc(1533)] MSPL::OnSpeedLimitChange({this=00002CCC001B6D40}, {new_limit=66})
[12152:11456:0516/012810.626:VERBOSE1:media_stream_manager.cc(1533)] MSPL::OnSpeedLimitChange({this=00002CCC001B6D40}, {new_limit=69})
[12152:11456:0516/012811.641:VERBOSE1:media_stream_manager.cc(1533)] MSPL::OnSpeedLimitChange({this=00002CCC001B6D40}, {new_limit=67})
[12152:11456:0516/012812.630:VERBOSE1:media_stream_manager.cc(1533)] MSPL::OnSpeedLimitChange({this=00002CCC001B6D40}, {new_limit=100})
[12152:11456:0516/012822.662:VERBOSE1:media_stream_manager.cc(1533)] MSPL::OnSpeedLimitChange({this=00002CCC001B6D40}, {new_limit=61})
[12152:11456:0516/012824.747:VERBOSE1:media_stream_manager.cc(1533)] MSPL::OnSpeedLimitChange({this=00002CCC001B6D40}, {new_limit=60})
[12152:11456:0516/012825.712:VERBOSE1:media_stream_manager.cc(1533)] MSPL::OnSpeedLimitChange({this=00002CCC001B6D40}, {new_limit=59})
[12152:11456:0516/012826.922:VERBOSE1:media_stream_manager.cc(1533)] MSPL::OnSpeedLimitChange({this=00002CCC001B6D40}, {new_limit=100})
[12152:15228:0516/012837.681:VERBOSE1:device_event_log_impl.cc(198)] [01:28:37.680] Display: EVENT: screen_win.cc:893 Displays updated, count: 2
[12152:15228:0516/012837.681:VERBOSE1:device_event_log_impl.cc(198)] [01:28:37.680] Display: EVENT: screen_win.cc:895 Display[1552941674] bounds=[1360,0 1366x768], workarea=[1360,0 1366x720], scale=1, rotation=0, panel_rotation=0 external detected
[12152:15228:0516/012837.681:VERBOSE1:device_event_log_impl.cc(198)] [01:28:37.680] Display: EVENT: screen_win.cc:895 Display[3336287498] bounds=[0,0 1360x768], workarea=[0,0 1360x720], scale=1, rotation=0, panel_rotation=0 external detected
[12152:15228:0516/012906.112:VERBOSE1:device_event_log_impl.cc(198)] [01:29:06.112] Display: EVENT: screen_win.cc:893 Displays updated, count: 2
[12152:15228:0516/012906.113:VERBOSE1:device_event_log_impl.cc(198)] [01:29:06.112] Display: EVENT: screen_win.cc:895 Display[1552941674] bounds=[1360,0 1366x768], workarea=[1360,0 1366x720], scale=1, rotation=0, panel_rotation=0 external detected
[12152:15228:0516/012906.113:VERBOSE1:device_event_log_impl.cc(198)] [01:29:06.112] Display: EVENT: screen_win.cc:895 Display[3336287498] bounds=[0,0 1360x768], workarea=[0,0 1360x720], scale=1, rotation=0, panel_rotation=0 external detected
[12152:11456:0516/012914.706:VERBOSE1:media_stream_manager.cc(1533)] MSPL::OnSpeedLimitChange({this=00002CCC001B6D40}, {new_limit=62})
[12152:11456:0516/012915.924:VERBOSE1:media_stream_manager.cc(1533)] MSPL::OnSpeedLimitChange({this=00002CCC001B6D40}, {new_limit=100})
[12152:15228:0516/012928.726:VERBOSE1:device_event_log_impl.cc(198)] [01:29:28.725] Display: EVENT: screen_win.cc:893 Displays updated, count: 2
[12152:15228:0516/012928.726:VERBOSE1:device_event_log_impl.cc(198)] [01:29:28.725] Display: EVENT: screen_win.cc:895 Display[1552941674] bounds=[1360,0 1366x768], workarea=[1360,0 1366x720], scale=1, rotation=0, panel_rotation=0 external detected
[12152:15228:0516/012928.726:VERBOSE1:device_event_log_impl.cc(198)] [01:29:28.725] Display: EVENT: screen_win.cc:895 Display[3336287498] bounds=[0,0 1360x768], workarea=[0,0 1360x720], scale=1, rotation=0, panel_rotation=0 external detected
[12152:11456:0516/012938.772:VERBOSE1:media_stream_manager.cc(1533)] MSPL::OnSpeedLimitChange({this=00002CCC001B6D40}, {new_limit=34})
[12152:11456:0516/012946.876:VERBOSE1:media_stream_manager.cc(1533)] MSPL::OnSpeedLimitChange({this=00002CCC001B6D40}, {new_limit=100})
[12152:15228:0516/012950.085:VERBOSE1:device_event_log_impl.cc(198)] [01:29:50.084] Display: EVENT: screen_win.cc:893 Displays updated, count: 2
[12152:15228:0516/012950.085:VERBOSE1:device_event_log_impl.cc(198)] [01:29:50.085] Display: EVENT: screen_win.cc:895 Display[1552941674] bounds=[1360,0 1366x768], workarea=[1360,0 1366x720], scale=1, rotation=0, panel_rotation=0 external detected
[12152:15228:0516/012950.085:VERBOSE1:device_event_log_impl.cc(198)] [01:29:50.085] Display: EVENT: screen_win.cc:895 Display[3336287498] bounds=[0,0 1360x768], workarea=[0,0 1360x720], scale=1, rotation=0, panel_rotation=0 external detected
[12152:11456:0516/012959.797:VERBOSE1:media_stream_manager.cc(1533)] MSPL::OnSpeedLimitChange({this=00002CCC001B6D40}, {new_limit=41})
[12152:11456:0516/013001.042:VERBOSE1:media_stream_manager.cc(1533)] MSPL::OnSpeedLimitChange({this=00002CCC001B6D40}, {new_limit=100})
[12152:15228:0516/013009.529:VERBOSE1:device_event_log_impl.cc(198)] [01:30:09.528] Display: EVENT: screen_win.cc:893 Displays updated, count: 2
[12152:15228:0516/013009.529:VERBOSE1:device_event_log_impl.cc(198)] [01:30:09.528] Display: EVENT: screen_win.cc:895 Display[1552941674] bounds=[1360,0 1366x768], workarea=[1360,0 1366x720], scale=1, rotation=0, panel_rotation=0 external detected
[12152:15228:0516/013009.529:VERBOSE1:device_event_log_impl.cc(198)] [01:30:09.528] Display: EVENT: screen_win.cc:895 Display[3336287498] bounds=[0,0 1360x768], workarea=[0,0 1360x720], scale=1, rotation=0, panel_rotation=0 external detected
[12152:15228:0516/013022.544:VERBOSE1:device_event_log_impl.cc(198)] [01:30:22.544] Display: EVENT: screen_win.cc:893 Displays updated, count: 2
[12152:15228:0516/013022.544:VERBOSE1:device_event_log_impl.cc(198)] [01:30:22.544] Display: EVENT: screen_win.cc:895 Display[1552941674] bounds=[1360,0 1366x768], workarea=[1360,0 1366x720], scale=1, rotation=0, panel_rotation=0 external detected
[12152:15228:0516/013022.544:VERBOSE1:device_event_log_impl.cc(198)] [01:30:22.544] Display: EVENT: screen_win.cc:895 Display[3336287498] bounds=[0,0 1360x768], workarea=[0,0 1360x720], scale=1, rotation=0, panel_rotation=0 external detected
[12152:11456:0516/013036.772:VERBOSE1:media_stream_manager.cc(1533)] MSPL::OnSpeedLimitChange({this=00002CCC001B6D40}, {new_limit=67})
[5404:1368:0516/013036.774:VERBOSE1:network_delegate.cc(36)] NetworkDelegate::NotifyBeforeURLRequest: https://optimizationguide-pa.googleapis.com/v1:GetModels?key=dummytoken
[5404:1368:0516/013036.826:VERBOSE1:tls_handshaker.cc(105)] TlsClient: Continuing handshake
[5404:1368:0516/013036.827:VERBOSE1:tls_handshaker.cc(126)] TlsClient: SSL_do_handshake returned when entering early data. After retry, rv=-1, SSL_in_early_data=1
[5404:1368:0516/013036.874:VERBOSE1:tls_handshaker.cc(105)] TlsClient: Continuing handshake
[5404:1368:0516/013036.874:VERBOSE1:tls_handshaker.cc(105)] TlsClient: Continuing handshake
[5404:1368:0516/013036.874:VERBOSE1:tls_client_handshaker.cc(528)] Client: handshake finished
[12152:11456:0516/013037.771:VERBOSE1:media_stream_manager.cc(1533)] MSPL::OnSpeedLimitChange({this=00002CCC001B6D40}, {new_limit=100})
[12152:11456:0516/013241.946:VERBOSE1:media_stream_manager.cc(1533)] MSPL::OnSpeedLimitChange({this=00002CCC001B6D40}, {new_limit=48})
[12152:11456:0516/013242.948:VERBOSE1:media_stream_manager.cc(1533)] MSPL::OnSpeedLimitChange({this=00002CCC001B6D40}, {new_limit=44})
[12152:11456:0516/013245.952:VERBOSE1:media_stream_manager.cc(1533)] MSPL::OnSpeedLimitChange({this=00002CCC001B6D40}, {new_limit=43})
[12152:11456:0516/013246.950:VERBOSE1:media_stream_manager.cc(1533)] MSPL::OnSpeedLimitChange({this=00002CCC001B6D40}, {new_limit=38})
[12152:11456:0516/013247.951:VERBOSE1:media_stream_manager.cc(1533)] MSPL::OnSpeedLimitChange({this=00002CCC001B6D40}, {new_limit=35})
[12152:11456:0516/013248.950:VERBOSE1:media_stream_manager.cc(1533)] MSPL::OnSpeedLimitChange({this=00002CCC001B6D40}, {new_limit=40})
[12152:11456:0516/013249.950:VERBOSE1:media_stream_manager.cc(1533)] MSPL::OnSpeedLimitChange({this=00002CCC001B6D40}, {new_limit=100})
[5404:1368:0516/013310.957:VERBOSE1:network_delegate.cc(36)] NetworkDelegate::NotifyBeforeURLRequest: https://optimizationguide-pa.googleapis.com/v1:GetModels?key=dummytoken
[5404:1368:0516/013310.977:VERBOSE1:tls_handshaker.cc(105)] TlsClient: Continuing handshake
[5404:1368:0516/013311.023:VERBOSE1:tls_handshaker.cc(105)] TlsClient: Continuing handshake
[5404:1368:0516/013311.622:VERBOSE1:tls_handshaker.cc(105)] TlsClient: Continuing handshake
[5404:1368:0516/013311.622:VERBOSE1:tls_handshaker.cc(126)] TlsClient: SSL_do_handshake returned when entering early data. After retry, rv=-1, SSL_in_early_data=1
[5404:1368:0516/013311.623:VERBOSE1:tls_handshaker.cc(105)] TlsClient: Continuing handshake
[5404:1368:0516/013311.623:VERBOSE1:tls_client_handshaker.cc(528)] Client: handshake finished
[5404:1368:0516/013546.657:VERBOSE1:network_delegate.cc(36)] NetworkDelegate::NotifyBeforeURLRequest: https://optimizationguide-pa.googleapis.com/v1:GetModels?key=dummytoken
[5404:1368:0516/013546.710:VERBOSE1:tls_handshaker.cc(105)] TlsClient: Continuing handshake
[5404:1368:0516/013546.711:VERBOSE1:tls_handshaker.cc(126)] TlsClient: SSL_do_handshake returned when entering early data. After retry, rv=-1, SSL_in_early_data=1
[5404:1368:0516/013546.754:VERBOSE1:tls_handshaker.cc(105)] TlsClient: Continuing handshake
[5404:1368:0516/013546.754:VERBOSE1:tls_handshaker.cc(105)] TlsClient: Continuing handshake
[5404:1368:0516/013546.754:VERBOSE1:tls_client_handshaker.cc(528)] Client: handshake finished
[5404:1368:0516/013837.682:VERBOSE1:network_delegate.cc(36)] NetworkDelegate::NotifyBeforeURLRequest: https://optimizationguide-pa.googleapis.com/v1:GetModels?key=dummytoken
[5404:1368:0516/013837.691:VERBOSE1:tls_handshaker.cc(105)] TlsClient: Continuing handshake
[5404:1368:0516/013837.692:VERBOSE1:tls_handshaker.cc(126)] TlsClient: SSL_do_handshake returned when entering early data. After retry, rv=-1, SSL_in_early_data=1
[5404:1368:0516/013837.736:VERBOSE1:tls_handshaker.cc(105)] TlsClient: Continuing handshake
[5404:1368:0516/013837.736:VERBOSE1:tls_handshaker.cc(105)] TlsClient: Continuing handshake
[5404:1368:0516/013837.736:VERBOSE1:tls_client_handshaker.cc(528)] Client: handshake finished
[12152:11456:0516/014121.370:VERBOSE1:media_stream_manager.cc(1533)] MSPL::OnSpeedLimitChange({this=00002CCC001B6D40}, {new_limit=39})
[12152:11456:0516/014122.372:VERBOSE1:media_stream_manager.cc(1533)] MSPL::OnSpeedLimitChange({this=00002CCC001B6D40}, {new_limit=34})
[5404:1368:0516/014129.374:VERBOSE1:network_delegate.cc(36)] NetworkDelegate::NotifyBeforeURLRequest: https://optimizationguide-pa.googleapis.com/v1:GetModels?key=dummytoken
[5404:1368:0516/014129.429:VERBOSE1:tls_handshaker.cc(105)] TlsClient: Continuing handshake
[5404:1368:0516/014129.430:VERBOSE1:tls_handshaker.cc(126)] TlsClient: SSL_do_handshake returned when entering early data. After retry, rv=-1, SSL_in_early_data=1
[5404:1368:0516/014129.474:VERBOSE1:tls_handshaker.cc(105)] TlsClient: Continuing handshake
[5404:1368:0516/014129.474:VERBOSE1:tls_handshaker.cc(105)] TlsClient: Continuing handshake
[5404:1368:0516/014129.474:VERBOSE1:tls_client_handshaker.cc(528)] Client: handshake finished
[12152:11456:0516/014142.380:VERBOSE1:media_stream_manager.cc(1533)] MSPL::OnSpeedLimitChange({this=00002CCC001B6D40}, {new_limit=35})
[12152:11456:0516/014143.378:VERBOSE1:media_stream_manager.cc(1533)] MSPL::OnSpeedLimitChange({this=00002CCC001B6D40}, {new_limit=100})
[12152:11456:0516/014154.380:VERBOSE1:media_stream_manager.cc(1533)] MSPL::OnSpeedLimitChange({this=00002CCC001B6D40}, {new_limit=40})
[12152:11456:0516/014155.381:VERBOSE1:media_stream_manager.cc(1533)] MSPL::OnSpeedLimitChange({this=00002CCC001B6D40}, {new_limit=42})
[12152:11456:0516/014157.380:VERBOSE1:media_stream_manager.cc(1533)] MSPL::OnSpeedLimitChange({this=00002CCC001B6D40}, {new_limit=41})
[12152:11456:0516/014158.381:VERBOSE1:media_stream_manager.cc(1533)] MSPL::OnSpeedLimitChange({this=00002CCC001B6D40}, {new_limit=100})
[12152:11456:0516/014208.384:VERBOSE1:media_stream_manager.cc(1533)] MSPL::OnSpeedLimitChange({this=00002CCC001B6D40}, {new_limit=34})
[12152:11456:0516/014227.394:VERBOSE1:media_stream_manager.cc(1533)] MSPL::OnSpeedLimitChange({this=00002CCC001B6D40}, {new_limit=100})
[12152:11456:0516/014254.401:VERBOSE1:media_stream_manager.cc(1533)] MSPL::OnSpeedLimitChange({this=00002CCC001B6D40}, {new_limit=34})
[12152:11456:0516/014302.404:VERBOSE1:media_stream_manager.cc(1533)] MSPL::OnSpeedLimitChange({this=00002CCC001B6D40}, {new_limit=36})
[12152:11456:0516/014303.404:VERBOSE1:media_stream_manager.cc(1533)] MSPL::OnSpeedLimitChange({this=00002CCC001B6D40}, {new_limit=39})
[12152:11456:0516/014304.404:VERBOSE1:media_stream_manager.cc(1533)] MSPL::OnSpeedLimitChange({this=00002CCC001B6D40}, {new_limit=42})
[12152:11456:0516/014305.405:VERBOSE1:media_stream_manager.cc(1533)] MSPL::OnSpeedLimitChange({this=00002CCC001B6D40}, {new_limit=47})
[12152:11456:0516/014306.404:VERBOSE1:media_stream_manager.cc(1533)] MSPL::OnSpeedLimitChange({this=00002CCC001B6D40}, {new_limit=48})
[12152:11456:0516/014310.404:VERBOSE1:media_stream_manager.cc(1533)] MSPL::OnSpeedLimitChange({this=00002CCC001B6D40}, {new_limit=50})
[12152:11456:0516/014311.406:VERBOSE1:media_stream_manager.cc(1533)] MSPL::OnSpeedLimitChange({this=00002CCC001B6D40}, {new_limit=52})
[12152:11456:0516/014312.406:VERBOSE1:media_stream_manager.cc(1533)] MSPL::OnSpeedLimitChange({this=00002CCC001B6D40}, {new_limit=55})
[12152:11456:0516/014314.405:VERBOSE1:media_stream_manager.cc(1533)] MSPL::OnSpeedLimitChange({this=00002CCC001B6D40}, {new_limit=58})
[12152:11456:0516/014315.406:VERBOSE1:media_stream_manager.cc(1533)] MSPL::OnSpeedLimitChange({this=00002CCC001B6D40}, {new_limit=100})
[12152:11456:0516/014336.407:VERBOSE1:media_stream_manager.cc(1533)] MSPL::OnSpeedLimitChange({this=00002CCC001B6D40}, {new_limit=56})
[12152:11456:0516/014337.408:VERBOSE1:media_stream_manager.cc(1533)] MSPL::OnSpeedLimitChange({this=00002CCC001B6D40}, {new_limit=54})
[12152:11456:0516/014338.409:VERBOSE1:media_stream_manager.cc(1533)] MSPL::OnSpeedLimitChange({this=00002CCC001B6D40}, {new_limit=52})
[12152:11456:0516/014339.407:VERBOSE1:media_stream_manager.cc(1533)] MSPL::OnSpeedLimitChange({this=00002CCC001B6D40}, {new_limit=49})
[12152:11456:0516/014341.407:VERBOSE1:media_stream_manager.cc(1533)] MSPL::OnSpeedLimitChange({this=00002CCC001B6D40}, {new_limit=48})
[12152:11456:0516/014343.407:VERBOSE1:media_stream_manager.cc(1533)] MSPL::OnSpeedLimitChange({this=00002CCC001B6D40}, {new_limit=47})
[12152:11456:0516/014344.407:VERBOSE1:media_stream_manager.cc(1533)] MSPL::OnSpeedLimitChange({this=00002CCC001B6D40}, {new_limit=45})
[12152:11456:0516/014345.406:VERBOSE1:media_stream_manager.cc(1533)] MSPL::OnSpeedLimitChange({this=00002CCC001B6D40}, {new_limit=43})
[12152:11456:0516/014348.409:VERBOSE1:media_stream_manager.cc(1533)] MSPL::OnSpeedLimitChange({this=00002CCC001B6D40}, {new_limit=44})
[12152:11456:0516/014349.407:VERBOSE1:media_stream_manager.cc(1533)] MSPL::OnSpeedLimitChange({this=00002CCC001B6D40}, {new_limit=43})
[12152:11456:0516/014351.409:VERBOSE1:media_stream_manager.cc(1533)] MSPL::OnSpeedLimitChange({this=00002CCC001B6D40}, {new_limit=47})
[12152:11456:0516/014352.410:VERBOSE1:media_stream_manager.cc(1533)] MSPL::OnSpeedLimitChange({this=00002CCC001B6D40}, {new_limit=48})
[12152:11456:0516/014353.411:VERBOSE1:media_stream_manager.cc(1533)] MSPL::OnSpeedLimitChange({this=00002CCC001B6D40}, {new_limit=51})
[12152:11456:0516/014354.408:VERBOSE1:media_stream_manager.cc(1533)] MSPL::OnSpeedLimitChange({this=00002CCC001B6D40}, {new_limit=55})
[12152:11456:0516/014355.410:VERBOSE1:media_stream_manager.cc(1533)] MSPL::OnSpeedLimitChange({this=00002CCC001B6D40}, {new_limit=60})
[12152:11456:0516/014356.410:VERBOSE1:media_stream_manager.cc(1533)] MSPL::OnSpeedLimitChange({this=00002CCC001B6D40}, {new_limit=100})
[5404:1368:0516/014422.746:VERBOSE1:network_delegate.cc(36)] NetworkDelegate::NotifyBeforeURLRequest: https://optimizationguide-pa.googleapis.com/v1:GetModels?key=dummytoken
[5404:1368:0516/014422.797:VERBOSE1:tls_handshaker.cc(105)] TlsClient: Continuing handshake
[5404:1368:0516/014422.798:VERBOSE1:tls_handshaker.cc(126)] TlsClient: SSL_do_handshake returned when entering early data. After retry, rv=-1, SSL_in_early_data=1
[5404:1368:0516/014422.843:VERBOSE1:tls_handshaker.cc(105)] TlsClient: Continuing handshake
[5404:1368:0516/014422.843:VERBOSE1:tls_handshaker.cc(105)] TlsClient: Continuing handshake
[5404:1368:0516/014422.843:VERBOSE1:tls_client_handshaker.cc(528)] Client: handshake finished
[12152:11456:0516/014428.415:VERBOSE1:media_stream_manager.cc(1533)] MSPL::OnSpeedLimitChange({this=00002CCC001B6D40}, {new_limit=82})
[12152:11456:0516/014435.413:VERBOSE1:media_stream_manager.cc(1533)] MSPL::OnSpeedLimitChange({this=00002CCC001B6D40}, {new_limit=84})
[12152:11456:0516/014436.414:VERBOSE1:media_stream_manager.cc(1533)] MSPL::OnSpeedLimitChange({this=00002CCC001B6D40}, {new_limit=82})
[12152:11456:0516/014437.415:VERBOSE1:media_stream_manager.cc(1533)] MSPL::OnSpeedLimitChange({this=00002CCC001B6D40}, {new_limit=100})
[5404:1368:0516/014702.770:VERBOSE1:network_delegate.cc(36)] NetworkDelegate::NotifyBeforeURLRequest: https://optimizationguide-pa.googleapis.com/v1:GetModels?key=dummytoken
[5404:1368:0516/014702.791:VERBOSE1:tls_handshaker.cc(105)] TlsClient: Continuing handshake
[5404:1368:0516/014702.792:VERBOSE1:tls_handshaker.cc(126)] TlsClient: SSL_do_handshake returned when entering early data. After retry, rv=-1, SSL_in_early_data=1
[5404:1368:0516/014702.836:VERBOSE1:tls_handshaker.cc(105)] TlsClient: Continuing handshake
[5404:1368:0516/014702.836:VERBOSE1:tls_handshaker.cc(105)] TlsClient: Continuing handshake
[5404:1368:0516/014702.836:VERBOSE1:tls_client_handshaker.cc(528)] Client: handshake finished
[5404:1368:0516/014953.464:VERBOSE1:network_delegate.cc(36)] NetworkDelegate::NotifyBeforeURLRequest: https://optimizationguide-pa.googleapis.com/v1:GetModels?key=dummytoken
[5404:1368:0516/014953.515:VERBOSE1:tls_handshaker.cc(105)] TlsClient: Continuing handshake
[5404:1368:0516/014953.516:VERBOSE1:tls_handshaker.cc(126)] TlsClient: SSL_do_handshake returned when entering early data. After retry, rv=-1, SSL_in_early_data=1
[5404:1368:0516/014953.565:VERBOSE1:tls_handshaker.cc(105)] TlsClient: Continuing handshake
[5404:1368:0516/014953.565:VERBOSE1:tls_handshaker.cc(105)] TlsClient: Continuing handshake
[5404:1368:0516/014953.565:VERBOSE1:tls_client_handshaker.cc(528)] Client: handshake finished
[12152:11456:0516/015007.800:VERBOSE1:media_stream_manager.cc(1533)] MSPL::OnSpeedLimitChange({this=00002CCC001B6D40}, {new_limit=43})
[12152:11456:0516/015010.800:VERBOSE1:media_stream_manager.cc(1533)] MSPL::OnSpeedLimitChange({this=00002CCC001B6D40}, {new_limit=46})
[12152:11456:0516/015011.800:VERBOSE1:media_stream_manager.cc(1533)] MSPL::OnSpeedLimitChange({this=00002CCC001B6D40}, {new_limit=47})
[12152:11456:0516/015012.799:VERBOSE1:media_stream_manager.cc(1533)] MSPL::OnSpeedLimitChange({this=00002CCC001B6D40}, {new_limit=50})
[12152:11456:0516/015013.799:VERBOSE1:media_stream_manager.cc(1533)] MSPL::OnSpeedLimitChange({this=00002CCC001B6D40}, {new_limit=54})
[12152:11456:0516/015014.799:VERBOSE1:media_stream_manager.cc(1533)] MSPL::OnSpeedLimitChange({this=00002CCC001B6D40}, {new_limit=100})
[12152:15228:0516/015146.574:VERBOSE1:device_event_log_impl.cc(198)] [01:51:46.574] Display: EVENT: screen_win.cc:893 Displays updated, count: 2
[12152:15228:0516/015146.574:VERBOSE1:device_event_log_impl.cc(198)] [01:51:46.574] Display: EVENT: screen_win.cc:895 Display[1552941674] bounds=[1360,0 1366x768], workarea=[1360,0 1366x720], scale=1, rotation=0, panel_rotation=0 external detected
[12152:15228:0516/015146.574:VERBOSE1:device_event_log_impl.cc(198)] [01:51:46.575] Display: EVENT: screen_win.cc:895 Display[3336287498] bounds=[0,0 1360x768], workarea=[0,0 1360x720], scale=1, rotation=0, panel_rotation=0 external detected
[12152:11456:0516/015152.869:VERBOSE1:media_stream_manager.cc(1533)] MSPL::OnSpeedLimitChange({this=00002CCC001B6D40}, {new_limit=37})
[12152:11456:0516/015153.872:VERBOSE1:media_stream_manager.cc(1533)] MSPL::OnSpeedLimitChange({this=00002CCC001B6D40}, {new_limit=35})
[12152:11456:0516/015158.872:VERBOSE1:media_stream_manager.cc(1533)] MSPL::OnSpeedLimitChange({this=00002CCC001B6D40}, {new_limit=39})
[12152:11456:0516/015159.872:VERBOSE1:media_stream_manager.cc(1533)] MSPL::OnSpeedLimitChange({this=00002CCC001B6D40}, {new_limit=100})
[12152:11456:0516/015211.879:VERBOSE1:media_stream_manager.cc(1533)] MSPL::OnSpeedLimitChange({this=00002CCC001B6D40}, {new_limit=55})
[12152:11456:0516/015212.880:VERBOSE1:media_stream_manager.cc(1533)] MSPL::OnSpeedLimitChange({this=00002CCC001B6D40}, {new_limit=53})
[12152:11456:0516/015213.882:VERBOSE1:media_stream_manager.cc(1533)] MSPL::OnSpeedLimitChange({this=00002CCC001B6D40}, {new_limit=50})
[12152:11456:0516/015215.878:VERBOSE1:media_stream_manager.cc(1533)] MSPL::OnSpeedLimitChange({this=00002CCC001B6D40}, {new_limit=48})
[12152:11456:0516/015216.878:VERBOSE1:media_stream_manager.cc(1533)] MSPL::OnSpeedLimitChange({this=00002CCC001B6D40}, {new_limit=53})
[12152:11456:0516/015217.878:VERBOSE1:media_stream_manager.cc(1533)] MSPL::OnSpeedLimitChange({this=00002CCC001B6D40}, {new_limit=57})
[12152:11456:0516/015218.881:VERBOSE1:media_stream_manager.cc(1533)] MSPL::OnSpeedLimitChange({this=00002CCC001B6D40}, {new_limit=59})
[12152:11456:0516/015219.877:VERBOSE1:media_stream_manager.cc(1533)] MSPL::OnSpeedLimitChange({this=00002CCC001B6D40}, {new_limit=57})
[12152:11456:0516/015222.877:VERBOSE1:media_stream_manager.cc(1533)] MSPL::OnSpeedLimitChange({this=00002CCC001B6D40}, {new_limit=59})
[12152:11456:0516/015225.883:VERBOSE1:media_stream_manager.cc(1533)] MSPL::OnSpeedLimitChange({this=00002CCC001B6D40}, {new_limit=56})
[12152:11456:0516/015226.886:VERBOSE1:media_stream_manager.cc(1533)] MSPL::OnSpeedLimitChange({this=00002CCC001B6D40}, {new_limit=54})
[12152:11456:0516/015227.881:VERBOSE1:media_stream_manager.cc(1533)] MSPL::OnSpeedLimitChange({this=00002CCC001B6D40}, {new_limit=56})
[12152:11456:0516/015228.888:VERBOSE1:media_stream_manager.cc(1533)] MSPL::OnSpeedLimitChange({this=00002CCC001B6D40}, {new_limit=54})
[12152:11456:0516/015229.887:VERBOSE1:media_stream_manager.cc(1533)] MSPL::OnSpeedLimitChange({this=00002CCC001B6D40}, {new_limit=53})
[12152:11456:0516/015231.882:VERBOSE1:media_stream_manager.cc(1533)] MSPL::OnSpeedLimitChange({this=00002CCC001B6D40}, {new_limit=54})
[12152:11456:0516/015232.884:VERBOSE1:media_stream_manager.cc(1533)] MSPL::OnSpeedLimitChange({this=00002CCC001B6D40}, {new_limit=56})
[12152:11456:0516/015233.884:VERBOSE1:media_stream_manager.cc(1533)] MSPL::OnSpeedLimitChange({this=00002CCC001B6D40}, {new_limit=60})
[5404:1368:0516/015234.552:VERBOSE1:network_delegate.cc(36)] NetworkDelegate::NotifyBeforeURLRequest: https://optimizationguide-pa.googleapis.com/v1:GetModels?key=dummytoken
[5404:1368:0516/015234.568:VERBOSE1:tls_handshaker.cc(105)] TlsClient: Continuing handshake
[5404:1368:0516/015234.568:VERBOSE1:tls_handshaker.cc(126)] TlsClient: SSL_do_handshake returned when entering early data. After retry, rv=-1, SSL_in_early_data=1
[5404:1368:0516/015234.617:VERBOSE1:tls_handshaker.cc(105)] TlsClient: Continuing handshake
[5404:1368:0516/015234.617:VERBOSE1:tls_handshaker.cc(105)] TlsClient: Continuing handshake
[5404:1368:0516/015234.617:VERBOSE1:tls_client_handshaker.cc(528)] Client: handshake finished
[12152:11456:0516/015234.884:VERBOSE1:media_stream_manager.cc(1533)] MSPL::OnSpeedLimitChange({this=00002CCC001B6D40}, {new_limit=63})
[12152:11456:0516/015235.883:VERBOSE1:media_stream_manager.cc(1533)] MSPL::OnSpeedLimitChange({this=00002CCC001B6D40}, {new_limit=65})
[12152:11456:0516/015237.885:VERBOSE1:media_stream_manager.cc(1533)] MSPL::OnSpeedLimitChange({this=00002CCC001B6D40}, {new_limit=63})
[12152:11456:0516/015238.885:VERBOSE1:media_stream_manager.cc(1533)] MSPL::OnSpeedLimitChange({this=00002CCC001B6D40}, {new_limit=66})
[12152:11456:0516/015240.888:VERBOSE1:media_stream_manager.cc(1533)] MSPL::OnSpeedLimitChange({this=00002CCC001B6D40}, {new_limit=65})
[12152:11456:0516/015241.889:VERBOSE1:media_stream_manager.cc(1533)] MSPL::OnSpeedLimitChange({this=00002CCC001B6D40}, {new_limit=61})
[12152:11456:0516/015242.889:VERBOSE1:media_stream_manager.cc(1533)] MSPL::OnSpeedLimitChange({this=00002CCC001B6D40}, {new_limit=59})
[12152:11456:0516/015243.890:VERBOSE1:media_stream_manager.cc(1533)] MSPL::OnSpeedLimitChange({this=00002CCC001B6D40}, {new_limit=58})
[12152:11456:0516/015244.891:VERBOSE1:media_stream_manager.cc(1533)] MSPL::OnSpeedLimitChange({this=00002CCC001B6D40}, {new_limit=56})
[12152:11456:0516/015245.889:VERBOSE1:media_stream_manager.cc(1533)] MSPL::OnSpeedLimitChange({this=00002CCC001B6D40}, {new_limit=57})
[12152:11456:0516/015248.888:VERBOSE1:media_stream_manager.cc(1533)] MSPL::OnSpeedLimitChange({this=00002CCC001B6D40}, {new_limit=59})
[12152:11456:0516/015249.889:VERBOSE1:media_stream_manager.cc(1533)] MSPL::OnSpeedLimitChange({this=00002CCC001B6D40}, {new_limit=100})
[12152:15228:0516/015320.022:VERBOSE1:device_event_log_impl.cc(198)] [01:53:20.021] Display: EVENT: screen_win.cc:893 Displays updated, count: 2
[12152:15228:0516/015320.022:VERBOSE1:device_event_log_impl.cc(198)] [01:53:20.022] Display: EVENT: screen_win.cc:895 Display[1552941674] bounds=[1360,0 1366x768], workarea=[1360,0 1366x720], scale=1, rotation=0, panel_rotation=0 external detected
[12152:15228:0516/015320.022:VERBOSE1:device_event_log_impl.cc(198)] [01:53:20.022] Display: EVENT: screen_win.cc:895 Display[3336287498] bounds=[0,0 1360x768], workarea=[0,0 1360x720], scale=1, rotation=0, panel_rotation=0 external detected
[12152:15228:0516/015332.776:VERBOSE1:device_event_log_impl.cc(198)] [01:53:32.777] Display: EVENT: screen_win.cc:893 Displays updated, count: 2
[12152:15228:0516/015332.776:VERBOSE1:device_event_log_impl.cc(198)] [01:53:32.777] Display: EVENT: screen_win.cc:895 Display[1552941674] bounds=[1360,0 1366x768], workarea=[1360,0 1366x720], scale=1, rotation=0, panel_rotation=0 external detected
[12152:15228:0516/015332.776:VERBOSE1:device_event_log_impl.cc(198)] [01:53:32.777] Display: EVENT: screen_win.cc:895 Display[3336287498] bounds=[0,0 1360x768], workarea=[0,0 1360x720], scale=1, rotation=0, panel_rotation=0 external detected
[12152:11456:0516/015341.811:VERBOSE1:media_stream_manager.cc(1533)] MSPL::OnSpeedLimitChange({this=00002CCC001B6D40}, {new_limit=43})
[12152:11456:0516/015342.880:VERBOSE1:media_stream_manager.cc(1533)] MSPL::OnSpeedLimitChange({this=00002CCC001B6D40}, {new_limit=41})
[12152:11456:0516/015343.818:VERBOSE1:media_stream_manager.cc(1533)] MSPL::OnSpeedLimitChange({this=00002CCC001B6D40}, {new_limit=38})
[12152:11456:0516/015344.813:VERBOSE1:media_stream_manager.cc(1533)] MSPL::OnSpeedLimitChange({this=00002CCC001B6D40}, {new_limit=39})
[12152:11456:0516/015348.815:VERBOSE1:media_stream_manager.cc(1533)] MSPL::OnSpeedLimitChange({this=00002CCC001B6D40}, {new_limit=38})
[12152:11456:0516/015351.845:VERBOSE1:media_stream_manager.cc(1533)] MSPL::OnSpeedLimitChange({this=00002CCC001B6D40}, {new_limit=36})
[12152:11456:0516/015354.876:VERBOSE1:media_stream_manager.cc(1533)] MSPL::OnSpeedLimitChange({this=00002CCC001B6D40}, {new_limit=35})
[12152:11456:0516/015356.810:VERBOSE1:media_stream_manager.cc(1533)] MSPL::OnSpeedLimitChange({this=00002CCC001B6D40}, {new_limit=36})
[12152:11456:0516/015357.848:VERBOSE1:media_stream_manager.cc(1533)] MSPL::OnSpeedLimitChange({this=00002CCC001B6D40}, {new_limit=38})
[12152:11456:0516/015359.835:VERBOSE1:media_stream_manager.cc(1533)] MSPL::OnSpeedLimitChange({this=00002CCC001B6D40}, {new_limit=42})
[12152:11456:0516/015400.835:VERBOSE1:media_stream_manager.cc(1533)] MSPL::OnSpeedLimitChange({this=00002CCC001B6D40}, {new_limit=46})
[12152:11456:0516/015401.826:VERBOSE1:media_stream_manager.cc(1533)] MSPL::OnSpeedLimitChange({this=00002CCC001B6D40}, {new_limit=48})
[12152:11456:0516/015402.879:VERBOSE1:media_stream_manager.cc(1533)] MSPL::OnSpeedLimitChange({this=00002CCC001B6D40}, {new_limit=53})
[12152:11456:0516/015404.860:VERBOSE1:media_stream_manager.cc(1533)] MSPL::OnSpeedLimitChange({this=00002CCC001B6D40}, {new_limit=54})
[12152:11456:0516/015405.947:VERBOSE1:media_stream_manager.cc(1533)] MSPL::OnSpeedLimitChange({this=00002CCC001B6D40}, {new_limit=100})
[12152:11456:0516/015422.865:VERBOSE1:media_stream_manager.cc(1533)] MSPL::OnSpeedLimitChange({this=00002CCC001B6D40}, {new_limit=64})
[12152:11456:0516/015423.945:VERBOSE1:media_stream_manager.cc(1533)] MSPL::OnSpeedLimitChange({this=00002CCC001B6D40}, {new_limit=63})
[12152:11456:0516/015424.861:VERBOSE1:media_stream_manager.cc(1533)] MSPL::OnSpeedLimitChange({this=00002CCC001B6D40}, {new_limit=68})
[12152:11456:0516/015425.875:VERBOSE1:media_stream_manager.cc(1533)] MSPL::OnSpeedLimitChange({this=00002CCC001B6D40}, {new_limit=64})
[12152:11456:0516/015427.865:VERBOSE1:media_stream_manager.cc(1533)] MSPL::OnSpeedLimitChange({this=00002CCC001B6D40}, {new_limit=62})
[12152:11456:0516/015428.842:VERBOSE1:media_stream_manager.cc(1533)] MSPL::OnSpeedLimitChange({this=00002CCC001B6D40}, {new_limit=57})
[12152:11456:0516/015430.909:VERBOSE1:media_stream_manager.cc(1533)] MSPL::OnSpeedLimitChange({this=00002CCC001B6D40}, {new_limit=54})
[12152:11456:0516/015431.968:VERBOSE1:media_stream_manager.cc(1533)] MSPL::OnSpeedLimitChange({this=00002CCC001B6D40}, {new_limit=49})
[12152:11456:0516/015433.056:VERBOSE1:media_stream_manager.cc(1533)] MSPL::OnSpeedLimitChange({this=00002CCC001B6D40}, {new_limit=46})
[12152:11456:0516/015433.899:VERBOSE1:media_stream_manager.cc(1533)] MSPL::OnSpeedLimitChange({this=00002CCC001B6D40}, {new_limit=45})
[12152:11456:0516/015435.904:VERBOSE1:media_stream_manager.cc(1533)] MSPL::OnSpeedLimitChange({this=00002CCC001B6D40}, {new_limit=48})
[12152:11456:0516/015436.906:VERBOSE1:media_stream_manager.cc(1533)] MSPL::OnSpeedLimitChange({this=00002CCC001B6D40}, {new_limit=52})
[12152:11456:0516/015437.838:VERBOSE1:media_stream_manager.cc(1533)] MSPL::OnSpeedLimitChange({this=00002CCC001B6D40}, {new_limit=53})
[12152:11456:0516/015438.884:VERBOSE1:media_stream_manager.cc(1533)] MSPL::OnSpeedLimitChange({this=00002CCC001B6D40}, {new_limit=58})
[12152:11456:0516/015439.847:VERBOSE1:media_stream_manager.cc(1533)] MSPL::OnSpeedLimitChange({this=00002CCC001B6D40}, {new_limit=62})
[12152:11456:0516/015440.916:VERBOSE1:media_stream_manager.cc(1533)] MSPL::OnSpeedLimitChange({this=00002CCC001B6D40}, {new_limit=63})
[12152:11456:0516/015441.915:VERBOSE1:media_stream_manager.cc(1533)] MSPL::OnSpeedLimitChange({this=00002CCC001B6D40}, {new_limit=64})
[12152:11456:0516/015442.901:VERBOSE1:media_stream_manager.cc(1533)] MSPL::OnSpeedLimitChange({this=00002CCC001B6D40}, {new_limit=67})
[12152:11456:0516/015443.864:VERBOSE1:media_stream_manager.cc(1533)] MSPL::OnSpeedLimitChange({this=00002CCC001B6D40}, {new_limit=70})
[12152:11456:0516/015444.859:VERBOSE1:media_stream_manager.cc(1533)] MSPL::OnSpeedLimitChange({this=00002CCC001B6D40}, {new_limit=66})
[12152:11456:0516/015445.868:VERBOSE1:media_stream_manager.cc(1533)] MSPL::OnSpeedLimitChange({this=00002CCC001B6D40}, {new_limit=63})
[12152:11456:0516/015446.865:VERBOSE1:media_stream_manager.cc(1533)] MSPL::OnSpeedLimitChange({this=00002CCC001B6D40}, {new_limit=64})
[12152:11456:0516/015447.871:VERBOSE1:media_stream_manager.cc(1533)] MSPL::OnSpeedLimitChange({this=00002CCC001B6D40}, {new_limit=100})
[12152:11456:0516/015514.884:VERBOSE1:media_stream_manager.cc(1533)] MSPL::OnSpeedLimitChange({this=00002CCC001B6D40}, {new_limit=67})
[12152:11456:0516/015516.941:VERBOSE1:media_stream_manager.cc(1533)] MSPL::OnSpeedLimitChange({this=00002CCC001B6D40}, {new_limit=66})
[12152:11456:0516/015517.936:VERBOSE1:media_stream_manager.cc(1533)] MSPL::OnSpeedLimitChange({this=00002CCC001B6D40}, {new_limit=100})
[5404:1368:0516/015531.735:VERBOSE1:network_delegate.cc(36)] NetworkDelegate::NotifyBeforeURLRequest: https://optimizationguide-pa.googleapis.com/v1:GetModels?key=dummytoken
[5404:1368:0516/015531.786:VERBOSE1:tls_handshaker.cc(105)] TlsClient: Continuing handshake
[5404:1368:0516/015531.786:VERBOSE1:tls_handshaker.cc(126)] TlsClient: SSL_do_handshake returned when entering early data. After retry, rv=-1, SSL_in_early_data=1
[5404:1368:0516/015531.836:VERBOSE1:tls_handshaker.cc(105)] TlsClient: Continuing handshake
[5404:1368:0516/015531.836:VERBOSE1:tls_handshaker.cc(105)] TlsClient: Continuing handshake
[5404:1368:0516/015531.836:VERBOSE1:tls_client_handshaker.cc(528)] Client: handshake finished
[12152:11456:0516/015544.890:VERBOSE1:media_stream_manager.cc(1533)] MSPL::OnSpeedLimitChange({this=00002CCC001B6D40}, {new_limit=65})
[12152:11456:0516/015546.954:VERBOSE1:media_stream_manager.cc(1533)] MSPL::OnSpeedLimitChange({this=00002CCC001B6D40}, {new_limit=62})
[12152:11456:0516/015547.892:VERBOSE1:media_stream_manager.cc(1533)] MSPL::OnSpeedLimitChange({this=00002CCC001B6D40}, {new_limit=100})
[12152:11456:0516/015610.942:VERBOSE1:media_stream_manager.cc(1533)] MSPL::OnSpeedLimitChange({this=00002CCC001B6D40}, {new_limit=61})
[12152:11456:0516/015611.937:VERBOSE1:media_stream_manager.cc(1533)] MSPL::OnSpeedLimitChange({this=00002CCC001B6D40}, {new_limit=62})
[12152:11456:0516/015612.948:VERBOSE1:media_stream_manager.cc(1533)] MSPL::OnSpeedLimitChange({this=00002CCC001B6D40}, {new_limit=58})
[12152:11456:0516/015613.956:VERBOSE1:media_stream_manager.cc(1533)] MSPL::OnSpeedLimitChange({this=00002CCC001B6D40}, {new_limit=54})
[12152:11456:0516/015614.954:VERBOSE1:media_stream_manager.cc(1533)] MSPL::OnSpeedLimitChange({this=00002CCC001B6D40}, {new_limit=53})
[12152:11456:0516/015615.935:VERBOSE1:media_stream_manager.cc(1533)] MSPL::OnSpeedLimitChange({this=00002CCC001B6D40}, {new_limit=54})
[12152:11456:0516/015617.011:VERBOSE1:media_stream_manager.cc(1533)] MSPL::OnSpeedLimitChange({this=00002CCC001B6D40}, {new_limit=53})
[12152:11456:0516/015617.989:VERBOSE1:media_stream_manager.cc(1533)] MSPL::OnSpeedLimitChange({this=00002CCC001B6D40}, {new_limit=100})
[12152:11456:0516/015651.007:VERBOSE1:media_stream_manager.cc(1533)] MSPL::OnSpeedLimitChange({this=00002CCC001B6D40}, {new_limit=55})
[12152:11456:0516/015652.000:VERBOSE1:media_stream_manager.cc(1533)] MSPL::OnSpeedLimitChange({this=00002CCC001B6D40}, {new_limit=54})
[12152:11456:0516/015653.010:VERBOSE1:media_stream_manager.cc(1533)] MSPL::OnSpeedLimitChange({this=00002CCC001B6D40}, {new_limit=53})
[12152:11456:0516/015654.016:VERBOSE1:media_stream_manager.cc(1533)] MSPL::OnSpeedLimitChange({this=00002CCC001B6D40}, {new_limit=55})
[12152:11456:0516/015655.033:VERBOSE1:media_stream_manager.cc(1533)] MSPL::OnSpeedLimitChange({this=00002CCC001B6D40}, {new_limit=54})
[12152:11456:0516/015656.032:VERBOSE1:media_stream_manager.cc(1533)] MSPL::OnSpeedLimitChange({this=00002CCC001B6D40}, {new_limit=51})
[12152:11456:0516/015656.969:VERBOSE1:media_stream_manager.cc(1533)] MSPL::OnSpeedLimitChange({this=00002CCC001B6D40}, {new_limit=53})
[12152:11456:0516/015657.994:VERBOSE1:media_stream_manager.cc(1533)] MSPL::OnSpeedLimitChange({this=00002CCC001B6D40}, {new_limit=58})
[12152:11456:0516/015659.958:VERBOSE1:media_stream_manager.cc(1533)] MSPL::OnSpeedLimitChange({this=00002CCC001B6D40}, {new_limit=63})
[12152:11456:0516/015700.978:VERBOSE1:media_stream_manager.cc(1533)] MSPL::OnSpeedLimitChange({this=00002CCC001B6D40}, {new_limit=100})
[12152:11456:0516/015728.994:VERBOSE1:media_stream_manager.cc(1533)] MSPL::OnSpeedLimitChange({this=00002CCC001B6D40}, {new_limit=77})
[12152:11456:0516/015729.994:VERBOSE1:media_stream_manager.cc(1533)] MSPL::OnSpeedLimitChange({this=00002CCC001B6D40}, {new_limit=76})
[12152:11456:0516/015730.987:VERBOSE1:media_stream_manager.cc(1533)] MSPL::OnSpeedLimitChange({this=00002CCC001B6D40}, {new_limit=75})
[12152:11456:0516/015732.006:VERBOSE1:media_stream_manager.cc(1533)] MSPL::OnSpeedLimitChange({this=00002CCC001B6D40}, {new_limit=73})
[12152:11456:0516/015733.038:VERBOSE1:media_stream_manager.cc(1533)] MSPL::OnSpeedLimitChange({this=00002CCC001B6D40}, {new_limit=72})
[12152:11456:0516/015734.026:VERBOSE1:media_stream_manager.cc(1533)] MSPL::OnSpeedLimitChange({this=00002CCC001B6D40}, {new_limit=71})
[12152:11456:0516/015735.018:VERBOSE1:media_stream_manager.cc(1533)] MSPL::OnSpeedLimitChange({this=00002CCC001B6D40}, {new_limit=67})
[12152:11456:0516/015736.050:VERBOSE1:media_stream_manager.cc(1533)] MSPL::OnSpeedLimitChange({this=00002CCC001B6D40}, {new_limit=100})
[12152:11456:0516/015746.016:VERBOSE1:media_stream_manager.cc(1533)] MSPL::OnSpeedLimitChange({this=00002CCC001B6D40}, {new_limit=47})
[12152:11456:0516/015747.217:VERBOSE1:media_stream_manager.cc(1533)] MSPL::OnSpeedLimitChange({this=00002CCC001B6D40}, {new_limit=45})
[12152:11456:0516/015748.210:VERBOSE1:media_stream_manager.cc(1533)] MSPL::OnSpeedLimitChange({this=00002CCC001B6D40}, {new_limit=44})
[12152:11456:0516/015749.227:VERBOSE1:media_stream_manager.cc(1533)] MSPL::OnSpeedLimitChange({this=00002CCC001B6D40}, {new_limit=100})
[12152:15228:0516/015749.950:VERBOSE1:device_event_log_impl.cc(198)] [01:57:49.950] Display: EVENT: screen_win.cc:893 Displays updated, count: 2
[12152:15228:0516/015749.950:VERBOSE1:device_event_log_impl.cc(198)] [01:57:49.951] Display: EVENT: screen_win.cc:895 Display[1552941674] bounds=[1360,0 1366x768], workarea=[1360,0 1366x720], scale=1, rotation=0, panel_rotation=0 external detected
[12152:15228:0516/015749.952:VERBOSE1:device_event_log_impl.cc(198)] [01:57:49.951] Display: EVENT: screen_win.cc:895 Display[3336287498] bounds=[0,0 1360x768], workarea=[0,0 1360x720], scale=1, rotation=0, panel_rotation=0 external detected
[12152:11456:0516/015759.089:VERBOSE1:media_stream_manager.cc(1533)] MSPL::OnSpeedLimitChange({this=00002CCC001B6D40}, {new_limit=35})
[12152:11456:0516/015800.060:VERBOSE1:media_stream_manager.cc(1533)] MSPL::OnSpeedLimitChange({this=00002CCC001B6D40}, {new_limit=34})
[12152:11456:0516/015809.098:VERBOSE1:media_stream_manager.cc(1533)] MSPL::OnSpeedLimitChange({this=00002CCC001B6D40}, {new_limit=36})
[12152:11456:0516/015815.137:VERBOSE1:media_stream_manager.cc(1533)] MSPL::OnSpeedLimitChange({this=00002CCC001B6D40}, {new_limit=35})
[12152:11456:0516/015819.064:VERBOSE1:media_stream_manager.cc(1533)] MSPL::OnSpeedLimitChange({this=00002CCC001B6D40}, {new_limit=34})
[5404:1368:0516/015827.547:VERBOSE1:network_delegate.cc(36)] NetworkDelegate::NotifyBeforeURLRequest: https://optimizationguide-pa.googleapis.com/v1:GetModels?key=dummytoken
[5404:1368:0516/015827.599:VERBOSE1:tls_handshaker.cc(105)] TlsClient: Continuing handshake
[5404:1368:0516/015827.600:VERBOSE1:tls_handshaker.cc(126)] TlsClient: SSL_do_handshake returned when entering early data. After retry, rv=-1, SSL_in_early_data=1
[5404:1368:0516/015827.645:VERBOSE1:tls_handshaker.cc(105)] TlsClient: Continuing handshake
[5404:1368:0516/015827.646:VERBOSE1:tls_handshaker.cc(105)] TlsClient: Continuing handshake
[5404:1368:0516/015827.646:VERBOSE1:tls_client_handshaker.cc(528)] Client: handshake finished
[12152:11456:0516/015845.198:VERBOSE1:media_stream_manager.cc(1533)] MSPL::OnSpeedLimitChange({this=00002CCC001B6D40}, {new_limit=36})
[12152:11456:0516/015855.122:VERBOSE1:media_stream_manager.cc(1533)] MSPL::OnSpeedLimitChange({this=00002CCC001B6D40}, {new_limit=34})
[12152:11456:0516/015901.088:VERBOSE1:media_stream_manager.cc(1533)] MSPL::OnSpeedLimitChange({this=00002CCC001B6D40}, {new_limit=36})
[12152:11456:0516/015902.215:VERBOSE1:media_stream_manager.cc(1533)] MSPL::OnSpeedLimitChange({this=00002CCC001B6D40}, {new_limit=37})
[12152:11456:0516/015908.171:VERBOSE1:media_stream_manager.cc(1533)] MSPL::OnSpeedLimitChange({this=00002CCC001B6D40}, {new_limit=38})
[12152:11456:0516/015911.254:VERBOSE1:media_stream_manager.cc(1533)] MSPL::OnSpeedLimitChange({this=00002CCC001B6D40}, {new_limit=36})
[12152:11456:0516/015912.261:VERBOSE1:media_stream_manager.cc(1533)] MSPL::OnSpeedLimitChange({this=00002CCC001B6D40}, {new_limit=35})
[12152:11456:0516/015914.255:VERBOSE1:media_stream_manager.cc(1533)] MSPL::OnSpeedLimitChange({this=00002CCC001B6D40}, {new_limit=36})
[12152:11456:0516/015917.256:VERBOSE1:media_stream_manager.cc(1533)] MSPL::OnSpeedLimitChange({this=00002CCC001B6D40}, {new_limit=41})
[12152:11456:0516/015918.257:VERBOSE1:media_stream_manager.cc(1533)] MSPL::OnSpeedLimitChange({this=00002CCC001B6D40}, {new_limit=39})
[12152:11456:0516/015919.256:VERBOSE1:media_stream_manager.cc(1533)] MSPL::OnSpeedLimitChange({this=00002CCC001B6D40}, {new_limit=44})
[12152:11456:0516/015920.256:VERBOSE1:media_stream_manager.cc(1533)] MSPL::OnSpeedLimitChange({this=00002CCC001B6D40}, {new_limit=46})
[12152:11456:0516/015921.256:VERBOSE1:media_stream_manager.cc(1533)] MSPL::OnSpeedLimitChange({this=00002CCC001B6D40}, {new_limit=48})
[12152:11456:0516/015922.261:VERBOSE1:media_stream_manager.cc(1533)] MSPL::OnSpeedLimitChange({this=00002CCC001B6D40}, {new_limit=100})
[12152:15228:0516/015923.992:VERBOSE1:device_event_log_impl.cc(198)] [01:59:23.992] Display: EVENT: screen_win.cc:893 Displays updated, count: 2
[12152:15228:0516/015923.992:VERBOSE1:device_event_log_impl.cc(198)] [01:59:23.992] Display: EVENT: screen_win.cc:895 Display[1552941674] bounds=[1360,0 1366x768], workarea=[1360,0 1366x720], scale=1, rotation=0, panel_rotation=0 external detected
[12152:15228:0516/015923.992:VERBOSE1:device_event_log_impl.cc(198)] [01:59:23.992] Display: EVENT: screen_win.cc:895 Display[3336287498] bounds=[0,0 1360x768], workarea=[0,0 1360x720], scale=1, rotation=0, panel_rotation=0 external detected
[12152:15228:0516/015927.503:VERBOSE1:device_event_log_impl.cc(198)] [01:59:27.503] Display: EVENT: screen_win.cc:893 Displays updated, count: 2
[12152:15228:0516/015927.503:VERBOSE1:device_event_log_impl.cc(198)] [01:59:27.503] Display: EVENT: screen_win.cc:895 Display[1552941674] bounds=[1360,0 1366x768], workarea=[1360,0 1366x720], scale=1, rotation=0, panel_rotation=0 external detected
[12152:15228:0516/015927.503:VERBOSE1:device_event_log_impl.cc(198)] [01:59:27.503] Display: EVENT: screen_win.cc:895 Display[3336287498] bounds=[0,0 1360x768], workarea=[0,0 1360x720], scale=1, rotation=0, panel_rotation=0 external detected
[12152:15228:0516/015930.783:VERBOSE1:device_event_log_impl.cc(198)] [01:59:30.782] Display: EVENT: screen_win.cc:893 Displays updated, count: 2
[12152:15228:0516/015930.783:VERBOSE1:device_event_log_impl.cc(198)] [01:59:30.783] Display: EVENT: screen_win.cc:895 Display[1552941674] bounds=[1360,0 1366x768], workarea=[1360,0 1366x720], scale=1, rotation=0, panel_rotation=0 external detected
[12152:15228:0516/015930.783:VERBOSE1:device_event_log_impl.cc(198)] [01:59:30.783] Display: EVENT: screen_win.cc:895 Display[3336287498] bounds=[0,0 1360x768], workarea=[0,0 1360x720], scale=1, rotation=0, panel_rotation=0 external detected
[12152:15228:0516/015938.877:VERBOSE1:device_event_log_impl.cc(198)] [01:59:38.877] Display: EVENT: screen_win.cc:893 Displays updated, count: 2
[12152:15228:0516/015938.877:VERBOSE1:device_event_log_impl.cc(198)] [01:59:38.877] Display: EVENT: screen_win.cc:895 Display[1552941674] bounds=[1360,0 1366x768], workarea=[1360,0 1366x720], scale=1, rotation=0, panel_rotation=0 external detected
[12152:15228:0516/015938.877:VERBOSE1:device_event_log_impl.cc(198)] [01:59:38.877] Display: EVENT: screen_win.cc:895 Display[3336287498] bounds=[0,0 1360x768], workarea=[0,0 1360x720], scale=1, rotation=0, panel_rotation=0 external detected
[12152:15228:0516/015943.063:VERBOSE1:device_event_log_impl.cc(198)] [01:59:43.063] Display: EVENT: screen_win.cc:893 Displays updated, count: 2
[12152:15228:0516/015943.063:VERBOSE1:device_event_log_impl.cc(198)] [01:59:43.063] Display: EVENT: screen_win.cc:895 Display[1552941674] bounds=[1360,0 1366x768], workarea=[1360,0 1366x720], scale=1, rotation=0, panel_rotation=0 external detected
[12152:15228:0516/015943.063:VERBOSE1:device_event_log_impl.cc(198)] [01:59:43.063] Display: EVENT: screen_win.cc:895 Display[3336287498] bounds=[0,0 1360x768], workarea=[0,0 1360x720], scale=1, rotation=0, panel_rotation=0 external detected
[12152:15228:0516/015948.964:VERBOSE1:device_event_log_impl.cc(198)] [01:59:48.964] Display: EVENT: screen_win.cc:893 Displays updated, count: 2
[12152:15228:0516/015948.964:VERBOSE1:device_event_log_impl.cc(198)] [01:59:48.964] Display: EVENT: screen_win.cc:895 Display[1552941674] bounds=[1360,0 1366x768], workarea=[1360,0 1366x720], scale=1, rotation=0, panel_rotation=0 external detected
[12152:15228:0516/015948.964:VERBOSE1:device_event_log_impl.cc(198)] [01:59:48.964] Display: EVENT: screen_win.cc:895 Display[3336287498] bounds=[0,0 1360x768], workarea=[0,0 1360x720], scale=1, rotation=0, panel_rotation=0 external detected
[12152:15228:0516/015956.953:VERBOSE1:device_event_log_impl.cc(198)] [01:59:56.953] Display: EVENT: screen_win.cc:893 Displays updated, count: 2
[12152:15228:0516/015956.953:VERBOSE1:device_event_log_impl.cc(198)] [01:59:56.953] Display: EVENT: screen_win.cc:895 Display[1552941674] bounds=[1360,0 1366x768], workarea=[1360,0 1366x720], scale=1, rotation=0, panel_rotation=0 external detected
[12152:15228:0516/015956.953:VERBOSE1:device_event_log_impl.cc(198)] [01:59:56.953] Display: EVENT: screen_win.cc:895 Display[3336287498] bounds=[0,0 1360x768], workarea=[0,0 1360x720], scale=1, rotation=0, panel_rotation=0 external detected
[12152:11456:0516/020006.228:VERBOSE1:media_stream_manager.cc(1533)] MSPL::OnSpeedLimitChange({this=00002CCC001B6D40}, {new_limit=37})
[12152:11456:0516/020007.150:VERBOSE1:media_stream_manager.cc(1533)] MSPL::OnSpeedLimitChange({this=00002CCC001B6D40}, {new_limit=34})
[12152:11456:0516/020013.183:VERBOSE1:media_stream_manager.cc(1533)] MSPL::OnSpeedLimitChange({this=00002CCC001B6D40}, {new_limit=35})
[12152:11456:0516/020014.230:VERBOSE1:media_stream_manager.cc(1533)] MSPL::OnSpeedLimitChange({this=00002CCC001B6D40}, {new_limit=36})
[12152:11456:0516/020017.222:VERBOSE1:media_stream_manager.cc(1533)] MSPL::OnSpeedLimitChange({this=00002CCC001B6D40}, {new_limit=37})
[12152:11456:0516/020018.205:VERBOSE1:media_stream_manager.cc(1533)] MSPL::OnSpeedLimitChange({this=00002CCC001B6D40}, {new_limit=38})
[12152:11456:0516/020023.217:VERBOSE1:media_stream_manager.cc(1533)] MSPL::OnSpeedLimitChange({this=00002CCC001B6D40}, {new_limit=37})
[12152:11456:0516/020024.244:VERBOSE1:media_stream_manager.cc(1533)] MSPL::OnSpeedLimitChange({this=00002CCC001B6D40}, {new_limit=36})
[12152:11456:0516/020027.180:VERBOSE1:media_stream_manager.cc(1533)] MSPL::OnSpeedLimitChange({this=00002CCC001B6D40}, {new_limit=35})
[12152:11456:0516/020028.190:VERBOSE1:media_stream_manager.cc(1533)] MSPL::OnSpeedLimitChange({this=00002CCC001B6D40}, {new_limit=34})
[12152:11456:0516/020029.170:VERBOSE1:media_stream_manager.cc(1533)] MSPL::OnSpeedLimitChange({this=00002CCC001B6D40}, {new_limit=36})
[12152:11456:0516/020030.258:VERBOSE1:media_stream_manager.cc(1533)] MSPL::OnSpeedLimitChange({this=00002CCC001B6D40}, {new_limit=35})
[12152:11456:0516/020032.227:VERBOSE1:media_stream_manager.cc(1533)] MSPL::OnSpeedLimitChange({this=00002CCC001B6D40}, {new_limit=37})
[12152:11456:0516/020033.248:VERBOSE1:media_stream_manager.cc(1533)] MSPL::OnSpeedLimitChange({this=00002CCC001B6D40}, {new_limit=38})
[12152:11456:0516/020036.235:VERBOSE1:media_stream_manager.cc(1533)] MSPL::OnSpeedLimitChange({this=00002CCC001B6D40}, {new_limit=40})
[12152:11456:0516/020039.246:VERBOSE1:media_stream_manager.cc(1533)] MSPL::OnSpeedLimitChange({this=00002CCC001B6D40}, {new_limit=39})
[12152:11456:0516/020040.181:VERBOSE1:media_stream_manager.cc(1533)] MSPL::OnSpeedLimitChange({this=00002CCC001B6D40}, {new_limit=40})
[12152:11456:0516/020041.187:VERBOSE1:media_stream_manager.cc(1533)] MSPL::OnSpeedLimitChange({this=00002CCC001B6D40}, {new_limit=41})
[12152:11456:0516/020042.205:VERBOSE1:media_stream_manager.cc(1533)] MSPL::OnSpeedLimitChange({this=00002CCC001B6D40}, {new_limit=39})
[12152:11456:0516/020043.204:VERBOSE1:media_stream_manager.cc(1533)] MSPL::OnSpeedLimitChange({this=00002CCC001B6D40}, {new_limit=38})
[12152:11456:0516/020046.241:VERBOSE1:media_stream_manager.cc(1533)] MSPL::OnSpeedLimitChange({this=00002CCC001B6D40}, {new_limit=36})
[12152:11456:0516/020050.381:VERBOSE1:media_stream_manager.cc(1533)] MSPL::OnSpeedLimitChange({this=00002CCC001B6D40}, {new_limit=35})
[12152:11456:0516/020051.344:VERBOSE1:media_stream_manager.cc(1533)] MSPL::OnSpeedLimitChange({this=00002CCC001B6D40}, {new_limit=34})
[12152:11456:0516/020053.273:VERBOSE1:media_stream_manager.cc(1533)] MSPL::OnSpeedLimitChange({this=00002CCC001B6D40}, {new_limit=36})
[12152:11456:0516/020056.260:VERBOSE1:media_stream_manager.cc(1533)] MSPL::OnSpeedLimitChange({this=00002CCC001B6D40}, {new_limit=38})
[12152:11456:0516/020058.216:VERBOSE1:media_stream_manager.cc(1533)] MSPL::OnSpeedLimitChange({this=00002CCC001B6D40}, {new_limit=40})
[12152:11456:0516/020059.476:VERBOSE1:media_stream_manager.cc(1533)] MSPL::OnSpeedLimitChange({this=00002CCC001B6D40}, {new_limit=39})
[12152:11456:0516/020102.208:VERBOSE1:media_stream_manager.cc(1533)] MSPL::OnSpeedLimitChange({this=00002CCC001B6D40}, {new_limit=41})
[12152:11456:0516/020103.229:VERBOSE1:media_stream_manager.cc(1533)] MSPL::OnSpeedLimitChange({this=00002CCC001B6D40}, {new_limit=39})
[12152:11456:0516/020104.215:VERBOSE1:media_stream_manager.cc(1533)] MSPL::OnSpeedLimitChange({this=00002CCC001B6D40}, {new_limit=40})
[12152:11456:0516/020106.209:VERBOSE1:media_stream_manager.cc(1533)] MSPL::OnSpeedLimitChange({this=00002CCC001B6D40}, {new_limit=38})
[12152:11456:0516/020108.237:VERBOSE1:media_stream_manager.cc(1533)] MSPL::OnSpeedLimitChange({this=00002CCC001B6D40}, {new_limit=36})
[12152:11456:0516/020109.234:VERBOSE1:media_stream_manager.cc(1533)] MSPL::OnSpeedLimitChange({this=00002CCC001B6D40}, {new_limit=38})
[12152:11456:0516/020112.221:VERBOSE1:media_stream_manager.cc(1533)] MSPL::OnSpeedLimitChange({this=00002CCC001B6D40}, {new_limit=36})
[12152:11456:0516/020114.240:VERBOSE1:media_stream_manager.cc(1533)] MSPL::OnSpeedLimitChange({this=00002CCC001B6D40}, {new_limit=35})
[12152:11456:0516/020116.298:VERBOSE1:media_stream_manager.cc(1533)] MSPL::OnSpeedLimitChange({this=00002CCC001B6D40}, {new_limit=36})
[12152:11456:0516/020117.297:VERBOSE1:media_stream_manager.cc(1533)] MSPL::OnSpeedLimitChange({this=00002CCC001B6D40}, {new_limit=100})
[5404:1368:0516/020124.966:VERBOSE1:network_delegate.cc(36)] NetworkDelegate::NotifyBeforeURLRequest: https://optimizationguide-pa.googleapis.com/v1:GetModels?key=dummytoken
[5404:1368:0516/020124.985:VERBOSE1:tls_handshaker.cc(105)] TlsClient: Continuing handshake
[5404:1368:0516/020124.986:VERBOSE1:tls_handshaker.cc(126)] TlsClient: SSL_do_handshake returned when entering early data. After retry, rv=-1, SSL_in_early_data=1
[5404:1368:0516/020125.033:VERBOSE1:tls_handshaker.cc(105)] TlsClient: Continuing handshake
[5404:1368:0516/020125.033:VERBOSE1:tls_handshaker.cc(105)] TlsClient: Continuing handshake
[5404:1368:0516/020125.033:VERBOSE1:tls_client_handshaker.cc(528)] Client: handshake finished
[5404:1368:0516/020417.669:VERBOSE1:network_delegate.cc(36)] NetworkDelegate::NotifyBeforeURLRequest: https://optimizationguide-pa.googleapis.com/v1:GetModels?key=dummytoken
[5404:1368:0516/020417.720:VERBOSE1:tls_handshaker.cc(105)] TlsClient: Continuing handshake
[5404:1368:0516/020417.769:VERBOSE1:tls_handshaker.cc(105)] TlsClient: Continuing handshake
[5404:1368:0516/020418.334:VERBOSE1:tls_handshaker.cc(105)] TlsClient: Continuing handshake
[5404:1368:0516/020418.334:VERBOSE1:tls_handshaker.cc(126)] TlsClient: SSL_do_handshake returned when entering early data. After retry, rv=-1, SSL_in_early_data=1
[5404:1368:0516/020418.334:VERBOSE1:tls_handshaker.cc(105)] TlsClient: Continuing handshake
[5404:1368:0516/020418.334:VERBOSE1:tls_client_handshaker.cc(528)] Client: handshake finished
[5404:1368:0516/020707.694:VERBOSE1:network_delegate.cc(36)] NetworkDelegate::NotifyBeforeURLRequest: https://optimizationguide-pa.googleapis.com/v1:GetModels?key=dummytoken
[5404:1368:0516/020707.747:VERBOSE1:tls_handshaker.cc(105)] TlsClient: Continuing handshake
[5404:1368:0516/020707.748:VERBOSE1:tls_handshaker.cc(126)] TlsClient: SSL_do_handshake returned when entering early data. After retry, rv=-1, SSL_in_early_data=1
[5404:1368:0516/020707.794:VERBOSE1:tls_handshaker.cc(105)] TlsClient: Continuing handshake
[5404:1368:0516/020707.794:VERBOSE1:tls_handshaker.cc(105)] TlsClient: Continuing handshake
[5404:1368:0516/020707.794:VERBOSE1:tls_client_handshaker.cc(528)] Client: handshake finished
[12152:15228:0516/020736.360:VERBOSE1:device_event_log_impl.cc(198)] [02:07:36.359] Display: EVENT: screen_win.cc:893 Displays updated, count: 2
[12152:15228:0516/020736.360:VERBOSE1:device_event_log_impl.cc(198)] [02:07:36.360] Display: EVENT: screen_win.cc:895 Display[1552941674] bounds=[1360,0 1366x768], workarea=[1360,0 1366x720], scale=1, rotation=0, panel_rotation=0 external detected
[12152:15228:0516/020736.360:VERBOSE1:device_event_log_impl.cc(198)] [02:07:36.360] Display: EVENT: screen_win.cc:895 Display[3336287498] bounds=[0,0 1360x768], workarea=[0,0 1360x720], scale=1, rotation=0, panel_rotation=0 external detected
[12152:15228:0516/020739.206:VERBOSE1:device_event_log_impl.cc(198)] [02:07:39.206] Display: EVENT: screen_win.cc:893 Displays updated, count: 2
[12152:15228:0516/020739.206:VERBOSE1:device_event_log_impl.cc(198)] [02:07:39.206] Display: EVENT: screen_win.cc:895 Display[1552941674] bounds=[1360,0 1366x768], workarea=[1360,0 1366x720], scale=1, rotation=0, panel_rotation=0 external detected
[12152:15228:0516/020739.206:VERBOSE1:device_event_log_impl.cc(198)] [02:07:39.206] Display: EVENT: screen_win.cc:895 Display[3336287498] bounds=[0,0 1360x768], workarea=[0,0 1360x720], scale=1, rotation=0, panel_rotation=0 external detected
[12152:11456:0516/020825.624:VERBOSE1:media_stream_manager.cc(1533)] MSPL::OnSpeedLimitChange({this=00002CCC001B6D40}, {new_limit=62})
[12152:11456:0516/020826.592:VERBOSE1:media_stream_manager.cc(1533)] MSPL::OnSpeedLimitChange({this=00002CCC001B6D40}, {new_limit=59})
[12152:11456:0516/020827.637:VERBOSE1:media_stream_manager.cc(1533)] MSPL::OnSpeedLimitChange({this=00002CCC001B6D40}, {new_limit=62})
[12152:11456:0516/020828.732:VERBOSE1:media_stream_manager.cc(1533)] MSPL::OnSpeedLimitChange({this=00002CCC001B6D40}, {new_limit=59})
[12152:11456:0516/020829.590:VERBOSE1:media_stream_manager.cc(1533)] MSPL::OnSpeedLimitChange({this=00002CCC001B6D40}, {new_limit=62})
[12152:11456:0516/020831.835:VERBOSE1:media_stream_manager.cc(1533)] MSPL::OnSpeedLimitChange({this=00002CCC001B6D40}, {new_limit=64})
[12152:11456:0516/020832.834:VERBOSE1:media_stream_manager.cc(1533)] MSPL::OnSpeedLimitChange({this=00002CCC001B6D40}, {new_limit=100})
[12152:15228:0516/020834.405:VERBOSE1:device_event_log_impl.cc(198)] [02:08:34.405] Display: EVENT: screen_win.cc:893 Displays updated, count: 2
[12152:15228:0516/020834.405:VERBOSE1:device_event_log_impl.cc(198)] [02:08:34.405] Display: EVENT: screen_win.cc:895 Display[1552941674] bounds=[1360,0 1366x768], workarea=[1360,0 1366x720], scale=1, rotation=0, panel_rotation=0 external detected
[12152:15228:0516/020834.405:VERBOSE1:device_event_log_impl.cc(198)] [02:08:34.405] Display: EVENT: screen_win.cc:895 Display[3336287498] bounds=[0,0 1360x768], workarea=[0,0 1360x720], scale=1, rotation=0, panel_rotation=0 external detected
[12152:11456:0516/020851.606:VERBOSE1:media_stream_manager.cc(1533)] MSPL::OnSpeedLimitChange({this=00002CCC001B6D40}, {new_limit=71})
[12152:11456:0516/020852.665:VERBOSE1:media_stream_manager.cc(1533)] MSPL::OnSpeedLimitChange({this=00002CCC001B6D40}, {new_limit=70})
[12152:11456:0516/020853.595:VERBOSE1:media_stream_manager.cc(1533)] MSPL::OnSpeedLimitChange({this=00002CCC001B6D40}, {new_limit=100})
[12152:11456:0516/020910.624:VERBOSE1:media_stream_manager.cc(1533)] MSPL::OnSpeedLimitChange({this=00002CCC001B6D40}, {new_limit=58})
[12152:11456:0516/020911.659:VERBOSE1:media_stream_manager.cc(1533)] MSPL::OnSpeedLimitChange({this=00002CCC001B6D40}, {new_limit=62})
[12152:11456:0516/020912.606:VERBOSE1:media_stream_manager.cc(1533)] MSPL::OnSpeedLimitChange({this=00002CCC001B6D40}, {new_limit=61})
[12152:11456:0516/020913.707:VERBOSE1:media_stream_manager.cc(1533)] MSPL::OnSpeedLimitChange({this=00002CCC001B6D40}, {new_limit=100})
[12152:11456:0516/020937.715:VERBOSE1:media_stream_manager.cc(1533)] MSPL::OnSpeedLimitChange({this=00002CCC001B6D40}, {new_limit=63})
[12152:11456:0516/020938.648:VERBOSE1:media_stream_manager.cc(1533)] MSPL::OnSpeedLimitChange({this=00002CCC001B6D40}, {new_limit=62})
[12152:11456:0516/020940.660:VERBOSE1:media_stream_manager.cc(1533)] MSPL::OnSpeedLimitChange({this=00002CCC001B6D40}, {new_limit=59})
[12152:11456:0516/020941.688:VERBOSE1:media_stream_manager.cc(1533)] MSPL::OnSpeedLimitChange({this=00002CCC001B6D40}, {new_limit=54})
[12152:11456:0516/020943.680:VERBOSE1:media_stream_manager.cc(1533)] MSPL::OnSpeedLimitChange({this=00002CCC001B6D40}, {new_limit=49})
[12152:11456:0516/020944.724:VERBOSE1:media_stream_manager.cc(1533)] MSPL::OnSpeedLimitChange({this=00002CCC001B6D40}, {new_limit=100})
[5404:1368:0516/020948.598:VERBOSE1:network_delegate.cc(36)] NetworkDelegate::NotifyBeforeURLRequest: https://optimizationguide-pa.googleapis.com/v1:GetModels?key=dummytoken
[5404:1368:0516/020948.620:VERBOSE1:tls_handshaker.cc(105)] TlsClient: Continuing handshake
[5404:1368:0516/020948.622:VERBOSE1:tls_handshaker.cc(126)] TlsClient: SSL_do_handshake returned when entering early data. After retry, rv=-1, SSL_in_early_data=1
[5404:1368:0516/020948.671:VERBOSE1:tls_handshaker.cc(105)] TlsClient: Continuing handshake
[5404:1368:0516/020948.671:VERBOSE1:tls_handshaker.cc(105)] TlsClient: Continuing handshake
[5404:1368:0516/020948.671:VERBOSE1:tls_client_handshaker.cc(528)] Client: handshake finished
[12152:11456:0516/021040.712:VERBOSE1:media_stream_manager.cc(1533)] MSPL::OnSpeedLimitChange({this=00002CCC001B6D40}, {new_limit=58})
[12152:11456:0516/021041.760:VERBOSE1:media_stream_manager.cc(1533)] MSPL::OnSpeedLimitChange({this=00002CCC001B6D40}, {new_limit=59})
[12152:11456:0516/021042.705:VERBOSE1:media_stream_manager.cc(1533)] MSPL::OnSpeedLimitChange({this=00002CCC001B6D40}, {new_limit=62})
[12152:11456:0516/021043.715:VERBOSE1:media_stream_manager.cc(1533)] MSPL::OnSpeedLimitChange({this=00002CCC001B6D40}, {new_limit=63})
[12152:11456:0516/021044.727:VERBOSE1:media_stream_manager.cc(1533)] MSPL::OnSpeedLimitChange({this=00002CCC001B6D40}, {new_limit=60})
[12152:11456:0516/021046.756:VERBOSE1:media_stream_manager.cc(1533)] MSPL::OnSpeedLimitChange({this=00002CCC001B6D40}, {new_limit=58})
[12152:11456:0516/021047.755:VERBOSE1:media_stream_manager.cc(1533)] MSPL::OnSpeedLimitChange({this=00002CCC001B6D40}, {new_limit=57})
[12152:11456:0516/021049.760:VERBOSE1:media_stream_manager.cc(1533)] MSPL::OnSpeedLimitChange({this=00002CCC001B6D40}, {new_limit=100})
[12152:11456:0516/021217.796:VERBOSE1:media_stream_manager.cc(1533)] MSPL::OnSpeedLimitChange({this=00002CCC001B6D40}, {new_limit=56})
[12152:11456:0516/021218.793:VERBOSE1:media_stream_manager.cc(1533)] MSPL::OnSpeedLimitChange({this=00002CCC001B6D40}, {new_limit=54})
[12152:11456:0516/021219.804:VERBOSE1:media_stream_manager.cc(1533)] MSPL::OnSpeedLimitChange({this=00002CCC001B6D40}, {new_limit=58})
[12152:11456:0516/021220.812:VERBOSE1:media_stream_manager.cc(1533)] MSPL::OnSpeedLimitChange({this=00002CCC001B6D40}, {new_limit=60})
[12152:11456:0516/021221.814:VERBOSE1:media_stream_manager.cc(1533)] MSPL::OnSpeedLimitChange({this=00002CCC001B6D40}, {new_limit=100})
[5404:1368:0516/021223.616:VERBOSE1:network_delegate.cc(36)] NetworkDelegate::NotifyBeforeURLRequest: https://optimizationguide-pa.googleapis.com/v1:GetModels?key=dummytoken
[5404:1368:0516/021223.669:VERBOSE1:tls_handshaker.cc(105)] TlsClient: Continuing handshake
[5404:1368:0516/021223.670:VERBOSE1:tls_handshaker.cc(126)] TlsClient: SSL_do_handshake returned when entering early data. After retry, rv=-1, SSL_in_early_data=1
[5404:1368:0516/021223.716:VERBOSE1:tls_handshaker.cc(105)] TlsClient: Continuing handshake
[5404:1368:0516/021223.716:VERBOSE1:tls_handshaker.cc(105)] TlsClient: Continuing handshake
[5404:1368:0516/021223.716:VERBOSE1:tls_client_handshaker.cc(528)] Client: handshake finished
[12152:15228:0516/021402.936:VERBOSE1:device_event_log_impl.cc(198)] [02:14:02.936] Display: EVENT: screen_win.cc:893 Displays updated, count: 2
[12152:15228:0516/021402.936:VERBOSE1:device_event_log_impl.cc(198)] [02:14:02.936] Display: EVENT: screen_win.cc:895 Display[1552941674] bounds=[1360,0 1366x768], workarea=[1360,0 1366x720], scale=1, rotation=0, panel_rotation=0 external detected
[12152:15228:0516/021402.936:VERBOSE1:device_event_log_impl.cc(198)] [02:14:02.936] Display: EVENT: screen_win.cc:895 Display[3336287498] bounds=[0,0 1360x768], workarea=[0,0 1360x720], scale=1, rotation=0, panel_rotation=0 external detected
[12152:11456:0516/021454.918:VERBOSE1:media_stream_manager.cc(1533)] MSPL::OnSpeedLimitChange({this=00002CCC001B6D40}, {new_limit=64})
[12152:11456:0516/021455.926:VERBOSE1:media_stream_manager.cc(1533)] MSPL::OnSpeedLimitChange({this=00002CCC001B6D40}, {new_limit=63})
[12152:11456:0516/021456.966:VERBOSE1:media_stream_manager.cc(1533)] MSPL::OnSpeedLimitChange({this=00002CCC001B6D40}, {new_limit=100})
[5404:1368:0516/021514.711:VERBOSE1:network_delegate.cc(36)] NetworkDelegate::NotifyBeforeURLRequest: https://optimizationguide-pa.googleapis.com/v1:GetModels?key=dummytoken
[5404:1368:0516/021514.732:VERBOSE1:tls_handshaker.cc(105)] TlsClient: Continuing handshake
[5404:1368:0516/021514.732:VERBOSE1:tls_handshaker.cc(126)] TlsClient: SSL_do_handshake returned when entering early data. After retry, rv=-1, SSL_in_early_data=1
[5404:1368:0516/021514.778:VERBOSE1:tls_handshaker.cc(105)] TlsClient: Continuing handshake
[5404:1368:0516/021514.779:VERBOSE1:tls_handshaker.cc(105)] TlsClient: Continuing handshake
[5404:1368:0516/021514.779:VERBOSE1:tls_client_handshaker.cc(528)] Client: handshake finished
[12152:11456:0516/021517.976:VERBOSE1:media_stream_manager.cc(1533)] MSPL::OnSpeedLimitChange({this=00002CCC001B6D40}, {new_limit=39})
[12152:11456:0516/021518.949:VERBOSE1:media_stream_manager.cc(1533)] MSPL::OnSpeedLimitChange({this=00002CCC001B6D40}, {new_limit=36})
[12152:11456:0516/021522.133:VERBOSE1:media_stream_manager.cc(1533)] MSPL::OnSpeedLimitChange({this=00002CCC001B6D40}, {new_limit=100})
[12152:15228:0516/021621.534:VERBOSE1:device_event_log_impl.cc(198)] [02:16:21.534] Display: EVENT: screen_win.cc:893 Displays updated, count: 2
[12152:15228:0516/021621.534:VERBOSE1:device_event_log_impl.cc(198)] [02:16:21.534] Display: EVENT: screen_win.cc:895 Display[1552941674] bounds=[1360,0 1366x768], workarea=[1360,0 1366x720], scale=1, rotation=0, panel_rotation=0 external detected
[12152:15228:0516/021621.534:VERBOSE1:device_event_log_impl.cc(198)] [02:16:21.534] Display: EVENT: screen_win.cc:895 Display[3336287498] bounds=[0,0 1360x768], workarea=[0,0 1360x720], scale=1, rotation=0, panel_rotation=0 external detected
[12152:11456:0516/021716.046:VERBOSE1:media_stream_manager.cc(1533)] MSPL::OnSpeedLimitChange({this=00002CCC001B6D40}, {new_limit=46})
[12152:11456:0516/021717.116:VERBOSE1:media_stream_manager.cc(1533)] MSPL::OnSpeedLimitChange({this=00002CCC001B6D40}, {new_limit=41})
[12152:11456:0516/021718.060:VERBOSE1:media_stream_manager.cc(1533)] MSPL::OnSpeedLimitChange({this=00002CCC001B6D40}, {new_limit=36})
[12152:11456:0516/021719.044:VERBOSE1:media_stream_manager.cc(1533)] MSPL::OnSpeedLimitChange({this=00002CCC001B6D40}, {new_limit=41})
[12152:11456:0516/021720.050:VERBOSE1:media_stream_manager.cc(1533)] MSPL::OnSpeedLimitChange({this=00002CCC001B6D40}, {new_limit=46})
[12152:11456:0516/021721.068:VERBOSE1:media_stream_manager.cc(1533)] MSPL::OnSpeedLimitChange({this=00002CCC001B6D40}, {new_limit=100})
[12152:15228:0516/021808.910:VERBOSE1:device_event_log_impl.cc(198)] [02:18:08.910] Display: EVENT: screen_win.cc:893 Displays updated, count: 2
[12152:15228:0516/021808.910:VERBOSE1:device_event_log_impl.cc(198)] [02:18:08.910] Display: EVENT: screen_win.cc:895 Display[1552941674] bounds=[1360,0 1366x768], workarea=[1360,0 1366x720], scale=1, rotation=0, panel_rotation=0 external detected
[12152:15228:0516/021808.910:VERBOSE1:device_event_log_impl.cc(198)] [02:18:08.910] Display: EVENT: screen_win.cc:895 Display[3336287498] bounds=[0,0 1360x768], workarea=[0,0 1360x720], scale=1, rotation=0, panel_rotation=0 external detected
[5404:1368:0516/021810.799:VERBOSE1:network_delegate.cc(36)] NetworkDelegate::NotifyBeforeURLRequest: https://optimizationguide-pa.googleapis.com/v1:GetModels?key=dummytoken
[5404:1368:0516/021810.852:VERBOSE1:tls_handshaker.cc(105)] TlsClient: Continuing handshake
[5404:1368:0516/021810.853:VERBOSE1:tls_handshaker.cc(126)] TlsClient: SSL_do_handshake returned when entering early data. After retry, rv=-1, SSL_in_early_data=1
[5404:1368:0516/021810.899:VERBOSE1:tls_handshaker.cc(105)] TlsClient: Continuing handshake
[5404:1368:0516/021810.899:VERBOSE1:tls_handshaker.cc(105)] TlsClient: Continuing handshake
[5404:1368:0516/021810.899:VERBOSE1:tls_client_handshaker.cc(528)] Client: handshake finished
[12152:11456:0516/021825.136:VERBOSE1:media_stream_manager.cc(1533)] MSPL::OnSpeedLimitChange({this=00002CCC001B6D40}, {new_limit=62})
[12152:11456:0516/021826.127:VERBOSE1:media_stream_manager.cc(1533)] MSPL::OnSpeedLimitChange({this=00002CCC001B6D40}, {new_limit=61})
[12152:11456:0516/021827.129:VERBOSE1:media_stream_manager.cc(1533)] MSPL::OnSpeedLimitChange({this=00002CCC001B6D40}, {new_limit=62})
[12152:11456:0516/021829.255:VERBOSE1:media_stream_manager.cc(1533)] MSPL::OnSpeedLimitChange({this=00002CCC001B6D40}, {new_limit=57})
[12152:11456:0516/021830.254:VERBOSE1:media_stream_manager.cc(1533)] MSPL::OnSpeedLimitChange({this=00002CCC001B6D40}, {new_limit=100})
[12152:15228:0516/022030.773:VERBOSE1:device_event_log_impl.cc(198)] [02:20:30.773] Display: EVENT: screen_win.cc:893 Displays updated, count: 2
[12152:15228:0516/022030.773:VERBOSE1:device_event_log_impl.cc(198)] [02:20:30.773] Display: EVENT: screen_win.cc:895 Display[1552941674] bounds=[1360,0 1366x768], workarea=[1360,0 1366x720], scale=1, rotation=0, panel_rotation=0 external detected
[12152:15228:0516/022030.773:VERBOSE1:device_event_log_impl.cc(198)] [02:20:30.773] Display: EVENT: screen_win.cc:895 Display[3336287498] bounds=[0,0 1360x768], workarea=[0,0 1360x720], scale=1, rotation=0, panel_rotation=0 external detected
[12152:11456:0516/022100.315:VERBOSE1:media_stream_manager.cc(1533)] MSPL::OnSpeedLimitChange({this=00002CCC001B6D40}, {new_limit=59})
[12152:11456:0516/022101.316:VERBOSE1:media_stream_manager.cc(1533)] MSPL::OnSpeedLimitChange({this=00002CCC001B6D40}, {new_limit=57})
[12152:15228:0516/022101.992:VERBOSE1:device_event_log_impl.cc(198)] [02:21:01.993] Display: EVENT: screen_win.cc:893 Displays updated, count: 2
[12152:15228:0516/022101.993:VERBOSE1:device_event_log_impl.cc(198)] [02:21:01.993] Display: EVENT: screen_win.cc:895 Display[1552941674] bounds=[1360,0 1366x768], workarea=[1360,0 1366x720], scale=1, rotation=0, panel_rotation=0 external detected
[12152:15228:0516/022101.993:VERBOSE1:device_event_log_impl.cc(198)] [02:21:01.993] Display: EVENT: screen_win.cc:895 Display[3336287498] bounds=[0,0 1360x768], workarea=[0,0 1360x720], scale=1, rotation=0, panel_rotation=0 external detected
[12152:11456:0516/022102.320:VERBOSE1:media_stream_manager.cc(1533)] MSPL::OnSpeedLimitChange({this=00002CCC001B6D40}, {new_limit=55})
[12152:11456:0516/022103.271:VERBOSE1:media_stream_manager.cc(1533)] MSPL::OnSpeedLimitChange({this=00002CCC001B6D40}, {new_limit=53})
[12152:11456:0516/022104.284:VERBOSE1:media_stream_manager.cc(1533)] MSPL::OnSpeedLimitChange({this=00002CCC001B6D40}, {new_limit=52})
[5404:1368:0516/022104.738:VERBOSE1:network_delegate.cc(36)] NetworkDelegate::NotifyBeforeURLRequest: https://optimizationguide-pa.googleapis.com/v1:GetModels?key=dummytoken
[5404:1368:0516/022104.754:VERBOSE1:tls_handshaker.cc(105)] TlsClient: Continuing handshake
[5404:1368:0516/022104.755:VERBOSE1:tls_handshaker.cc(126)] TlsClient: SSL_do_handshake returned when entering early data. After retry, rv=-1, SSL_in_early_data=1
[5404:1368:0516/022104.801:VERBOSE1:tls_handshaker.cc(105)] TlsClient: Continuing handshake
[5404:1368:0516/022104.802:VERBOSE1:tls_handshaker.cc(105)] TlsClient: Continuing handshake
[5404:1368:0516/022104.802:VERBOSE1:tls_client_handshaker.cc(528)] Client: handshake finished
[12152:11456:0516/022105.254:VERBOSE1:media_stream_manager.cc(1533)] MSPL::OnSpeedLimitChange({this=00002CCC001B6D40}, {new_limit=48})
[12152:11456:0516/022106.380:VERBOSE1:media_stream_manager.cc(1533)] MSPL::OnSpeedLimitChange({this=00002CCC001B6D40}, {new_limit=43})
[12152:11456:0516/022107.294:VERBOSE1:media_stream_manager.cc(1533)] MSPL::OnSpeedLimitChange({this=00002CCC001B6D40}, {new_limit=40})
[12152:11456:0516/022108.262:VERBOSE1:media_stream_manager.cc(1533)] MSPL::OnSpeedLimitChange({this=00002CCC001B6D40}, {new_limit=35})
[12152:11456:0516/022112.325:VERBOSE1:media_stream_manager.cc(1533)] MSPL::OnSpeedLimitChange({this=00002CCC001B6D40}, {new_limit=36})
[12152:11456:0516/022113.295:VERBOSE1:media_stream_manager.cc(1533)] MSPL::OnSpeedLimitChange({this=00002CCC001B6D40}, {new_limit=39})
[12152:11456:0516/022114.301:VERBOSE1:media_stream_manager.cc(1533)] MSPL::OnSpeedLimitChange({this=00002CCC001B6D40}, {new_limit=42})
[12152:11456:0516/022122.271:VERBOSE1:media_stream_manager.cc(1533)] MSPL::OnSpeedLimitChange({this=00002CCC001B6D40}, {new_limit=39})
[12152:11456:0516/022123.295:VERBOSE1:media_stream_manager.cc(1533)] MSPL::OnSpeedLimitChange({this=00002CCC001B6D40}, {new_limit=36})
[12152:11456:0516/022124.291:VERBOSE1:media_stream_manager.cc(1533)] MSPL::OnSpeedLimitChange({this=00002CCC001B6D40}, {new_limit=34})
[12152:11456:0516/022133.315:VERBOSE1:media_stream_manager.cc(1533)] MSPL::OnSpeedLimitChange({this=00002CCC001B6D40}, {new_limit=39})
[12152:11456:0516/022134.316:VERBOSE1:media_stream_manager.cc(1533)] MSPL::OnSpeedLimitChange({this=00002CCC001B6D40}, {new_limit=44})
[12152:11456:0516/022135.318:VERBOSE1:media_stream_manager.cc(1533)] MSPL::OnSpeedLimitChange({this=00002CCC001B6D40}, {new_limit=49})
[12152:11456:0516/022136.325:VERBOSE1:media_stream_manager.cc(1533)] MSPL::OnSpeedLimitChange({this=00002CCC001B6D40}, {new_limit=100})
[12152:11456:0516/022146.351:VERBOSE1:media_stream_manager.cc(1533)] MSPL::OnSpeedLimitChange({this=00002CCC001B6D40}, {new_limit=77})
[12152:11456:0516/022147.298:VERBOSE1:media_stream_manager.cc(1533)] MSPL::OnSpeedLimitChange({this=00002CCC001B6D40}, {new_limit=72})
[12152:11456:0516/022148.381:VERBOSE1:media_stream_manager.cc(1533)] MSPL::OnSpeedLimitChange({this=00002CCC001B6D40}, {new_limit=68})
[12152:11456:0516/022149.310:VERBOSE1:media_stream_manager.cc(1533)] MSPL::OnSpeedLimitChange({this=00002CCC001B6D40}, {new_limit=67})
[12152:11456:0516/022151.347:VERBOSE1:media_stream_manager.cc(1533)] MSPL::OnSpeedLimitChange({this=00002CCC001B6D40}, {new_limit=63})
[12152:11456:0516/022154.342:VERBOSE1:media_stream_manager.cc(1533)] MSPL::OnSpeedLimitChange({this=00002CCC001B6D40}, {new_limit=62})
[12152:11456:0516/022155.317:VERBOSE1:media_stream_manager.cc(1533)] MSPL::OnSpeedLimitChange({this=00002CCC001B6D40}, {new_limit=66})
[12152:11456:0516/022156.336:VERBOSE1:media_stream_manager.cc(1533)] MSPL::OnSpeedLimitChange({this=00002CCC001B6D40}, {new_limit=100})
[12152:11456:0516/022213.321:VERBOSE1:media_stream_manager.cc(1533)] MSPL::OnSpeedLimitChange({this=00002CCC001B6D40}, {new_limit=58})
[12152:11456:0516/022214.343:VERBOSE1:media_stream_manager.cc(1533)] MSPL::OnSpeedLimitChange({this=00002CCC001B6D40}, {new_limit=57})
[12152:11456:0516/022215.364:VERBOSE1:media_stream_manager.cc(1533)] MSPL::OnSpeedLimitChange({this=00002CCC001B6D40}, {new_limit=54})
[12152:11456:0516/022216.355:VERBOSE1:media_stream_manager.cc(1533)] MSPL::OnSpeedLimitChange({this=00002CCC001B6D40}, {new_limit=56})
[12152:11456:0516/022217.385:VERBOSE1:media_stream_manager.cc(1533)] MSPL::OnSpeedLimitChange({this=00002CCC001B6D40}, {new_limit=100})
[12152:11456:0516/022255.387:VERBOSE1:media_stream_manager.cc(1533)] MSPL::OnSpeedLimitChange({this=00002CCC001B6D40}, {new_limit=63})
[12152:11456:0516/022256.434:VERBOSE1:media_stream_manager.cc(1533)] MSPL::OnSpeedLimitChange({this=00002CCC001B6D40}, {new_limit=100})
[12152:11456:0516/022309.401:VERBOSE1:media_stream_manager.cc(1533)] MSPL::OnSpeedLimitChange({this=00002CCC001B6D40}, {new_limit=58})
[12152:11456:0516/022310.399:VERBOSE1:media_stream_manager.cc(1533)] MSPL::OnSpeedLimitChange({this=00002CCC001B6D40}, {new_limit=62})
[12152:11456:0516/022311.403:VERBOSE1:media_stream_manager.cc(1533)] MSPL::OnSpeedLimitChange({this=00002CCC001B6D40}, {new_limit=60})
[12152:11456:0516/022312.388:VERBOSE1:media_stream_manager.cc(1533)] MSPL::OnSpeedLimitChange({this=00002CCC001B6D40}, {new_limit=100})
[12152:15228:0516/022323.597:VERBOSE1:device_event_log_impl.cc(198)] [02:23:23.597] Display: EVENT: screen_win.cc:893 Displays updated, count: 2
[12152:15228:0516/022323.597:VERBOSE1:device_event_log_impl.cc(198)] [02:23:23.598] Display: EVENT: screen_win.cc:895 Display[1552941674] bounds=[1360,0 1366x768], workarea=[1360,0 1366x720], scale=1, rotation=0, panel_rotation=0 external detected
[12152:15228:0516/022323.597:VERBOSE1:device_event_log_impl.cc(198)] [02:23:23.598] Display: EVENT: screen_win.cc:895 Display[3336287498] bounds=[0,0 1360x768], workarea=[0,0 1360x720], scale=1, rotation=0, panel_rotation=0 external detected
[12152:11456:0516/022333.425:VERBOSE1:media_stream_manager.cc(1533)] MSPL::OnSpeedLimitChange({this=00002CCC001B6D40}, {new_limit=36})
[12152:11456:0516/022336.427:VERBOSE1:media_stream_manager.cc(1533)] MSPL::OnSpeedLimitChange({this=00002CCC001B6D40}, {new_limit=35})
[12152:11456:0516/022337.424:VERBOSE1:media_stream_manager.cc(1533)] MSPL::OnSpeedLimitChange({this=00002CCC001B6D40}, {new_limit=34})
[12152:11456:0516/022339.684:VERBOSE1:media_stream_manager.cc(1533)] MSPL::OnSpeedLimitChange({this=00002CCC001B6D40}, {new_limit=38})
[12152:11456:0516/022340.684:VERBOSE1:media_stream_manager.cc(1533)] MSPL::OnSpeedLimitChange({this=00002CCC001B6D40}, {new_limit=100})
[5404:1368:0516/022402.702:VERBOSE1:network_delegate.cc(36)] NetworkDelegate::NotifyBeforeURLRequest: https://optimizationguide-pa.googleapis.com/v1:GetModels?key=dummytoken
[5404:1368:0516/022402.751:VERBOSE1:tls_handshaker.cc(105)] TlsClient: Continuing handshake
[5404:1368:0516/022402.752:VERBOSE1:tls_handshaker.cc(126)] TlsClient: SSL_do_handshake returned when entering early data. After retry, rv=-1, SSL_in_early_data=1
[5404:1368:0516/022402.799:VERBOSE1:tls_handshaker.cc(105)] TlsClient: Continuing handshake
[5404:1368:0516/022402.800:VERBOSE1:tls_handshaker.cc(105)] TlsClient: Continuing handshake
[5404:1368:0516/022402.800:VERBOSE1:tls_client_handshaker.cc(528)] Client: handshake finished
[12152:15228:0516/022620.948:VERBOSE1:device_event_log_impl.cc(198)] [02:26:20.947] Display: EVENT: screen_win.cc:893 Displays updated, count: 2
[12152:15228:0516/022620.948:VERBOSE1:device_event_log_impl.cc(198)] [02:26:20.947] Display: EVENT: screen_win.cc:895 Display[1552941674] bounds=[1360,0 1366x768], workarea=[1360,0 1366x720], scale=1, rotation=0, panel_rotation=0 external detected
[12152:15228:0516/022620.948:VERBOSE1:device_event_log_impl.cc(198)] [02:26:20.947] Display: EVENT: screen_win.cc:895 Display[3336287498] bounds=[0,0 1360x768], workarea=[0,0 1360x720], scale=1, rotation=0, panel_rotation=0 external detected
[12152:11456:0516/022628.654:VERBOSE1:media_stream_manager.cc(1533)] MSPL::OnSpeedLimitChange({this=00002CCC001B6D40}, {new_limit=34})
[12152:11456:0516/022632.844:VERBOSE1:media_stream_manager.cc(1533)] MSPL::OnSpeedLimitChange({this=00002CCC001B6D40}, {new_limit=100})
[5404:1368:0516/022634.839:VERBOSE1:network_delegate.cc(36)] NetworkDelegate::NotifyBeforeURLRequest: https://optimizationguide-pa.googleapis.com/v1:GetModels?key=dummytoken
[5404:1368:0516/022634.890:VERBOSE1:tls_handshaker.cc(105)] TlsClient: Continuing handshake
[5404:1368:0516/022634.890:VERBOSE1:tls_handshaker.cc(126)] TlsClient: SSL_do_handshake returned when entering early data. After retry, rv=-1, SSL_in_early_data=1
[5404:1368:0516/022634.936:VERBOSE1:tls_handshaker.cc(105)] TlsClient: Continuing handshake
[5404:1368:0516/022634.937:VERBOSE1:tls_handshaker.cc(105)] TlsClient: Continuing handshake
[5404:1368:0516/022634.937:VERBOSE1:tls_client_handshaker.cc(528)] Client: handshake finished
[12152:15228:0516/022728.758:VERBOSE1:device_event_log_impl.cc(198)] [02:27:28.758] Display: EVENT: screen_win.cc:893 Displays updated, count: 2
[12152:15228:0516/022728.758:VERBOSE1:device_event_log_impl.cc(198)] [02:27:28.758] Display: EVENT: screen_win.cc:895 Display[1552941674] bounds=[1360,0 1366x768], workarea=[1360,0 1366x720], scale=1, rotation=0, panel_rotation=0 external detected
[12152:15228:0516/022728.759:VERBOSE1:device_event_log_impl.cc(198)] [02:27:28.758] Display: EVENT: screen_win.cc:895 Display[3336287498] bounds=[0,0 1360x768], workarea=[0,0 1360x720], scale=1, rotation=0, panel_rotation=0 external detected
[12152:11456:0516/022738.724:VERBOSE1:media_stream_manager.cc(1533)] MSPL::OnSpeedLimitChange({this=00002CCC001B6D40}, {new_limit=35})
[12152:11456:0516/022739.724:VERBOSE1:media_stream_manager.cc(1533)] MSPL::OnSpeedLimitChange({this=00002CCC001B6D40}, {new_limit=37})
[12152:11456:0516/022743.688:VERBOSE1:media_stream_manager.cc(1533)] MSPL::OnSpeedLimitChange({this=00002CCC001B6D40}, {new_limit=36})
[12152:11456:0516/022744.700:VERBOSE1:media_stream_manager.cc(1533)] MSPL::OnSpeedLimitChange({this=00002CCC001B6D40}, {new_limit=35})
[12152:11456:0516/022746.713:VERBOSE1:media_stream_manager.cc(1533)] MSPL::OnSpeedLimitChange({this=00002CCC001B6D40}, {new_limit=36})
[12152:11456:0516/022747.687:VERBOSE1:media_stream_manager.cc(1533)] MSPL::OnSpeedLimitChange({this=00002CCC001B6D40}, {new_limit=37})
[12152:11456:0516/022749.704:VERBOSE1:media_stream_manager.cc(1533)] MSPL::OnSpeedLimitChange({this=00002CCC001B6D40}, {new_limit=35})
[12152:11456:0516/022756.726:VERBOSE1:media_stream_manager.cc(1533)] MSPL::OnSpeedLimitChange({this=00002CCC001B6D40}, {new_limit=34})
[12152:11456:0516/022809.710:VERBOSE1:media_stream_manager.cc(1533)] MSPL::OnSpeedLimitChange({this=00002CCC001B6D40}, {new_limit=35})
[12152:11456:0516/022814.715:VERBOSE1:media_stream_manager.cc(1533)] MSPL::OnSpeedLimitChange({this=00002CCC001B6D40}, {new_limit=36})
[12152:11456:0516/022816.740:VERBOSE1:media_stream_manager.cc(1533)] MSPL::OnSpeedLimitChange({this=00002CCC001B6D40}, {new_limit=37})
[12152:11456:0516/022817.715:VERBOSE1:media_stream_manager.cc(1533)] MSPL::OnSpeedLimitChange({this=00002CCC001B6D40}, {new_limit=36})
[12152:11456:0516/022818.832:VERBOSE1:media_stream_manager.cc(1533)] MSPL::OnSpeedLimitChange({this=00002CCC001B6D40}, {new_limit=37})
[12152:11456:0516/022819.744:VERBOSE1:media_stream_manager.cc(1533)] MSPL::OnSpeedLimitChange({this=00002CCC001B6D40}, {new_limit=36})
[12152:11456:0516/022821.753:VERBOSE1:media_stream_manager.cc(1533)] MSPL::OnSpeedLimitChange({this=00002CCC001B6D40}, {new_limit=37})
[12152:11456:0516/022822.733:VERBOSE1:media_stream_manager.cc(1533)] MSPL::OnSpeedLimitChange({this=00002CCC001B6D40}, {new_limit=38})
[12152:11456:0516/022824.765:VERBOSE1:media_stream_manager.cc(1533)] MSPL::OnSpeedLimitChange({this=00002CCC001B6D40}, {new_limit=37})
[12152:11456:0516/022828.773:VERBOSE1:media_stream_manager.cc(1533)] MSPL::OnSpeedLimitChange({this=00002CCC001B6D40}, {new_limit=36})
[12152:11456:0516/022831.775:VERBOSE1:media_stream_manager.cc(1533)] MSPL::OnSpeedLimitChange({this=00002CCC001B6D40}, {new_limit=35})
[12152:11456:0516/022832.768:VERBOSE1:media_stream_manager.cc(1533)] MSPL::OnSpeedLimitChange({this=00002CCC001B6D40}, {new_limit=34})
[12152:11456:0516/022846.785:VERBOSE1:media_stream_manager.cc(1533)] MSPL::OnSpeedLimitChange({this=00002CCC001B6D40}, {new_limit=36})
[12152:11456:0516/022851.769:VERBOSE1:media_stream_manager.cc(1533)] MSPL::OnSpeedLimitChange({this=00002CCC001B6D40}, {new_limit=38})
[12152:11456:0516/022855.757:VERBOSE1:media_stream_manager.cc(1533)] MSPL::OnSpeedLimitChange({this=00002CCC001B6D40}, {new_limit=41})
[12152:11456:0516/022856.756:VERBOSE1:media_stream_manager.cc(1533)] MSPL::OnSpeedLimitChange({this=00002CCC001B6D40}, {new_limit=40})
[12152:11456:0516/022900.764:VERBOSE1:media_stream_manager.cc(1533)] MSPL::OnSpeedLimitChange({this=00002CCC001B6D40}, {new_limit=39})
[12152:11456:0516/022901.768:VERBOSE1:media_stream_manager.cc(1533)] MSPL::OnSpeedLimitChange({this=00002CCC001B6D40}, {new_limit=38})
[12152:11456:0516/022902.773:VERBOSE1:media_stream_manager.cc(1533)] MSPL::OnSpeedLimitChange({this=00002CCC001B6D40}, {new_limit=37})
[12152:11456:0516/022904.776:VERBOSE1:media_stream_manager.cc(1533)] MSPL::OnSpeedLimitChange({this=00002CCC001B6D40}, {new_limit=39})
[12152:11456:0516/022910.806:VERBOSE1:media_stream_manager.cc(1533)] MSPL::OnSpeedLimitChange({this=00002CCC001B6D40}, {new_limit=42})
[12152:11456:0516/022911.784:VERBOSE1:media_stream_manager.cc(1533)] MSPL::OnSpeedLimitChange({this=00002CCC001B6D40}, {new_limit=43})
[12152:11456:0516/022913.778:VERBOSE1:media_stream_manager.cc(1533)] MSPL::OnSpeedLimitChange({this=00002CCC001B6D40}, {new_limit=45})
[12152:11456:0516/022914.801:VERBOSE1:media_stream_manager.cc(1533)] MSPL::OnSpeedLimitChange({this=00002CCC001B6D40}, {new_limit=44})
[12152:11456:0516/022915.820:VERBOSE1:media_stream_manager.cc(1533)] MSPL::OnSpeedLimitChange({this=00002CCC001B6D40}, {new_limit=42})
[5404:1368:0516/022918.888:VERBOSE1:network_delegate.cc(36)] NetworkDelegate::NotifyBeforeURLRequest: https://optimizationguide-pa.googleapis.com/v1:GetModels?key=dummytoken
[5404:1368:0516/022918.906:VERBOSE1:tls_handshaker.cc(105)] TlsClient: Continuing handshake
[5404:1368:0516/022918.907:VERBOSE1:tls_handshaker.cc(126)] TlsClient: SSL_do_handshake returned when entering early data. After retry, rv=-1, SSL_in_early_data=1
[5404:1368:0516/022919.011:VERBOSE1:tls_handshaker.cc(105)] TlsClient: Continuing handshake
[5404:1368:0516/022919.011:VERBOSE1:tls_handshaker.cc(105)] TlsClient: Continuing handshake
[5404:1368:0516/022919.011:VERBOSE1:tls_client_handshaker.cc(528)] Client: handshake finished
[12152:11456:0516/022920.782:VERBOSE1:media_stream_manager.cc(1533)] MSPL::OnSpeedLimitChange({this=00002CCC001B6D40}, {new_limit=39})
[12152:11456:0516/022921.798:VERBOSE1:media_stream_manager.cc(1533)] MSPL::OnSpeedLimitChange({this=00002CCC001B6D40}, {new_limit=40})
[12152:11456:0516/022922.823:VERBOSE1:media_stream_manager.cc(1533)] MSPL::OnSpeedLimitChange({this=00002CCC001B6D40}, {new_limit=39})
[12152:11456:0516/022923.783:VERBOSE1:media_stream_manager.cc(1533)] MSPL::OnSpeedLimitChange({this=00002CCC001B6D40}, {new_limit=40})
[12152:11456:0516/022924.786:VERBOSE1:media_stream_manager.cc(1533)] MSPL::OnSpeedLimitChange({this=00002CCC001B6D40}, {new_limit=38})
[12152:11456:0516/022926.844:VERBOSE1:media_stream_manager.cc(1533)] MSPL::OnSpeedLimitChange({this=00002CCC001B6D40}, {new_limit=39})
[12152:11456:0516/022927.820:VERBOSE1:media_stream_manager.cc(1533)] MSPL::OnSpeedLimitChange({this=00002CCC001B6D40}, {new_limit=40})
[12152:11456:0516/022928.797:VERBOSE1:media_stream_manager.cc(1533)] MSPL::OnSpeedLimitChange({this=00002CCC001B6D40}, {new_limit=42})
[12152:11456:0516/022929.781:VERBOSE1:media_stream_manager.cc(1533)] MSPL::OnSpeedLimitChange({this=00002CCC001B6D40}, {new_limit=44})
[12152:11456:0516/022930.805:VERBOSE1:media_stream_manager.cc(1533)] MSPL::OnSpeedLimitChange({this=00002CCC001B6D40}, {new_limit=43})
[12152:11456:0516/022933.786:VERBOSE1:media_stream_manager.cc(1533)] MSPL::OnSpeedLimitChange({this=00002CCC001B6D40}, {new_limit=40})
[12152:11456:0516/022934.800:VERBOSE1:media_stream_manager.cc(1533)] MSPL::OnSpeedLimitChange({this=00002CCC001B6D40}, {new_limit=41})
[12152:11456:0516/022936.837:VERBOSE1:media_stream_manager.cc(1533)] MSPL::OnSpeedLimitChange({this=00002CCC001B6D40}, {new_limit=40})
[12152:11456:0516/022938.823:VERBOSE1:media_stream_manager.cc(1533)] MSPL::OnSpeedLimitChange({this=00002CCC001B6D40}, {new_limit=39})
[12152:11456:0516/022939.793:VERBOSE1:media_stream_manager.cc(1533)] MSPL::OnSpeedLimitChange({this=00002CCC001B6D40}, {new_limit=38})
[12152:11456:0516/022941.814:VERBOSE1:media_stream_manager.cc(1533)] MSPL::OnSpeedLimitChange({this=00002CCC001B6D40}, {new_limit=37})
[12152:11456:0516/022943.843:VERBOSE1:media_stream_manager.cc(1533)] MSPL::OnSpeedLimitChange({this=00002CCC001B6D40}, {new_limit=38})
[12152:11456:0516/022947.844:VERBOSE1:media_stream_manager.cc(1533)] MSPL::OnSpeedLimitChange({this=00002CCC001B6D40}, {new_limit=37})
[12152:11456:0516/022948.832:VERBOSE1:media_stream_manager.cc(1533)] MSPL::OnSpeedLimitChange({this=00002CCC001B6D40}, {new_limit=38})
[12152:11456:0516/022949.845:VERBOSE1:media_stream_manager.cc(1533)] MSPL::OnSpeedLimitChange({this=00002CCC001B6D40}, {new_limit=37})
[12152:11456:0516/022953.844:VERBOSE1:media_stream_manager.cc(1533)] MSPL::OnSpeedLimitChange({this=00002CCC001B6D40}, {new_limit=35})
[12152:11456:0516/022957.834:VERBOSE1:media_stream_manager.cc(1533)] MSPL::OnSpeedLimitChange({this=00002CCC001B6D40}, {new_limit=37})
[12152:11456:0516/022958.850:VERBOSE1:media_stream_manager.cc(1533)] MSPL::OnSpeedLimitChange({this=00002CCC001B6D40}, {new_limit=35})
[12152:11456:0516/022959.834:VERBOSE1:media_stream_manager.cc(1533)] MSPL::OnSpeedLimitChange({this=00002CCC001B6D40}, {new_limit=38})
[12152:11456:0516/023005.839:VERBOSE1:media_stream_manager.cc(1533)] MSPL::OnSpeedLimitChange({this=00002CCC001B6D40}, {new_limit=39})
[12152:11456:0516/023007.807:VERBOSE1:media_stream_manager.cc(1533)] MSPL::OnSpeedLimitChange({this=00002CCC001B6D40}, {new_limit=38})
[12152:11456:0516/023008.844:VERBOSE1:media_stream_manager.cc(1533)] MSPL::OnSpeedLimitChange({this=00002CCC001B6D40}, {new_limit=39})
[12152:11456:0516/023009.816:VERBOSE1:media_stream_manager.cc(1533)] MSPL::OnSpeedLimitChange({this=00002CCC001B6D40}, {new_limit=38})
[12152:11456:0516/023010.833:VERBOSE1:media_stream_manager.cc(1533)] MSPL::OnSpeedLimitChange({this=00002CCC001B6D40}, {new_limit=41})
[12152:11456:0516/023012.829:VERBOSE1:media_stream_manager.cc(1533)] MSPL::OnSpeedLimitChange({this=00002CCC001B6D40}, {new_limit=42})
[12152:11456:0516/023015.816:VERBOSE1:media_stream_manager.cc(1533)] MSPL::OnSpeedLimitChange({this=00002CCC001B6D40}, {new_limit=43})
[12152:11456:0516/023017.835:VERBOSE1:media_stream_manager.cc(1533)] MSPL::OnSpeedLimitChange({this=00002CCC001B6D40}, {new_limit=44})
[12152:11456:0516/023019.834:VERBOSE1:media_stream_manager.cc(1533)] MSPL::OnSpeedLimitChange({this=00002CCC001B6D40}, {new_limit=43})
[12152:11456:0516/023020.841:VERBOSE1:media_stream_manager.cc(1533)] MSPL::OnSpeedLimitChange({this=00002CCC001B6D40}, {new_limit=42})
[12152:11456:0516/023023.864:VERBOSE1:media_stream_manager.cc(1533)] MSPL::OnSpeedLimitChange({this=00002CCC001B6D40}, {new_limit=44})
[12152:11456:0516/023025.827:VERBOSE1:media_stream_manager.cc(1533)] MSPL::OnSpeedLimitChange({this=00002CCC001B6D40}, {new_limit=42})
[12152:11456:0516/023027.857:VERBOSE1:media_stream_manager.cc(1533)] MSPL::OnSpeedLimitChange({this=00002CCC001B6D40}, {new_limit=43})
[12152:11456:0516/023028.849:VERBOSE1:media_stream_manager.cc(1533)] MSPL::OnSpeedLimitChange({this=00002CCC001B6D40}, {new_limit=42})
[12152:11456:0516/023030.835:VERBOSE1:media_stream_manager.cc(1533)] MSPL::OnSpeedLimitChange({this=00002CCC001B6D40}, {new_limit=41})
[12152:11456:0516/023031.856:VERBOSE1:media_stream_manager.cc(1533)] MSPL::OnSpeedLimitChange({this=00002CCC001B6D40}, {new_limit=40})
[12152:11456:0516/023032.866:VERBOSE1:media_stream_manager.cc(1533)] MSPL::OnSpeedLimitChange({this=00002CCC001B6D40}, {new_limit=39})
[12152:11456:0516/023033.839:VERBOSE1:media_stream_manager.cc(1533)] MSPL::OnSpeedLimitChange({this=00002CCC001B6D40}, {new_limit=40})
[12152:11456:0516/023034.863:VERBOSE1:media_stream_manager.cc(1533)] MSPL::OnSpeedLimitChange({this=00002CCC001B6D40}, {new_limit=42})
[12152:11456:0516/023036.835:VERBOSE1:media_stream_manager.cc(1533)] MSPL::OnSpeedLimitChange({this=00002CCC001B6D40}, {new_limit=41})
[12152:11456:0516/023037.839:VERBOSE1:media_stream_manager.cc(1533)] MSPL::OnSpeedLimitChange({this=00002CCC001B6D40}, {new_limit=40})
[12152:11456:0516/023043.842:VERBOSE1:media_stream_manager.cc(1533)] MSPL::OnSpeedLimitChange({this=00002CCC001B6D40}, {new_limit=38})
[12152:11456:0516/023044.893:VERBOSE1:media_stream_manager.cc(1533)] MSPL::OnSpeedLimitChange({this=00002CCC001B6D40}, {new_limit=36})
[12152:11456:0516/023047.885:VERBOSE1:media_stream_manager.cc(1533)] MSPL::OnSpeedLimitChange({this=00002CCC001B6D40}, {new_limit=35})
[12152:11456:0516/023050.915:VERBOSE1:media_stream_manager.cc(1533)] MSPL::OnSpeedLimitChange({this=00002CCC001B6D40}, {new_limit=38})
[12152:11456:0516/023053.886:VERBOSE1:media_stream_manager.cc(1533)] MSPL::OnSpeedLimitChange({this=00002CCC001B6D40}, {new_limit=39})
[12152:11456:0516/023057.901:VERBOSE1:media_stream_manager.cc(1533)] MSPL::OnSpeedLimitChange({this=00002CCC001B6D40}, {new_limit=41})
[12152:11456:0516/023058.846:VERBOSE1:media_stream_manager.cc(1533)] MSPL::OnSpeedLimitChange({this=00002CCC001B6D40}, {new_limit=42})
[12152:11456:0516/023100.850:VERBOSE1:media_stream_manager.cc(1533)] MSPL::OnSpeedLimitChange({this=00002CCC001B6D40}, {new_limit=38})
[12152:11456:0516/023103.898:VERBOSE1:media_stream_manager.cc(1533)] MSPL::OnSpeedLimitChange({this=00002CCC001B6D40}, {new_limit=37})
[12152:11456:0516/023105.898:VERBOSE1:media_stream_manager.cc(1533)] MSPL::OnSpeedLimitChange({this=00002CCC001B6D40}, {new_limit=38})
[12152:11456:0516/023107.889:VERBOSE1:media_stream_manager.cc(1533)] MSPL::OnSpeedLimitChange({this=00002CCC001B6D40}, {new_limit=35})
[12152:11456:0516/023108.880:VERBOSE1:media_stream_manager.cc(1533)] MSPL::OnSpeedLimitChange({this=00002CCC001B6D40}, {new_limit=34})
[12152:11456:0516/023114.908:VERBOSE1:media_stream_manager.cc(1533)] MSPL::OnSpeedLimitChange({this=00002CCC001B6D40}, {new_limit=36})
[12152:11456:0516/023115.894:VERBOSE1:media_stream_manager.cc(1533)] MSPL::OnSpeedLimitChange({this=00002CCC001B6D40}, {new_limit=35})
[12152:11456:0516/023116.899:VERBOSE1:media_stream_manager.cc(1533)] MSPL::OnSpeedLimitChange({this=00002CCC001B6D40}, {new_limit=37})
[12152:11456:0516/023118.917:VERBOSE1:media_stream_manager.cc(1533)] MSPL::OnSpeedLimitChange({this=00002CCC001B6D40}, {new_limit=38})
[12152:11456:0516/023122.907:VERBOSE1:media_stream_manager.cc(1533)] MSPL::OnSpeedLimitChange({this=00002CCC001B6D40}, {new_limit=39})
[12152:11456:0516/023124.905:VERBOSE1:media_stream_manager.cc(1533)] MSPL::OnSpeedLimitChange({this=00002CCC001B6D40}, {new_limit=38})
[12152:11456:0516/023126.947:VERBOSE1:media_stream_manager.cc(1533)] MSPL::OnSpeedLimitChange({this=00002CCC001B6D40}, {new_limit=36})
[12152:11456:0516/023127.888:VERBOSE1:media_stream_manager.cc(1533)] MSPL::OnSpeedLimitChange({this=00002CCC001B6D40}, {new_limit=38})
[12152:11456:0516/023137.924:VERBOSE1:media_stream_manager.cc(1533)] MSPL::OnSpeedLimitChange({this=00002CCC001B6D40}, {new_limit=36})
[12152:11456:0516/023138.893:VERBOSE1:media_stream_manager.cc(1533)] MSPL::OnSpeedLimitChange({this=00002CCC001B6D40}, {new_limit=34})
[12152:11456:0516/023141.895:VERBOSE1:media_stream_manager.cc(1533)] MSPL::OnSpeedLimitChange({this=00002CCC001B6D40}, {new_limit=35})
[12152:11456:0516/023142.894:VERBOSE1:media_stream_manager.cc(1533)] MSPL::OnSpeedLimitChange({this=00002CCC001B6D40}, {new_limit=34})
[12152:11456:0516/023143.914:VERBOSE1:media_stream_manager.cc(1533)] MSPL::OnSpeedLimitChange({this=00002CCC001B6D40}, {new_limit=35})
[12152:11456:0516/023144.938:VERBOSE1:media_stream_manager.cc(1533)] MSPL::OnSpeedLimitChange({this=00002CCC001B6D40}, {new_limit=36})
[12152:11456:0516/023148.169:VERBOSE1:media_stream_manager.cc(1533)] MSPL::OnSpeedLimitChange({this=00002CCC001B6D40}, {new_limit=100})
[12152:15228:0516/023149.924:VERBOSE1:device_event_log_impl.cc(198)] [02:31:49.925] Display: EVENT: screen_win.cc:893 Displays updated, count: 2
[12152:15228:0516/023149.924:VERBOSE1:device_event_log_impl.cc(198)] [02:31:49.926] Display: EVENT: screen_win.cc:895 Display[1552941674] bounds=[1360,0 1366x768], workarea=[1360,0 1366x720], scale=1, rotation=0, panel_rotation=0 external detected
[12152:15228:0516/023149.926:VERBOSE1:device_event_log_impl.cc(198)] [02:31:49.926] Display: EVENT: screen_win.cc:895 Display[3336287498] bounds=[0,0 1360x768], workarea=[0,0 1360x720], scale=1, rotation=0, panel_rotation=0 external detected
[5404:1368:0516/023156.231:VERBOSE1:network_delegate.cc(36)] NetworkDelegate::NotifyBeforeURLRequest: https://optimizationguide-pa.googleapis.com/v1:GetModels?key=dummytoken
[5404:1368:0516/023156.279:VERBOSE1:tls_handshaker.cc(105)] TlsClient: Continuing handshake
[5404:1368:0516/023156.281:VERBOSE1:tls_handshaker.cc(126)] TlsClient: SSL_do_handshake returned when entering early data. After retry, rv=-1, SSL_in_early_data=1
[5404:1368:0516/023156.326:VERBOSE1:tls_handshaker.cc(105)] TlsClient: Continuing handshake
[5404:1368:0516/023156.326:VERBOSE1:tls_handshaker.cc(105)] TlsClient: Continuing handshake
[5404:1368:0516/023156.326:VERBOSE1:tls_client_handshaker.cc(528)] Client: handshake finished
[12152:15228:0516/023240.430:VERBOSE1:device_event_log_impl.cc(198)] [02:32:40.430] Display: EVENT: screen_win.cc:893 Displays updated, count: 2
[12152:15228:0516/023240.430:VERBOSE1:device_event_log_impl.cc(198)] [02:32:40.430] Display: EVENT: screen_win.cc:895 Display[1552941674] bounds=[1360,0 1366x768], workarea=[1360,0 1366x720], scale=1, rotation=0, panel_rotation=0 external detected
[12152:15228:0516/023240.430:VERBOSE1:device_event_log_impl.cc(198)] [02:32:40.430] Display: EVENT: screen_win.cc:895 Display[3336287498] bounds=[0,0 1360x768], workarea=[0,0 1360x720], scale=1, rotation=0, panel_rotation=0 external detected
[12152:11456:0516/023316.080:VERBOSE1:media_stream_manager.cc(1533)] MSPL::OnSpeedLimitChange({this=00002CCC001B6D40}, {new_limit=66})
[12152:11456:0516/023317.065:VERBOSE1:media_stream_manager.cc(1533)] MSPL::OnSpeedLimitChange({this=00002CCC001B6D40}, {new_limit=100})
[12152:15228:0516/023341.754:VERBOSE1:device_event_log_impl.cc(198)] [02:33:41.753] Display: EVENT: screen_win.cc:893 Displays updated, count: 2
[12152:15228:0516/023341.754:VERBOSE1:device_event_log_impl.cc(198)] [02:33:41.753] Display: EVENT: screen_win.cc:895 Display[1552941674] bounds=[1360,0 1366x768], workarea=[1360,0 1366x720], scale=1, rotation=0, panel_rotation=0 external detected
[12152:15228:0516/023341.754:VERBOSE1:device_event_log_impl.cc(198)] [02:33:41.753] Display: EVENT: screen_win.cc:895 Display[3336287498] bounds=[0,0 1360x768], workarea=[0,0 1360x720], scale=1, rotation=0, panel_rotation=0 external detected
[5404:1368:0516/023445.607:VERBOSE1:network_delegate.cc(36)] NetworkDelegate::NotifyBeforeURLRequest: https://optimizationguide-pa.googleapis.com/v1:GetModels?key=dummytoken
[5404:1368:0516/023445.628:VERBOSE1:tls_handshaker.cc(105)] TlsClient: Continuing handshake
[5404:1368:0516/023445.673:VERBOSE1:tls_handshaker.cc(105)] TlsClient: Continuing handshake
[5404:1368:0516/023446.274:VERBOSE1:tls_handshaker.cc(105)] TlsClient: Continuing handshake
[5404:1368:0516/023446.274:VERBOSE1:tls_handshaker.cc(126)] TlsClient: SSL_do_handshake returned when entering early data. After retry, rv=-1, SSL_in_early_data=1
[5404:1368:0516/023446.275:VERBOSE1:tls_handshaker.cc(105)] TlsClient: Continuing handshake
[5404:1368:0516/023446.275:VERBOSE1:tls_client_handshaker.cc(528)] Client: handshake finished
[12152:15228:0516/023459.076:VERBOSE1:device_event_log_impl.cc(198)] [02:34:59.076] Display: EVENT: screen_win.cc:893 Displays updated, count: 2
[12152:15228:0516/023459.076:VERBOSE1:device_event_log_impl.cc(198)] [02:34:59.076] Display: EVENT: screen_win.cc:895 Display[1552941674] bounds=[1360,0 1366x768], workarea=[1360,0 1366x720], scale=1, rotation=0, panel_rotation=0 external detected
[12152:15228:0516/023459.076:VERBOSE1:device_event_log_impl.cc(198)] [02:34:59.076] Display: EVENT: screen_win.cc:895 Display[3336287498] bounds=[0,0 1360x768], workarea=[0,0 1360x720], scale=1, rotation=0, panel_rotation=0 external detected
[12152:15228:0516/023556.561:VERBOSE1:device_event_log_impl.cc(198)] [02:35:56.561] Display: EVENT: screen_win.cc:893 Displays updated, count: 2
[12152:15228:0516/023556.561:VERBOSE1:device_event_log_impl.cc(198)] [02:35:56.561] Display: EVENT: screen_win.cc:895 Display[1552941674] bounds=[1360,0 1366x768], workarea=[1360,0 1366x720], scale=1, rotation=0, panel_rotation=0 external detected
[12152:15228:0516/023556.561:VERBOSE1:device_event_log_impl.cc(198)] [02:35:56.561] Display: EVENT: screen_win.cc:895 Display[3336287498] bounds=[0,0 1360x768], workarea=[0,0 1360x720], scale=1, rotation=0, panel_rotation=0 external detected
[12152:11456:0516/023605.227:VERBOSE1:media_stream_manager.cc(1533)] MSPL::OnSpeedLimitChange({this=00002CCC001B6D40}, {new_limit=43})
[12152:11456:0516/023606.219:VERBOSE1:media_stream_manager.cc(1533)] MSPL::OnSpeedLimitChange({this=00002CCC001B6D40}, {new_limit=47})
[12152:11456:0516/023607.217:VERBOSE1:media_stream_manager.cc(1533)] MSPL::OnSpeedLimitChange({this=00002CCC001B6D40}, {new_limit=49})
[12152:11456:0516/023608.211:VERBOSE1:media_stream_manager.cc(1533)] MSPL::OnSpeedLimitChange({this=00002CCC001B6D40}, {new_limit=51})
[12152:11456:0516/023609.201:VERBOSE1:media_stream_manager.cc(1533)] MSPL::OnSpeedLimitChange({this=00002CCC001B6D40}, {new_limit=52})
[12152:11456:0516/023611.239:VERBOSE1:media_stream_manager.cc(1533)] MSPL::OnSpeedLimitChange({this=00002CCC001B6D40}, {new_limit=57})
[12152:11456:0516/023612.240:VERBOSE1:media_stream_manager.cc(1533)] MSPL::OnSpeedLimitChange({this=00002CCC001B6D40}, {new_limit=62})
[12152:11456:0516/023613.217:VERBOSE1:media_stream_manager.cc(1533)] MSPL::OnSpeedLimitChange({this=00002CCC001B6D40}, {new_limit=61})
[12152:11456:0516/023614.233:VERBOSE1:media_stream_manager.cc(1533)] MSPL::OnSpeedLimitChange({this=00002CCC001B6D40}, {new_limit=62})
[12152:11456:0516/023615.230:VERBOSE1:media_stream_manager.cc(1533)] MSPL::OnSpeedLimitChange({this=00002CCC001B6D40}, {new_limit=63})
[12152:11456:0516/023616.256:VERBOSE1:media_stream_manager.cc(1533)] MSPL::OnSpeedLimitChange({this=00002CCC001B6D40}, {new_limit=58})
[12152:11456:0516/023617.208:VERBOSE1:media_stream_manager.cc(1533)] MSPL::OnSpeedLimitChange({this=00002CCC001B6D40}, {new_limit=60})
[12152:11456:0516/023619.264:VERBOSE1:media_stream_manager.cc(1533)] MSPL::OnSpeedLimitChange({this=00002CCC001B6D40}, {new_limit=61})
[12152:11456:0516/023620.264:VERBOSE1:media_stream_manager.cc(1533)] MSPL::OnSpeedLimitChange({this=00002CCC001B6D40}, {new_limit=62})
[12152:11456:0516/023621.228:VERBOSE1:media_stream_manager.cc(1533)] MSPL::OnSpeedLimitChange({this=00002CCC001B6D40}, {new_limit=57})
[12152:11456:0516/023622.219:VERBOSE1:media_stream_manager.cc(1533)] MSPL::OnSpeedLimitChange({this=00002CCC001B6D40}, {new_limit=52})
[12152:11456:0516/023623.244:VERBOSE1:media_stream_manager.cc(1533)] MSPL::OnSpeedLimitChange({this=00002CCC001B6D40}, {new_limit=51})
[12152:11456:0516/023624.349:VERBOSE1:media_stream_manager.cc(1533)] MSPL::OnSpeedLimitChange({this=00002CCC001B6D40}, {new_limit=100})
[12152:11456:0516/023634.276:VERBOSE1:media_stream_manager.cc(1533)] MSPL::OnSpeedLimitChange({this=00002CCC001B6D40}, {new_limit=51})
[12152:11456:0516/023635.275:VERBOSE1:media_stream_manager.cc(1533)] MSPL::OnSpeedLimitChange({this=00002CCC001B6D40}, {new_limit=55})
[12152:11456:0516/023636.277:VERBOSE1:media_stream_manager.cc(1533)] MSPL::OnSpeedLimitChange({this=00002CCC001B6D40}, {new_limit=57})
[12152:11456:0516/023637.281:VERBOSE1:media_stream_manager.cc(1533)] MSPL::OnSpeedLimitChange({this=00002CCC001B6D40}, {new_limit=59})
[12152:11456:0516/023638.221:VERBOSE1:media_stream_manager.cc(1533)] MSPL::OnSpeedLimitChange({this=00002CCC001B6D40}, {new_limit=61})
[12152:11456:0516/023639.226:VERBOSE1:media_stream_manager.cc(1533)] MSPL::OnSpeedLimitChange({this=00002CCC001B6D40}, {new_limit=64})
[12152:11456:0516/023640.226:VERBOSE1:media_stream_manager.cc(1533)] MSPL::OnSpeedLimitChange({this=00002CCC001B6D40}, {new_limit=69})
[12152:11456:0516/023641.231:VERBOSE1:media_stream_manager.cc(1533)] MSPL::OnSpeedLimitChange({this=00002CCC001B6D40}, {new_limit=72})
[12152:11456:0516/023642.238:VERBOSE1:media_stream_manager.cc(1533)] MSPL::OnSpeedLimitChange({this=00002CCC001B6D40}, {new_limit=71})
[12152:11456:0516/023643.306:VERBOSE1:media_stream_manager.cc(1533)] MSPL::OnSpeedLimitChange({this=00002CCC001B6D40}, {new_limit=73})
[12152:11456:0516/023644.246:VERBOSE1:media_stream_manager.cc(1533)] MSPL::OnSpeedLimitChange({this=00002CCC001B6D40}, {new_limit=70})
[12152:11456:0516/023645.238:VERBOSE1:media_stream_manager.cc(1533)] MSPL::OnSpeedLimitChange({this=00002CCC001B6D40}, {new_limit=65})
[12152:11456:0516/023646.303:VERBOSE1:media_stream_manager.cc(1533)] MSPL::OnSpeedLimitChange({this=00002CCC001B6D40}, {new_limit=62})
[12152:11456:0516/023647.280:VERBOSE1:media_stream_manager.cc(1533)] MSPL::OnSpeedLimitChange({this=00002CCC001B6D40}, {new_limit=63})
[12152:11456:0516/023648.289:VERBOSE1:media_stream_manager.cc(1533)] MSPL::OnSpeedLimitChange({this=00002CCC001B6D40}, {new_limit=62})
[12152:11456:0516/023649.234:VERBOSE1:media_stream_manager.cc(1533)] MSPL::OnSpeedLimitChange({this=00002CCC001B6D40}, {new_limit=61})
[12152:11456:0516/023650.238:VERBOSE1:media_stream_manager.cc(1533)] MSPL::OnSpeedLimitChange({this=00002CCC001B6D40}, {new_limit=56})
[12152:11456:0516/023651.243:VERBOSE1:media_stream_manager.cc(1533)] MSPL::OnSpeedLimitChange({this=00002CCC001B6D40}, {new_limit=53})
[12152:11456:0516/023654.325:VERBOSE1:media_stream_manager.cc(1533)] MSPL::OnSpeedLimitChange({this=00002CCC001B6D40}, {new_limit=54})
[12152:11456:0516/023655.261:VERBOSE1:media_stream_manager.cc(1533)] MSPL::OnSpeedLimitChange({this=00002CCC001B6D40}, {new_limit=57})
[12152:11456:0516/023656.265:VERBOSE1:media_stream_manager.cc(1533)] MSPL::OnSpeedLimitChange({this=00002CCC001B6D40}, {new_limit=60})
[12152:11456:0516/023657.252:VERBOSE1:media_stream_manager.cc(1533)] MSPL::OnSpeedLimitChange({this=00002CCC001B6D40}, {new_limit=61})
[12152:11456:0516/023659.299:VERBOSE1:media_stream_manager.cc(1533)] MSPL::OnSpeedLimitChange({this=00002CCC001B6D40}, {new_limit=100})
[12152:11456:0516/023709.274:VERBOSE1:media_stream_manager.cc(1533)] MSPL::OnSpeedLimitChange({this=00002CCC001B6D40}, {new_limit=52})
[12152:11456:0516/023711.263:VERBOSE1:media_stream_manager.cc(1533)] MSPL::OnSpeedLimitChange({this=00002CCC001B6D40}, {new_limit=54})
[12152:11456:0516/023712.262:VERBOSE1:media_stream_manager.cc(1533)] MSPL::OnSpeedLimitChange({this=00002CCC001B6D40}, {new_limit=53})
[12152:11456:0516/023713.308:VERBOSE1:media_stream_manager.cc(1533)] MSPL::OnSpeedLimitChange({this=00002CCC001B6D40}, {new_limit=55})
[12152:11456:0516/023714.278:VERBOSE1:media_stream_manager.cc(1533)] MSPL::OnSpeedLimitChange({this=00002CCC001B6D40}, {new_limit=53})
[12152:11456:0516/023715.309:VERBOSE1:media_stream_manager.cc(1533)] MSPL::OnSpeedLimitChange({this=00002CCC001B6D40}, {new_limit=55})
[12152:11456:0516/023716.298:VERBOSE1:media_stream_manager.cc(1533)] MSPL::OnSpeedLimitChange({this=00002CCC001B6D40}, {new_limit=58})
[12152:11456:0516/023718.289:VERBOSE1:media_stream_manager.cc(1533)] MSPL::OnSpeedLimitChange({this=00002CCC001B6D40}, {new_limit=57})
[12152:11456:0516/023719.339:VERBOSE1:media_stream_manager.cc(1533)] MSPL::OnSpeedLimitChange({this=00002CCC001B6D40}, {new_limit=54})
[12152:11456:0516/023721.327:VERBOSE1:media_stream_manager.cc(1533)] MSPL::OnSpeedLimitChange({this=00002CCC001B6D40}, {new_limit=53})
[12152:11456:0516/023722.273:VERBOSE1:media_stream_manager.cc(1533)] MSPL::OnSpeedLimitChange({this=00002CCC001B6D40}, {new_limit=55})
[12152:11456:0516/023723.287:VERBOSE1:media_stream_manager.cc(1533)] MSPL::OnSpeedLimitChange({this=00002CCC001B6D40}, {new_limit=53})
[12152:11456:0516/023724.354:VERBOSE1:media_stream_manager.cc(1533)] MSPL::OnSpeedLimitChange({this=00002CCC001B6D40}, {new_limit=58})
[12152:11456:0516/023725.295:VERBOSE1:media_stream_manager.cc(1533)] MSPL::OnSpeedLimitChange({this=00002CCC001B6D40}, {new_limit=56})
[12152:11456:0516/023726.302:VERBOSE1:media_stream_manager.cc(1533)] MSPL::OnSpeedLimitChange({this=00002CCC001B6D40}, {new_limit=57})
[12152:11456:0516/023727.309:VERBOSE1:media_stream_manager.cc(1533)] MSPL::OnSpeedLimitChange({this=00002CCC001B6D40}, {new_limit=59})
[5404:1368:0516/023727.708:VERBOSE1:network_delegate.cc(36)] NetworkDelegate::NotifyBeforeURLRequest: https://optimizationguide-pa.googleapis.com/v1:GetModels?key=dummytoken
[5404:1368:0516/023727.767:VERBOSE1:tls_handshaker.cc(105)] TlsClient: Continuing handshake
[5404:1368:0516/023727.771:VERBOSE1:tls_handshaker.cc(126)] TlsClient: SSL_do_handshake returned when entering early data. After retry, rv=-1, SSL_in_early_data=1
[5404:1368:0516/023727.818:VERBOSE1:tls_handshaker.cc(105)] TlsClient: Continuing handshake
[5404:1368:0516/023727.818:VERBOSE1:tls_handshaker.cc(105)] TlsClient: Continuing handshake
[5404:1368:0516/023727.818:VERBOSE1:tls_client_handshaker.cc(528)] Client: handshake finished
[12152:11456:0516/023728.324:VERBOSE1:media_stream_manager.cc(1533)] MSPL::OnSpeedLimitChange({this=00002CCC001B6D40}, {new_limit=58})
[12152:11456:0516/023729.283:VERBOSE1:media_stream_manager.cc(1533)] MSPL::OnSpeedLimitChange({this=00002CCC001B6D40}, {new_limit=60})
[12152:11456:0516/023730.343:VERBOSE1:media_stream_manager.cc(1533)] MSPL::OnSpeedLimitChange({this=00002CCC001B6D40}, {new_limit=62})
[12152:11456:0516/023731.333:VERBOSE1:media_stream_manager.cc(1533)] MSPL::OnSpeedLimitChange({this=00002CCC001B6D40}, {new_limit=59})
[12152:11456:0516/023732.290:VERBOSE1:media_stream_manager.cc(1533)] MSPL::OnSpeedLimitChange({this=00002CCC001B6D40}, {new_limit=58})
[12152:11456:0516/023733.336:VERBOSE1:media_stream_manager.cc(1533)] MSPL::OnSpeedLimitChange({this=00002CCC001B6D40}, {new_limit=55})
[12152:11456:0516/023734.308:VERBOSE1:media_stream_manager.cc(1533)] MSPL::OnSpeedLimitChange({this=00002CCC001B6D40}, {new_limit=50})
[12152:11456:0516/023735.303:VERBOSE1:media_stream_manager.cc(1533)] MSPL::OnSpeedLimitChange({this=00002CCC001B6D40}, {new_limit=53})
[12152:11456:0516/023737.313:VERBOSE1:media_stream_manager.cc(1533)] MSPL::OnSpeedLimitChange({this=00002CCC001B6D40}, {new_limit=52})
[12152:11456:0516/023738.294:VERBOSE1:media_stream_manager.cc(1533)] MSPL::OnSpeedLimitChange({this=00002CCC001B6D40}, {new_limit=51})
[12152:11456:0516/023739.283:VERBOSE1:media_stream_manager.cc(1533)] MSPL::OnSpeedLimitChange({this=00002CCC001B6D40}, {new_limit=52})
[12152:11456:0516/023740.330:VERBOSE1:media_stream_manager.cc(1533)] MSPL::OnSpeedLimitChange({this=00002CCC001B6D40}, {new_limit=54})
[12152:11456:0516/023741.369:VERBOSE1:media_stream_manager.cc(1533)] MSPL::OnSpeedLimitChange({this=00002CCC001B6D40}, {new_limit=55})
[12152:11456:0516/023742.288:VERBOSE1:media_stream_manager.cc(1533)] MSPL::OnSpeedLimitChange({this=00002CCC001B6D40}, {new_limit=60})
[12152:11456:0516/023743.324:VERBOSE1:media_stream_manager.cc(1533)] MSPL::OnSpeedLimitChange({this=00002CCC001B6D40}, {new_limit=64})
[12152:11456:0516/023744.309:VERBOSE1:media_stream_manager.cc(1533)] MSPL::OnSpeedLimitChange({this=00002CCC001B6D40}, {new_limit=67})
[12152:11456:0516/023745.298:VERBOSE1:media_stream_manager.cc(1533)] MSPL::OnSpeedLimitChange({this=00002CCC001B6D40}, {new_limit=66})
[12152:11456:0516/023746.363:VERBOSE1:media_stream_manager.cc(1533)] MSPL::OnSpeedLimitChange({this=00002CCC001B6D40}, {new_limit=63})
[12152:11456:0516/023747.291:VERBOSE1:media_stream_manager.cc(1533)] MSPL::OnSpeedLimitChange({this=00002CCC001B6D40}, {new_limit=62})
[12152:11456:0516/023748.353:VERBOSE1:media_stream_manager.cc(1533)] MSPL::OnSpeedLimitChange({this=00002CCC001B6D40}, {new_limit=67})
[12152:11456:0516/023750.348:VERBOSE1:media_stream_manager.cc(1533)] MSPL::OnSpeedLimitChange({this=00002CCC001B6D40}, {new_limit=63})
[12152:11456:0516/023751.336:VERBOSE1:media_stream_manager.cc(1533)] MSPL::OnSpeedLimitChange({this=00002CCC001B6D40}, {new_limit=66})
[12152:11456:0516/023752.303:VERBOSE1:media_stream_manager.cc(1533)] MSPL::OnSpeedLimitChange({this=00002CCC001B6D40}, {new_limit=64})
[12152:11456:0516/023753.324:VERBOSE1:media_stream_manager.cc(1533)] MSPL::OnSpeedLimitChange({this=00002CCC001B6D40}, {new_limit=62})
[12152:11456:0516/023755.313:VERBOSE1:media_stream_manager.cc(1533)] MSPL::OnSpeedLimitChange({this=00002CCC001B6D40}, {new_limit=60})
[12152:11456:0516/023756.313:VERBOSE1:media_stream_manager.cc(1533)] MSPL::OnSpeedLimitChange({this=00002CCC001B6D40}, {new_limit=61})
[12152:11456:0516/023757.303:VERBOSE1:media_stream_manager.cc(1533)] MSPL::OnSpeedLimitChange({this=00002CCC001B6D40}, {new_limit=59})
[12152:11456:0516/023758.346:VERBOSE1:media_stream_manager.cc(1533)] MSPL::OnSpeedLimitChange({this=00002CCC001B6D40}, {new_limit=57})
[12152:11456:0516/023800.328:VERBOSE1:media_stream_manager.cc(1533)] MSPL::OnSpeedLimitChange({this=00002CCC001B6D40}, {new_limit=61})
[12152:11456:0516/023802.365:VERBOSE1:media_stream_manager.cc(1533)] MSPL::OnSpeedLimitChange({this=00002CCC001B6D40}, {new_limit=59})
[12152:11456:0516/023804.339:VERBOSE1:media_stream_manager.cc(1533)] MSPL::OnSpeedLimitChange({this=00002CCC001B6D40}, {new_limit=62})
[12152:11456:0516/023806.337:VERBOSE1:media_stream_manager.cc(1533)] MSPL::OnSpeedLimitChange({this=00002CCC001B6D40}, {new_limit=59})
[12152:11456:0516/023807.313:VERBOSE1:media_stream_manager.cc(1533)] MSPL::OnSpeedLimitChange({this=00002CCC001B6D40}, {new_limit=60})
[12152:11456:0516/023809.346:VERBOSE1:media_stream_manager.cc(1533)] MSPL::OnSpeedLimitChange({this=00002CCC001B6D40}, {new_limit=57})
[12152:11456:0516/023810.336:VERBOSE1:media_stream_manager.cc(1533)] MSPL::OnSpeedLimitChange({this=00002CCC001B6D40}, {new_limit=53})
[12152:11456:0516/023812.375:VERBOSE1:media_stream_manager.cc(1533)] MSPL::OnSpeedLimitChange({this=00002CCC001B6D40}, {new_limit=56})
[12152:11456:0516/023813.361:VERBOSE1:media_stream_manager.cc(1533)] MSPL::OnSpeedLimitChange({this=00002CCC001B6D40}, {new_limit=57})
[12152:11456:0516/023814.343:VERBOSE1:media_stream_manager.cc(1533)] MSPL::OnSpeedLimitChange({this=00002CCC001B6D40}, {new_limit=56})
[12152:11456:0516/023816.343:VERBOSE1:media_stream_manager.cc(1533)] MSPL::OnSpeedLimitChange({this=00002CCC001B6D40}, {new_limit=61})
[12152:11456:0516/023817.363:VERBOSE1:media_stream_manager.cc(1533)] MSPL::OnSpeedLimitChange({this=00002CCC001B6D40}, {new_limit=63})
[12152:11456:0516/023818.336:VERBOSE1:media_stream_manager.cc(1533)] MSPL::OnSpeedLimitChange({this=00002CCC001B6D40}, {new_limit=60})
[12152:11456:0516/023819.373:VERBOSE1:media_stream_manager.cc(1533)] MSPL::OnSpeedLimitChange({this=00002CCC001B6D40}, {new_limit=63})
[12152:11456:0516/023820.347:VERBOSE1:media_stream_manager.cc(1533)] MSPL::OnSpeedLimitChange({this=00002CCC001B6D40}, {new_limit=66})
[12152:11456:0516/023821.389:VERBOSE1:media_stream_manager.cc(1533)] MSPL::OnSpeedLimitChange({this=00002CCC001B6D40}, {new_limit=67})
[12152:11456:0516/023822.360:VERBOSE1:media_stream_manager.cc(1533)] MSPL::OnSpeedLimitChange({this=00002CCC001B6D40}, {new_limit=65})
[12152:11456:0516/023823.369:VERBOSE1:media_stream_manager.cc(1533)] MSPL::OnSpeedLimitChange({this=00002CCC001B6D40}, {new_limit=62})
[12152:11456:0516/023824.364:VERBOSE1:media_stream_manager.cc(1533)] MSPL::OnSpeedLimitChange({this=00002CCC001B6D40}, {new_limit=63})
[12152:11456:0516/023825.393:VERBOSE1:media_stream_manager.cc(1533)] MSPL::OnSpeedLimitChange({this=00002CCC001B6D40}, {new_limit=64})
[12152:11456:0516/023826.360:VERBOSE1:media_stream_manager.cc(1533)] MSPL::OnSpeedLimitChange({this=00002CCC001B6D40}, {new_limit=61})
[12152:11456:0516/023827.354:VERBOSE1:media_stream_manager.cc(1533)] MSPL::OnSpeedLimitChange({this=00002CCC001B6D40}, {new_limit=56})
[12152:11456:0516/023828.356:VERBOSE1:media_stream_manager.cc(1533)] MSPL::OnSpeedLimitChange({this=00002CCC001B6D40}, {new_limit=58})
[12152:11456:0516/023830.366:VERBOSE1:media_stream_manager.cc(1533)] MSPL::OnSpeedLimitChange({this=00002CCC001B6D40}, {new_limit=57})
[12152:11456:0516/023831.356:VERBOSE1:media_stream_manager.cc(1533)] MSPL::OnSpeedLimitChange({this=00002CCC001B6D40}, {new_limit=55})
[12152:11456:0516/023832.338:VERBOSE1:media_stream_manager.cc(1533)] MSPL::OnSpeedLimitChange({this=00002CCC001B6D40}, {new_limit=52})
[12152:11456:0516/023834.372:VERBOSE1:media_stream_manager.cc(1533)] MSPL::OnSpeedLimitChange({this=00002CCC001B6D40}, {new_limit=48})
[12152:11456:0516/023835.343:VERBOSE1:media_stream_manager.cc(1533)] MSPL::OnSpeedLimitChange({this=00002CCC001B6D40}, {new_limit=46})
[12152:11456:0516/023836.389:VERBOSE1:media_stream_manager.cc(1533)] MSPL::OnSpeedLimitChange({this=00002CCC001B6D40}, {new_limit=47})
[12152:11456:0516/023837.343:VERBOSE1:media_stream_manager.cc(1533)] MSPL::OnSpeedLimitChange({this=00002CCC001B6D40}, {new_limit=50})
[12152:11456:0516/023839.390:VERBOSE1:media_stream_manager.cc(1533)] MSPL::OnSpeedLimitChange({this=00002CCC001B6D40}, {new_limit=48})
[12152:11456:0516/023840.363:VERBOSE1:media_stream_manager.cc(1533)] MSPL::OnSpeedLimitChange({this=00002CCC001B6D40}, {new_limit=51})
[12152:11456:0516/023841.358:VERBOSE1:media_stream_manager.cc(1533)] MSPL::OnSpeedLimitChange({this=00002CCC001B6D40}, {new_limit=50})
[12152:11456:0516/023842.395:VERBOSE1:media_stream_manager.cc(1533)] MSPL::OnSpeedLimitChange({this=00002CCC001B6D40}, {new_limit=51})
[12152:11456:0516/023843.504:VERBOSE1:media_stream_manager.cc(1533)] MSPL::OnSpeedLimitChange({this=00002CCC001B6D40}, {new_limit=53})
[12152:11456:0516/023844.367:VERBOSE1:media_stream_manager.cc(1533)] MSPL::OnSpeedLimitChange({this=00002CCC001B6D40}, {new_limit=54})
[12152:11456:0516/023845.348:VERBOSE1:media_stream_manager.cc(1533)] MSPL::OnSpeedLimitChange({this=00002CCC001B6D40}, {new_limit=56})
[12152:11456:0516/023847.408:VERBOSE1:media_stream_manager.cc(1533)] MSPL::OnSpeedLimitChange({this=00002CCC001B6D40}, {new_limit=57})
[12152:11456:0516/023849.395:VERBOSE1:media_stream_manager.cc(1533)] MSPL::OnSpeedLimitChange({this=00002CCC001B6D40}, {new_limit=60})
[12152:11456:0516/023850.379:VERBOSE1:media_stream_manager.cc(1533)] MSPL::OnSpeedLimitChange({this=00002CCC001B6D40}, {new_limit=59})
[12152:11456:0516/023851.356:VERBOSE1:media_stream_manager.cc(1533)] MSPL::OnSpeedLimitChange({this=00002CCC001B6D40}, {new_limit=62})
[12152:11456:0516/023852.401:VERBOSE1:media_stream_manager.cc(1533)] MSPL::OnSpeedLimitChange({this=00002CCC001B6D40}, {new_limit=64})
[12152:11456:0516/023853.379:VERBOSE1:media_stream_manager.cc(1533)] MSPL::OnSpeedLimitChange({this=00002CCC001B6D40}, {new_limit=67})
[12152:11456:0516/023855.355:VERBOSE1:media_stream_manager.cc(1533)] MSPL::OnSpeedLimitChange({this=00002CCC001B6D40}, {new_limit=64})
[12152:11456:0516/023856.388:VERBOSE1:media_stream_manager.cc(1533)] MSPL::OnSpeedLimitChange({this=00002CCC001B6D40}, {new_limit=62})
[12152:11456:0516/023858.366:VERBOSE1:media_stream_manager.cc(1533)] MSPL::OnSpeedLimitChange({this=00002CCC001B6D40}, {new_limit=58})
[12152:11456:0516/023859.420:VERBOSE1:media_stream_manager.cc(1533)] MSPL::OnSpeedLimitChange({this=00002CCC001B6D40}, {new_limit=55})
[12152:11456:0516/023900.417:VERBOSE1:media_stream_manager.cc(1533)] MSPL::OnSpeedLimitChange({this=00002CCC001B6D40}, {new_limit=52})
[12152:11456:0516/023901.388:VERBOSE1:media_stream_manager.cc(1533)] MSPL::OnSpeedLimitChange({this=00002CCC001B6D40}, {new_limit=48})
[12152:11456:0516/023903.366:VERBOSE1:media_stream_manager.cc(1533)] MSPL::OnSpeedLimitChange({this=00002CCC001B6D40}, {new_limit=45})
[12152:11456:0516/023904.400:VERBOSE1:media_stream_manager.cc(1533)] MSPL::OnSpeedLimitChange({this=00002CCC001B6D40}, {new_limit=44})
[12152:11456:0516/023905.389:VERBOSE1:media_stream_manager.cc(1533)] MSPL::OnSpeedLimitChange({this=00002CCC001B6D40}, {new_limit=46})
[12152:11456:0516/023906.373:VERBOSE1:media_stream_manager.cc(1533)] MSPL::OnSpeedLimitChange({this=00002CCC001B6D40}, {new_limit=48})
[12152:11456:0516/023907.363:VERBOSE1:media_stream_manager.cc(1533)] MSPL::OnSpeedLimitChange({this=00002CCC001B6D40}, {new_limit=47})
[12152:11456:0516/023908.437:VERBOSE1:media_stream_manager.cc(1533)] MSPL::OnSpeedLimitChange({this=00002CCC001B6D40}, {new_limit=49})
[12152:11456:0516/023909.416:VERBOSE1:media_stream_manager.cc(1533)] MSPL::OnSpeedLimitChange({this=00002CCC001B6D40}, {new_limit=53})
[12152:11456:0516/023910.386:VERBOSE1:media_stream_manager.cc(1533)] MSPL::OnSpeedLimitChange({this=00002CCC001B6D40}, {new_limit=54})
[12152:11456:0516/023912.457:VERBOSE1:media_stream_manager.cc(1533)] MSPL::OnSpeedLimitChange({this=00002CCC001B6D40}, {new_limit=52})
[12152:11456:0516/023914.426:VERBOSE1:media_stream_manager.cc(1533)] MSPL::OnSpeedLimitChange({this=00002CCC001B6D40}, {new_limit=51})
[12152:11456:0516/023915.395:VERBOSE1:media_stream_manager.cc(1533)] MSPL::OnSpeedLimitChange({this=00002CCC001B6D40}, {new_limit=53})
[12152:11456:0516/023916.388:VERBOSE1:media_stream_manager.cc(1533)] MSPL::OnSpeedLimitChange({this=00002CCC001B6D40}, {new_limit=52})
[12152:11456:0516/023917.389:VERBOSE1:media_stream_manager.cc(1533)] MSPL::OnSpeedLimitChange({this=00002CCC001B6D40}, {new_limit=51})
[12152:11456:0516/023919.370:VERBOSE1:media_stream_manager.cc(1533)] MSPL::OnSpeedLimitChange({this=00002CCC001B6D40}, {new_limit=49})
[12152:11456:0516/023920.376:VERBOSE1:media_stream_manager.cc(1533)] MSPL::OnSpeedLimitChange({this=00002CCC001B6D40}, {new_limit=48})
[12152:11456:0516/023921.376:VERBOSE1:media_stream_manager.cc(1533)] MSPL::OnSpeedLimitChange({this=00002CCC001B6D40}, {new_limit=47})
[12152:11456:0516/023922.377:VERBOSE1:media_stream_manager.cc(1533)] MSPL::OnSpeedLimitChange({this=00002CCC001B6D40}, {new_limit=46})
[12152:11456:0516/023923.376:VERBOSE1:media_stream_manager.cc(1533)] MSPL::OnSpeedLimitChange({this=00002CCC001B6D40}, {new_limit=45})
[12152:11456:0516/023924.396:VERBOSE1:media_stream_manager.cc(1533)] MSPL::OnSpeedLimitChange({this=00002CCC001B6D40}, {new_limit=47})
[12152:11456:0516/023928.393:VERBOSE1:media_stream_manager.cc(1533)] MSPL::OnSpeedLimitChange({this=00002CCC001B6D40}, {new_limit=46})
[12152:11456:0516/023929.387:VERBOSE1:media_stream_manager.cc(1533)] MSPL::OnSpeedLimitChange({this=00002CCC001B6D40}, {new_limit=45})
[12152:11456:0516/023930.394:VERBOSE1:media_stream_manager.cc(1533)] MSPL::OnSpeedLimitChange({this=00002CCC001B6D40}, {new_limit=46})
[12152:11456:0516/023931.414:VERBOSE1:media_stream_manager.cc(1533)] MSPL::OnSpeedLimitChange({this=00002CCC001B6D40}, {new_limit=48})
[12152:11456:0516/023932.413:VERBOSE1:media_stream_manager.cc(1533)] MSPL::OnSpeedLimitChange({this=00002CCC001B6D40}, {new_limit=51})
[12152:11456:0516/023933.400:VERBOSE1:media_stream_manager.cc(1533)] MSPL::OnSpeedLimitChange({this=00002CCC001B6D40}, {new_limit=52})
[12152:11456:0516/023934.474:VERBOSE1:media_stream_manager.cc(1533)] MSPL::OnSpeedLimitChange({this=00002CCC001B6D40}, {new_limit=50})
[12152:11456:0516/023935.406:VERBOSE1:media_stream_manager.cc(1533)] MSPL::OnSpeedLimitChange({this=00002CCC001B6D40}, {new_limit=49})
[12152:11456:0516/023936.409:VERBOSE1:media_stream_manager.cc(1533)] MSPL::OnSpeedLimitChange({this=00002CCC001B6D40}, {new_limit=48})
[12152:11456:0516/023937.416:VERBOSE1:media_stream_manager.cc(1533)] MSPL::OnSpeedLimitChange({this=00002CCC001B6D40}, {new_limit=47})
[12152:11456:0516/023939.438:VERBOSE1:media_stream_manager.cc(1533)] MSPL::OnSpeedLimitChange({this=00002CCC001B6D40}, {new_limit=46})
[12152:11456:0516/023940.406:VERBOSE1:media_stream_manager.cc(1533)] MSPL::OnSpeedLimitChange({this=00002CCC001B6D40}, {new_limit=45})
[12152:11456:0516/023942.403:VERBOSE1:media_stream_manager.cc(1533)] MSPL::OnSpeedLimitChange({this=00002CCC001B6D40}, {new_limit=46})
[12152:11456:0516/023943.444:VERBOSE1:media_stream_manager.cc(1533)] MSPL::OnSpeedLimitChange({this=00002CCC001B6D40}, {new_limit=47})
[12152:11456:0516/023944.397:VERBOSE1:media_stream_manager.cc(1533)] MSPL::OnSpeedLimitChange({this=00002CCC001B6D40}, {new_limit=49})
[12152:11456:0516/023945.440:VERBOSE1:media_stream_manager.cc(1533)] MSPL::OnSpeedLimitChange({this=00002CCC001B6D40}, {new_limit=48})
[12152:11456:0516/023946.407:VERBOSE1:media_stream_manager.cc(1533)] MSPL::OnSpeedLimitChange({this=00002CCC001B6D40}, {new_limit=47})
[12152:11456:0516/023947.435:VERBOSE1:media_stream_manager.cc(1533)] MSPL::OnSpeedLimitChange({this=00002CCC001B6D40}, {new_limit=48})
[12152:11456:0516/023948.436:VERBOSE1:media_stream_manager.cc(1533)] MSPL::OnSpeedLimitChange({this=00002CCC001B6D40}, {new_limit=53})
[12152:11456:0516/023949.415:VERBOSE1:media_stream_manager.cc(1533)] MSPL::OnSpeedLimitChange({this=00002CCC001B6D40}, {new_limit=100})
[12152:15228:0516/024009.049:VERBOSE1:device_event_log_impl.cc(198)] [02:40:09.049] Display: EVENT: screen_win.cc:893 Displays updated, count: 2
[12152:15228:0516/024009.049:VERBOSE1:device_event_log_impl.cc(198)] [02:40:09.049] Display: EVENT: screen_win.cc:895 Display[1552941674] bounds=[1360,0 1366x768], workarea=[1360,0 1366x720], scale=1, rotation=0, panel_rotation=0 external detected
[12152:15228:0516/024009.049:VERBOSE1:device_event_log_impl.cc(198)] [02:40:09.049] Display: EVENT: screen_win.cc:895 Display[3336287498] bounds=[0,0 1360x768], workarea=[0,0 1360x720], scale=1, rotation=0, panel_rotation=0 external detected
[12152:11456:0516/024009.444:VERBOSE1:media_stream_manager.cc(1533)] MSPL::OnSpeedLimitChange({this=00002CCC001B6D40}, {new_limit=48})
[12152:11456:0516/024010.535:VERBOSE1:media_stream_manager.cc(1533)] MSPL::OnSpeedLimitChange({this=00002CCC001B6D40}, {new_limit=47})
[12152:11456:0516/024011.437:VERBOSE1:media_stream_manager.cc(1533)] MSPL::OnSpeedLimitChange({this=00002CCC001B6D40}, {new_limit=44})
[12152:11456:0516/024012.505:VERBOSE1:media_stream_manager.cc(1533)] MSPL::OnSpeedLimitChange({this=00002CCC001B6D40}, {new_limit=46})
[12152:11456:0516/024013.436:VERBOSE1:media_stream_manager.cc(1533)] MSPL::OnSpeedLimitChange({this=00002CCC001B6D40}, {new_limit=48})
[12152:11456:0516/024015.499:VERBOSE1:media_stream_manager.cc(1533)] MSPL::OnSpeedLimitChange({this=00002CCC001B6D40}, {new_limit=100})
[12152:15228:0516/024018.757:VERBOSE1:device_event_log_impl.cc(198)] [02:40:18.757] Display: EVENT: screen_win.cc:893 Displays updated, count: 2
[12152:15228:0516/024018.757:VERBOSE1:device_event_log_impl.cc(198)] [02:40:18.757] Display: EVENT: screen_win.cc:895 Display[1552941674] bounds=[1360,0 1366x768], workarea=[1360,0 1366x720], scale=1, rotation=0, panel_rotation=0 external detected
[12152:15228:0516/024018.758:VERBOSE1:device_event_log_impl.cc(198)] [02:40:18.757] Display: EVENT: screen_win.cc:895 Display[3336287498] bounds=[0,0 1360x768], workarea=[0,0 1360x720], scale=1, rotation=0, panel_rotation=0 external detected
[5404:1368:0516/024023.687:VERBOSE1:network_delegate.cc(36)] NetworkDelegate::NotifyBeforeURLRequest: https://optimizationguide-pa.googleapis.com/v1:GetModels?key=dummytoken
[5404:1368:0516/024023.744:VERBOSE1:tls_handshaker.cc(105)] TlsClient: Continuing handshake
[5404:1368:0516/024023.747:VERBOSE1:tls_handshaker.cc(126)] TlsClient: SSL_do_handshake returned when entering early data. After retry, rv=-1, SSL_in_early_data=1
[5404:1368:0516/024023.793:VERBOSE1:tls_handshaker.cc(105)] TlsClient: Continuing handshake
[5404:1368:0516/024023.793:VERBOSE1:tls_handshaker.cc(105)] TlsClient: Continuing handshake
[5404:1368:0516/024023.793:VERBOSE1:tls_client_handshaker.cc(528)] Client: handshake finished
[12152:11456:0516/024028.571:VERBOSE1:media_stream_manager.cc(1533)] MSPL::OnSpeedLimitChange({this=00002CCC001B6D40}, {new_limit=49})
[12152:11456:0516/024030.628:VERBOSE1:media_stream_manager.cc(1533)] MSPL::OnSpeedLimitChange({this=00002CCC001B6D40}, {new_limit=52})
[12152:11456:0516/024032.641:VERBOSE1:media_stream_manager.cc(1533)] MSPL::OnSpeedLimitChange({this=00002CCC001B6D40}, {new_limit=50})
[12152:11456:0516/024033.453:VERBOSE1:media_stream_manager.cc(1533)] MSPL::OnSpeedLimitChange({this=00002CCC001B6D40}, {new_limit=51})
[12152:11456:0516/024034.464:VERBOSE1:media_stream_manager.cc(1533)] MSPL::OnSpeedLimitChange({this=00002CCC001B6D40}, {new_limit=53})
[12152:11456:0516/024035.471:VERBOSE1:media_stream_manager.cc(1533)] MSPL::OnSpeedLimitChange({this=00002CCC001B6D40}, {new_limit=55})
[12152:11456:0516/024037.485:VERBOSE1:media_stream_manager.cc(1533)] MSPL::OnSpeedLimitChange({this=00002CCC001B6D40}, {new_limit=58})
[12152:11456:0516/024038.501:VERBOSE1:media_stream_manager.cc(1533)] MSPL::OnSpeedLimitChange({this=00002CCC001B6D40}, {new_limit=56})
[12152:11456:0516/024039.516:VERBOSE1:media_stream_manager.cc(1533)] MSPL::OnSpeedLimitChange({this=00002CCC001B6D40}, {new_limit=57})
[12152:11456:0516/024041.544:VERBOSE1:media_stream_manager.cc(1533)] MSPL::OnSpeedLimitChange({this=00002CCC001B6D40}, {new_limit=61})
[12152:11456:0516/024042.554:VERBOSE1:media_stream_manager.cc(1533)] MSPL::OnSpeedLimitChange({this=00002CCC001B6D40}, {new_limit=63})
[12152:11456:0516/024043.488:VERBOSE1:media_stream_manager.cc(1533)] MSPL::OnSpeedLimitChange({this=00002CCC001B6D40}, {new_limit=62})
[12152:11456:0516/024044.499:VERBOSE1:media_stream_manager.cc(1533)] MSPL::OnSpeedLimitChange({this=00002CCC001B6D40}, {new_limit=63})
[12152:11456:0516/024045.518:VERBOSE1:media_stream_manager.cc(1533)] MSPL::OnSpeedLimitChange({this=00002CCC001B6D40}, {new_limit=64})
[12152:11456:0516/024048.490:VERBOSE1:media_stream_manager.cc(1533)] MSPL::OnSpeedLimitChange({this=00002CCC001B6D40}, {new_limit=63})
[12152:11456:0516/024049.468:VERBOSE1:media_stream_manager.cc(1533)] MSPL::OnSpeedLimitChange({this=00002CCC001B6D40}, {new_limit=64})
[12152:11456:0516/024051.513:VERBOSE1:media_stream_manager.cc(1533)] MSPL::OnSpeedLimitChange({this=00002CCC001B6D40}, {new_limit=65})
[12152:11456:0516/024052.523:VERBOSE1:media_stream_manager.cc(1533)] MSPL::OnSpeedLimitChange({this=00002CCC001B6D40}, {new_limit=66})
[12152:11456:0516/024053.887:VERBOSE1:media_stream_manager.cc(1533)] MSPL::OnSpeedLimitChange({this=00002CCC001B6D40}, {new_limit=65})
[12152:11456:0516/024054.478:VERBOSE1:media_stream_manager.cc(1533)] MSPL::OnSpeedLimitChange({this=00002CCC001B6D40}, {new_limit=62})
[12152:11456:0516/024056.504:VERBOSE1:media_stream_manager.cc(1533)] MSPL::OnSpeedLimitChange({this=00002CCC001B6D40}, {new_limit=58})
[12152:11456:0516/024059.475:VERBOSE1:media_stream_manager.cc(1533)] MSPL::OnSpeedLimitChange({this=00002CCC001B6D40}, {new_limit=57})
[12152:11456:0516/024100.506:VERBOSE1:media_stream_manager.cc(1533)] MSPL::OnSpeedLimitChange({this=00002CCC001B6D40}, {new_limit=56})
[12152:11456:0516/024101.508:VERBOSE1:media_stream_manager.cc(1533)] MSPL::OnSpeedLimitChange({this=00002CCC001B6D40}, {new_limit=53})
[12152:11456:0516/024103.485:VERBOSE1:media_stream_manager.cc(1533)] MSPL::OnSpeedLimitChange({this=00002CCC001B6D40}, {new_limit=52})
[12152:11456:0516/024104.539:VERBOSE1:media_stream_manager.cc(1533)] MSPL::OnSpeedLimitChange({this=00002CCC001B6D40}, {new_limit=51})
[12152:11456:0516/024106.520:VERBOSE1:media_stream_manager.cc(1533)] MSPL::OnSpeedLimitChange({this=00002CCC001B6D40}, {new_limit=54})
[12152:11456:0516/024107.552:VERBOSE1:media_stream_manager.cc(1533)] MSPL::OnSpeedLimitChange({this=00002CCC001B6D40}, {new_limit=55})
[12152:11456:0516/024108.513:VERBOSE1:media_stream_manager.cc(1533)] MSPL::OnSpeedLimitChange({this=00002CCC001B6D40}, {new_limit=56})
[12152:11456:0516/024109.536:VERBOSE1:media_stream_manager.cc(1533)] MSPL::OnSpeedLimitChange({this=00002CCC001B6D40}, {new_limit=59})
[12152:11456:0516/024110.489:VERBOSE1:media_stream_manager.cc(1533)] MSPL::OnSpeedLimitChange({this=00002CCC001B6D40}, {new_limit=60})
[12152:11456:0516/024111.515:VERBOSE1:media_stream_manager.cc(1533)] MSPL::OnSpeedLimitChange({this=00002CCC001B6D40}, {new_limit=58})
[12152:11456:0516/024112.492:VERBOSE1:media_stream_manager.cc(1533)] MSPL::OnSpeedLimitChange({this=00002CCC001B6D40}, {new_limit=56})
[12152:11456:0516/024113.509:VERBOSE1:media_stream_manager.cc(1533)] MSPL::OnSpeedLimitChange({this=00002CCC001B6D40}, {new_limit=61})
[12152:11456:0516/024114.524:VERBOSE1:media_stream_manager.cc(1533)] MSPL::OnSpeedLimitChange({this=00002CCC001B6D40}, {new_limit=63})
[12152:11456:0516/024115.531:VERBOSE1:media_stream_manager.cc(1533)] MSPL::OnSpeedLimitChange({this=00002CCC001B6D40}, {new_limit=61})
[12152:11456:0516/024116.537:VERBOSE1:media_stream_manager.cc(1533)] MSPL::OnSpeedLimitChange({this=00002CCC001B6D40}, {new_limit=59})
[12152:11456:0516/024117.483:VERBOSE1:media_stream_manager.cc(1533)] MSPL::OnSpeedLimitChange({this=00002CCC001B6D40}, {new_limit=56})
[12152:11456:0516/024118.632:VERBOSE1:media_stream_manager.cc(1533)] MSPL::OnSpeedLimitChange({this=00002CCC001B6D40}, {new_limit=53})
[12152:11456:0516/024119.520:VERBOSE1:media_stream_manager.cc(1533)] MSPL::OnSpeedLimitChange({this=00002CCC001B6D40}, {new_limit=52})
[12152:11456:0516/024120.484:VERBOSE1:media_stream_manager.cc(1533)] MSPL::OnSpeedLimitChange({this=00002CCC001B6D40}, {new_limit=50})
[12152:11456:0516/024121.573:VERBOSE1:media_stream_manager.cc(1533)] MSPL::OnSpeedLimitChange({this=00002CCC001B6D40}, {new_limit=51})
[12152:11456:0516/024124.519:VERBOSE1:media_stream_manager.cc(1533)] MSPL::OnSpeedLimitChange({this=00002CCC001B6D40}, {new_limit=52})
[12152:11456:0516/024125.543:VERBOSE1:media_stream_manager.cc(1533)] MSPL::OnSpeedLimitChange({this=00002CCC001B6D40}, {new_limit=53})
[12152:11456:0516/024127.522:VERBOSE1:media_stream_manager.cc(1533)] MSPL::OnSpeedLimitChange({this=00002CCC001B6D40}, {new_limit=57})
[12152:11456:0516/024128.535:VERBOSE1:media_stream_manager.cc(1533)] MSPL::OnSpeedLimitChange({this=00002CCC001B6D40}, {new_limit=58})
[12152:11456:0516/024129.496:VERBOSE1:media_stream_manager.cc(1533)] MSPL::OnSpeedLimitChange({this=00002CCC001B6D40}, {new_limit=57})
[12152:11456:0516/024130.517:VERBOSE1:media_stream_manager.cc(1533)] MSPL::OnSpeedLimitChange({this=00002CCC001B6D40}, {new_limit=56})
[12152:11456:0516/024131.536:VERBOSE1:media_stream_manager.cc(1533)] MSPL::OnSpeedLimitChange({this=00002CCC001B6D40}, {new_limit=57})
[12152:11456:0516/024132.541:VERBOSE1:media_stream_manager.cc(1533)] MSPL::OnSpeedLimitChange({this=00002CCC001B6D40}, {new_limit=58})
[12152:11456:0516/024133.511:VERBOSE1:media_stream_manager.cc(1533)] MSPL::OnSpeedLimitChange({this=00002CCC001B6D40}, {new_limit=53})
[12152:11456:0516/024134.540:VERBOSE1:media_stream_manager.cc(1533)] MSPL::OnSpeedLimitChange({this=00002CCC001B6D40}, {new_limit=49})
[12152:11456:0516/024135.502:VERBOSE1:media_stream_manager.cc(1533)] MSPL::OnSpeedLimitChange({this=00002CCC001B6D40}, {new_limit=47})
[12152:11456:0516/024136.525:VERBOSE1:media_stream_manager.cc(1533)] MSPL::OnSpeedLimitChange({this=00002CCC001B6D40}, {new_limit=48})
[12152:11456:0516/024137.553:VERBOSE1:media_stream_manager.cc(1533)] MSPL::OnSpeedLimitChange({this=00002CCC001B6D40}, {new_limit=50})
[12152:11456:0516/024138.577:VERBOSE1:media_stream_manager.cc(1533)] MSPL::OnSpeedLimitChange({this=00002CCC001B6D40}, {new_limit=49})
[12152:11456:0516/024139.528:VERBOSE1:media_stream_manager.cc(1533)] MSPL::OnSpeedLimitChange({this=00002CCC001B6D40}, {new_limit=51})
[12152:11456:0516/024140.618:VERBOSE1:media_stream_manager.cc(1533)] MSPL::OnSpeedLimitChange({this=00002CCC001B6D40}, {new_limit=53})
[12152:11456:0516/024141.534:VERBOSE1:media_stream_manager.cc(1533)] MSPL::OnSpeedLimitChange({this=00002CCC001B6D40}, {new_limit=52})
[12152:11456:0516/024142.515:VERBOSE1:media_stream_manager.cc(1533)] MSPL::OnSpeedLimitChange({this=00002CCC001B6D40}, {new_limit=53})
[12152:11456:0516/024143.513:VERBOSE1:media_stream_manager.cc(1533)] MSPL::OnSpeedLimitChange({this=00002CCC001B6D40}, {new_limit=57})
[12152:11456:0516/024144.505:VERBOSE1:media_stream_manager.cc(1533)] MSPL::OnSpeedLimitChange({this=00002CCC001B6D40}, {new_limit=62})
[12152:11456:0516/024145.529:VERBOSE1:media_stream_manager.cc(1533)] MSPL::OnSpeedLimitChange({this=00002CCC001B6D40}, {new_limit=65})
[12152:11456:0516/024146.553:VERBOSE1:media_stream_manager.cc(1533)] MSPL::OnSpeedLimitChange({this=00002CCC001B6D40}, {new_limit=67})
[12152:11456:0516/024148.529:VERBOSE1:media_stream_manager.cc(1533)] MSPL::OnSpeedLimitChange({this=00002CCC001B6D40}, {new_limit=66})
[12152:11456:0516/024149.545:VERBOSE1:media_stream_manager.cc(1533)] MSPL::OnSpeedLimitChange({this=00002CCC001B6D40}, {new_limit=67})
[12152:11456:0516/024150.527:VERBOSE1:media_stream_manager.cc(1533)] MSPL::OnSpeedLimitChange({this=00002CCC001B6D40}, {new_limit=68})
[12152:11456:0516/024151.510:VERBOSE1:media_stream_manager.cc(1533)] MSPL::OnSpeedLimitChange({this=00002CCC001B6D40}, {new_limit=72})
[12152:11456:0516/024153.551:VERBOSE1:media_stream_manager.cc(1533)] MSPL::OnSpeedLimitChange({this=00002CCC001B6D40}, {new_limit=73})
[12152:11456:0516/024154.524:VERBOSE1:media_stream_manager.cc(1533)] MSPL::OnSpeedLimitChange({this=00002CCC001B6D40}, {new_limit=72})
[12152:11456:0516/024155.517:VERBOSE1:media_stream_manager.cc(1533)] MSPL::OnSpeedLimitChange({this=00002CCC001B6D40}, {new_limit=73})
[12152:11456:0516/024156.534:VERBOSE1:media_stream_manager.cc(1533)] MSPL::OnSpeedLimitChange({this=00002CCC001B6D40}, {new_limit=69})
[12152:11456:0516/024157.581:VERBOSE1:media_stream_manager.cc(1533)] MSPL::OnSpeedLimitChange({this=00002CCC001B6D40}, {new_limit=64})
[12152:11456:0516/024158.531:VERBOSE1:media_stream_manager.cc(1533)] MSPL::OnSpeedLimitChange({this=00002CCC001B6D40}, {new_limit=66})
[12152:11456:0516/024200.519:VERBOSE1:media_stream_manager.cc(1533)] MSPL::OnSpeedLimitChange({this=00002CCC001B6D40}, {new_limit=100})
[12152:11456:0516/024210.581:VERBOSE1:media_stream_manager.cc(1533)] MSPL::OnSpeedLimitChange({this=00002CCC001B6D40}, {new_limit=72})
[12152:11456:0516/024212.531:VERBOSE1:media_stream_manager.cc(1533)] MSPL::OnSpeedLimitChange({this=00002CCC001B6D40}, {new_limit=68})
[12152:11456:0516/024214.555:VERBOSE1:media_stream_manager.cc(1533)] MSPL::OnSpeedLimitChange({this=00002CCC001B6D40}, {new_limit=65})
[12152:11456:0516/024215.584:VERBOSE1:media_stream_manager.cc(1533)] MSPL::OnSpeedLimitChange({this=00002CCC001B6D40}, {new_limit=67})
[12152:11456:0516/024217.540:VERBOSE1:media_stream_manager.cc(1533)] MSPL::OnSpeedLimitChange({this=00002CCC001B6D40}, {new_limit=65})
[12152:11456:0516/024218.556:VERBOSE1:media_stream_manager.cc(1533)] MSPL::OnSpeedLimitChange({this=00002CCC001B6D40}, {new_limit=64})
[12152:11456:0516/024219.579:VERBOSE1:media_stream_manager.cc(1533)] MSPL::OnSpeedLimitChange({this=00002CCC001B6D40}, {new_limit=63})
[12152:11456:0516/024220.594:VERBOSE1:media_stream_manager.cc(1533)] MSPL::OnSpeedLimitChange({this=00002CCC001B6D40}, {new_limit=59})
[12152:11456:0516/024221.551:VERBOSE1:media_stream_manager.cc(1533)] MSPL::OnSpeedLimitChange({this=00002CCC001B6D40}, {new_limit=57})
[12152:11456:0516/024223.533:VERBOSE1:media_stream_manager.cc(1533)] MSPL::OnSpeedLimitChange({this=00002CCC001B6D40}, {new_limit=54})
[12152:11456:0516/024224.544:VERBOSE1:media_stream_manager.cc(1533)] MSPL::OnSpeedLimitChange({this=00002CCC001B6D40}, {new_limit=57})
[12152:11456:0516/024225.608:VERBOSE1:media_stream_manager.cc(1533)] MSPL::OnSpeedLimitChange({this=00002CCC001B6D40}, {new_limit=54})
[12152:11456:0516/024226.558:VERBOSE1:media_stream_manager.cc(1533)] MSPL::OnSpeedLimitChange({this=00002CCC001B6D40}, {new_limit=51})
[12152:11456:0516/024227.653:VERBOSE1:media_stream_manager.cc(1533)] MSPL::OnSpeedLimitChange({this=00002CCC001B6D40}, {new_limit=49})
[12152:11456:0516/024228.567:VERBOSE1:media_stream_manager.cc(1533)] MSPL::OnSpeedLimitChange({this=00002CCC001B6D40}, {new_limit=48})
[12152:11456:0516/024229.551:VERBOSE1:media_stream_manager.cc(1533)] MSPL::OnSpeedLimitChange({this=00002CCC001B6D40}, {new_limit=46})
[12152:11456:0516/024230.566:VERBOSE1:media_stream_manager.cc(1533)] MSPL::OnSpeedLimitChange({this=00002CCC001B6D40}, {new_limit=49})
[12152:11456:0516/024231.584:VERBOSE1:media_stream_manager.cc(1533)] MSPL::OnSpeedLimitChange({this=00002CCC001B6D40}, {new_limit=50})
[12152:11456:0516/024232.543:VERBOSE1:media_stream_manager.cc(1533)] MSPL::OnSpeedLimitChange({this=00002CCC001B6D40}, {new_limit=52})
[12152:11456:0516/024236.585:VERBOSE1:media_stream_manager.cc(1533)] MSPL::OnSpeedLimitChange({this=00002CCC001B6D40}, {new_limit=56})
[12152:11456:0516/024237.563:VERBOSE1:media_stream_manager.cc(1533)] MSPL::OnSpeedLimitChange({this=00002CCC001B6D40}, {new_limit=58})
[12152:11456:0516/024238.609:VERBOSE1:media_stream_manager.cc(1533)] MSPL::OnSpeedLimitChange({this=00002CCC001B6D40}, {new_limit=59})
[12152:11456:0516/024239.548:VERBOSE1:media_stream_manager.cc(1533)] MSPL::OnSpeedLimitChange({this=00002CCC001B6D40}, {new_limit=63})
[12152:11456:0516/024240.551:VERBOSE1:media_stream_manager.cc(1533)] MSPL::OnSpeedLimitChange({this=00002CCC001B6D40}, {new_limit=61})
[12152:11456:0516/024241.569:VERBOSE1:media_stream_manager.cc(1533)] MSPL::OnSpeedLimitChange({this=00002CCC001B6D40}, {new_limit=58})
[12152:11456:0516/024242.585:VERBOSE1:media_stream_manager.cc(1533)] MSPL::OnSpeedLimitChange({this=00002CCC001B6D40}, {new_limit=61})
[12152:11456:0516/024243.597:VERBOSE1:media_stream_manager.cc(1533)] MSPL::OnSpeedLimitChange({this=00002CCC001B6D40}, {new_limit=63})
[12152:11456:0516/024244.549:VERBOSE1:media_stream_manager.cc(1533)] MSPL::OnSpeedLimitChange({this=00002CCC001B6D40}, {new_limit=65})
[12152:11456:0516/024245.567:VERBOSE1:media_stream_manager.cc(1533)] MSPL::OnSpeedLimitChange({this=00002CCC001B6D40}, {new_limit=67})
[12152:11456:0516/024246.589:VERBOSE1:media_stream_manager.cc(1533)] MSPL::OnSpeedLimitChange({this=00002CCC001B6D40}, {new_limit=65})
[12152:11456:0516/024248.564:VERBOSE1:media_stream_manager.cc(1533)] MSPL::OnSpeedLimitChange({this=00002CCC001B6D40}, {new_limit=68})
[12152:11456:0516/024249.574:VERBOSE1:media_stream_manager.cc(1533)] MSPL::OnSpeedLimitChange({this=00002CCC001B6D40}, {new_limit=64})
[12152:11456:0516/024250.583:VERBOSE1:media_stream_manager.cc(1533)] MSPL::OnSpeedLimitChange({this=00002CCC001B6D40}, {new_limit=67})
[12152:11456:0516/024251.597:VERBOSE1:media_stream_manager.cc(1533)] MSPL::OnSpeedLimitChange({this=00002CCC001B6D40}, {new_limit=72})
[12152:11456:0516/024252.608:VERBOSE1:media_stream_manager.cc(1533)] MSPL::OnSpeedLimitChange({this=00002CCC001B6D40}, {new_limit=71})
[12152:11456:0516/024253.613:VERBOSE1:media_stream_manager.cc(1533)] MSPL::OnSpeedLimitChange({this=00002CCC001B6D40}, {new_limit=69})
[12152:11456:0516/024254.623:VERBOSE1:media_stream_manager.cc(1533)] MSPL::OnSpeedLimitChange({this=00002CCC001B6D40}, {new_limit=67})
[12152:11456:0516/024255.733:VERBOSE1:media_stream_manager.cc(1533)] MSPL::OnSpeedLimitChange({this=00002CCC001B6D40}, {new_limit=65})
[12152:11456:0516/024256.635:VERBOSE1:media_stream_manager.cc(1533)] MSPL::OnSpeedLimitChange({this=00002CCC001B6D40}, {new_limit=63})
[12152:11456:0516/024257.646:VERBOSE1:media_stream_manager.cc(1533)] MSPL::OnSpeedLimitChange({this=00002CCC001B6D40}, {new_limit=62})
[5404:1368:0516/024259.475:VERBOSE1:network_delegate.cc(36)] NetworkDelegate::NotifyBeforeURLRequest: https://optimizationguide-pa.googleapis.com/v1:GetModels?key=dummytoken
[5404:1368:0516/024259.496:VERBOSE1:tls_handshaker.cc(105)] TlsClient: Continuing handshake
[5404:1368:0516/024259.496:VERBOSE1:tls_handshaker.cc(126)] TlsClient: SSL_do_handshake returned when entering early data. After retry, rv=-1, SSL_in_early_data=1
[5404:1368:0516/024259.543:VERBOSE1:tls_handshaker.cc(105)] TlsClient: Continuing handshake
[5404:1368:0516/024259.543:VERBOSE1:tls_handshaker.cc(105)] TlsClient: Continuing handshake
[5404:1368:0516/024259.543:VERBOSE1:tls_client_handshaker.cc(528)] Client: handshake finished
[12152:11456:0516/024259.607:VERBOSE1:media_stream_manager.cc(1533)] MSPL::OnSpeedLimitChange({this=00002CCC001B6D40}, {new_limit=64})
[12152:11456:0516/024300.621:VERBOSE1:media_stream_manager.cc(1533)] MSPL::OnSpeedLimitChange({this=00002CCC001B6D40}, {new_limit=65})
[12152:11456:0516/024301.614:VERBOSE1:media_stream_manager.cc(1533)] MSPL::OnSpeedLimitChange({this=00002CCC001B6D40}, {new_limit=61})
[12152:11456:0516/024302.617:VERBOSE1:media_stream_manager.cc(1533)] MSPL::OnSpeedLimitChange({this=00002CCC001B6D40}, {new_limit=60})
[12152:11456:0516/024303.621:VERBOSE1:media_stream_manager.cc(1533)] MSPL::OnSpeedLimitChange({this=00002CCC001B6D40}, {new_limit=61})
[12152:11456:0516/024304.633:VERBOSE1:media_stream_manager.cc(1533)] MSPL::OnSpeedLimitChange({this=00002CCC001B6D40}, {new_limit=58})
[12152:11456:0516/024305.586:VERBOSE1:media_stream_manager.cc(1533)] MSPL::OnSpeedLimitChange({this=00002CCC001B6D40}, {new_limit=57})
[12152:11456:0516/024310.613:VERBOSE1:media_stream_manager.cc(1533)] MSPL::OnSpeedLimitChange({this=00002CCC001B6D40}, {new_limit=56})
[12152:11456:0516/024311.620:VERBOSE1:media_stream_manager.cc(1533)] MSPL::OnSpeedLimitChange({this=00002CCC001B6D40}, {new_limit=60})
[12152:11456:0516/024313.584:VERBOSE1:media_stream_manager.cc(1533)] MSPL::OnSpeedLimitChange({this=00002CCC001B6D40}, {new_limit=58})
[12152:11456:0516/024314.589:VERBOSE1:media_stream_manager.cc(1533)] MSPL::OnSpeedLimitChange({this=00002CCC001B6D40}, {new_limit=62})
[12152:11456:0516/024315.609:VERBOSE1:media_stream_manager.cc(1533)] MSPL::OnSpeedLimitChange({this=00002CCC001B6D40}, {new_limit=66})
[12152:11456:0516/024316.626:VERBOSE1:media_stream_manager.cc(1533)] MSPL::OnSpeedLimitChange({this=00002CCC001B6D40}, {new_limit=69})
[12152:11456:0516/024317.637:VERBOSE1:media_stream_manager.cc(1533)] MSPL::OnSpeedLimitChange({this=00002CCC001B6D40}, {new_limit=67})
[12152:11456:0516/024319.598:VERBOSE1:media_stream_manager.cc(1533)] MSPL::OnSpeedLimitChange({this=00002CCC001B6D40}, {new_limit=64})
[12152:11456:0516/024320.641:VERBOSE1:media_stream_manager.cc(1533)] MSPL::OnSpeedLimitChange({this=00002CCC001B6D40}, {new_limit=66})
[12152:11456:0516/024321.626:VERBOSE1:media_stream_manager.cc(1533)] MSPL::OnSpeedLimitChange({this=00002CCC001B6D40}, {new_limit=63})
[12152:11456:0516/024322.633:VERBOSE1:media_stream_manager.cc(1533)] MSPL::OnSpeedLimitChange({this=00002CCC001B6D40}, {new_limit=60})
[12152:11456:0516/024323.587:VERBOSE1:media_stream_manager.cc(1533)] MSPL::OnSpeedLimitChange({this=00002CCC001B6D40}, {new_limit=57})
[12152:11456:0516/024324.611:VERBOSE1:media_stream_manager.cc(1533)] MSPL::OnSpeedLimitChange({this=00002CCC001B6D40}, {new_limit=54})
[12152:11456:0516/024325.635:VERBOSE1:media_stream_manager.cc(1533)] MSPL::OnSpeedLimitChange({this=00002CCC001B6D40}, {new_limit=53})
[12152:11456:0516/024326.588:VERBOSE1:media_stream_manager.cc(1533)] MSPL::OnSpeedLimitChange({this=00002CCC001B6D40}, {new_limit=49})
[12152:11456:0516/024327.664:VERBOSE1:media_stream_manager.cc(1533)] MSPL::OnSpeedLimitChange({this=00002CCC001B6D40}, {new_limit=50})
[12152:11456:0516/024328.613:VERBOSE1:media_stream_manager.cc(1533)] MSPL::OnSpeedLimitChange({this=00002CCC001B6D40}, {new_limit=48})
[12152:11456:0516/024329.631:VERBOSE1:media_stream_manager.cc(1533)] MSPL::OnSpeedLimitChange({this=00002CCC001B6D40}, {new_limit=49})
[12152:11456:0516/024330.647:VERBOSE1:media_stream_manager.cc(1533)] MSPL::OnSpeedLimitChange({this=00002CCC001B6D40}, {new_limit=48})
[12152:11456:0516/024331.593:VERBOSE1:media_stream_manager.cc(1533)] MSPL::OnSpeedLimitChange({this=00002CCC001B6D40}, {new_limit=49})
[12152:11456:0516/024332.677:VERBOSE1:media_stream_manager.cc(1533)] MSPL::OnSpeedLimitChange({this=00002CCC001B6D40}, {new_limit=52})
[12152:11456:0516/024333.631:VERBOSE1:media_stream_manager.cc(1533)] MSPL::OnSpeedLimitChange({this=00002CCC001B6D40}, {new_limit=53})
[12152:11456:0516/024334.616:VERBOSE1:media_stream_manager.cc(1533)] MSPL::OnSpeedLimitChange({this=00002CCC001B6D40}, {new_limit=57})
[12152:11456:0516/024335.605:VERBOSE1:media_stream_manager.cc(1533)] MSPL::OnSpeedLimitChange({this=00002CCC001B6D40}, {new_limit=59})
[12152:11456:0516/024336.629:VERBOSE1:media_stream_manager.cc(1533)] MSPL::OnSpeedLimitChange({this=00002CCC001B6D40}, {new_limit=62})
[12152:11456:0516/024337.647:VERBOSE1:media_stream_manager.cc(1533)] MSPL::OnSpeedLimitChange({this=00002CCC001B6D40}, {new_limit=64})
[12152:11456:0516/024338.604:VERBOSE1:media_stream_manager.cc(1533)] MSPL::OnSpeedLimitChange({this=00002CCC001B6D40}, {new_limit=66})
[12152:11456:0516/024340.646:VERBOSE1:media_stream_manager.cc(1533)] MSPL::OnSpeedLimitChange({this=00002CCC001B6D40}, {new_limit=67})
[12152:11456:0516/024342.600:VERBOSE1:media_stream_manager.cc(1533)] MSPL::OnSpeedLimitChange({this=00002CCC001B6D40}, {new_limit=68})
[12152:11456:0516/024343.617:VERBOSE1:media_stream_manager.cc(1533)] MSPL::OnSpeedLimitChange({this=00002CCC001B6D40}, {new_limit=71})
[12152:11456:0516/024345.603:VERBOSE1:media_stream_manager.cc(1533)] MSPL::OnSpeedLimitChange({this=00002CCC001B6D40}, {new_limit=70})
[12152:11456:0516/024346.638:VERBOSE1:media_stream_manager.cc(1533)] MSPL::OnSpeedLimitChange({this=00002CCC001B6D40}, {new_limit=71})
[12152:11456:0516/024348.644:VERBOSE1:media_stream_manager.cc(1533)] MSPL::OnSpeedLimitChange({this=00002CCC001B6D40}, {new_limit=70})
[12152:11456:0516/024349.618:VERBOSE1:media_stream_manager.cc(1533)] MSPL::OnSpeedLimitChange({this=00002CCC001B6D40}, {new_limit=69})
[12152:11456:0516/024350.656:VERBOSE1:media_stream_manager.cc(1533)] MSPL::OnSpeedLimitChange({this=00002CCC001B6D40}, {new_limit=64})
[12152:11456:0516/024351.611:VERBOSE1:media_stream_manager.cc(1533)] MSPL::OnSpeedLimitChange({this=00002CCC001B6D40}, {new_limit=63})
[12152:11456:0516/024352.707:VERBOSE1:media_stream_manager.cc(1533)] MSPL::OnSpeedLimitChange({this=00002CCC001B6D40}, {new_limit=61})
[12152:11456:0516/024353.667:VERBOSE1:media_stream_manager.cc(1533)] MSPL::OnSpeedLimitChange({this=00002CCC001B6D40}, {new_limit=62})
[12152:11456:0516/024356.665:VERBOSE1:media_stream_manager.cc(1533)] MSPL::OnSpeedLimitChange({this=00002CCC001B6D40}, {new_limit=59})
[12152:11456:0516/024357.883:VERBOSE1:media_stream_manager.cc(1533)] MSPL::OnSpeedLimitChange({this=00002CCC001B6D40}, {new_limit=60})
[12152:11456:0516/024358.650:VERBOSE1:media_stream_manager.cc(1533)] MSPL::OnSpeedLimitChange({this=00002CCC001B6D40}, {new_limit=61})
[12152:11456:0516/024359.683:VERBOSE1:media_stream_manager.cc(1533)] MSPL::OnSpeedLimitChange({this=00002CCC001B6D40}, {new_limit=66})
[12152:11456:0516/024400.644:VERBOSE1:media_stream_manager.cc(1533)] MSPL::OnSpeedLimitChange({this=00002CCC001B6D40}, {new_limit=71})
[12152:11456:0516/024401.680:VERBOSE1:media_stream_manager.cc(1533)] MSPL::OnSpeedLimitChange({this=00002CCC001B6D40}, {new_limit=72})
[12152:11456:0516/024402.659:VERBOSE1:media_stream_manager.cc(1533)] MSPL::OnSpeedLimitChange({this=00002CCC001B6D40}, {new_limit=71})
[12152:11456:0516/024403.649:VERBOSE1:media_stream_manager.cc(1533)] MSPL::OnSpeedLimitChange({this=00002CCC001B6D40}, {new_limit=70})
[12152:11456:0516/024404.680:VERBOSE1:media_stream_manager.cc(1533)] MSPL::OnSpeedLimitChange({this=00002CCC001B6D40}, {new_limit=72})
[12152:11456:0516/024405.624:VERBOSE1:media_stream_manager.cc(1533)] MSPL::OnSpeedLimitChange({this=00002CCC001B6D40}, {new_limit=68})
[12152:11456:0516/024406.678:VERBOSE1:media_stream_manager.cc(1533)] MSPL::OnSpeedLimitChange({this=00002CCC001B6D40}, {new_limit=67})
[12152:11456:0516/024408.646:VERBOSE1:media_stream_manager.cc(1533)] MSPL::OnSpeedLimitChange({this=00002CCC001B6D40}, {new_limit=68})
[12152:11456:0516/024409.640:VERBOSE1:media_stream_manager.cc(1533)] MSPL::OnSpeedLimitChange({this=00002CCC001B6D40}, {new_limit=63})
[12152:11456:0516/024410.630:VERBOSE1:media_stream_manager.cc(1533)] MSPL::OnSpeedLimitChange({this=00002CCC001B6D40}, {new_limit=58})
[12152:11456:0516/024411.677:VERBOSE1:media_stream_manager.cc(1533)] MSPL::OnSpeedLimitChange({this=00002CCC001B6D40}, {new_limit=53})
[12152:11456:0516/024412.673:VERBOSE1:media_stream_manager.cc(1533)] MSPL::OnSpeedLimitChange({this=00002CCC001B6D40}, {new_limit=57})
[12152:11456:0516/024413.655:VERBOSE1:media_stream_manager.cc(1533)] MSPL::OnSpeedLimitChange({this=00002CCC001B6D40}, {new_limit=53})
[12152:11456:0516/024414.648:VERBOSE1:media_stream_manager.cc(1533)] MSPL::OnSpeedLimitChange({this=00002CCC001B6D40}, {new_limit=48})
[12152:11456:0516/024415.690:VERBOSE1:media_stream_manager.cc(1533)] MSPL::OnSpeedLimitChange({this=00002CCC001B6D40}, {new_limit=50})
[12152:11456:0516/024416.661:VERBOSE1:media_stream_manager.cc(1533)] MSPL::OnSpeedLimitChange({this=00002CCC001B6D40}, {new_limit=54})
[12152:11456:0516/024418.663:VERBOSE1:media_stream_manager.cc(1533)] MSPL::OnSpeedLimitChange({this=00002CCC001B6D40}, {new_limit=53})
[12152:11456:0516/024419.698:VERBOSE1:media_stream_manager.cc(1533)] MSPL::OnSpeedLimitChange({this=00002CCC001B6D40}, {new_limit=57})
[12152:11456:0516/024420.669:VERBOSE1:media_stream_manager.cc(1533)] MSPL::OnSpeedLimitChange({this=00002CCC001B6D40}, {new_limit=62})
[12152:11456:0516/024421.701:VERBOSE1:media_stream_manager.cc(1533)] MSPL::OnSpeedLimitChange({this=00002CCC001B6D40}, {new_limit=100})
[12152:11456:0516/024431.670:VERBOSE1:media_stream_manager.cc(1533)] MSPL::OnSpeedLimitChange({this=00002CCC001B6D40}, {new_limit=66})
[12152:11456:0516/024432.658:VERBOSE1:media_stream_manager.cc(1533)] MSPL::OnSpeedLimitChange({this=00002CCC001B6D40}, {new_limit=63})
[12152:11456:0516/024433.680:VERBOSE1:media_stream_manager.cc(1533)] MSPL::OnSpeedLimitChange({this=00002CCC001B6D40}, {new_limit=58})
[12152:11456:0516/024434.655:VERBOSE1:media_stream_manager.cc(1533)] MSPL::OnSpeedLimitChange({this=00002CCC001B6D40}, {new_limit=57})
[12152:11456:0516/024435.677:VERBOSE1:media_stream_manager.cc(1533)] MSPL::OnSpeedLimitChange({this=00002CCC001B6D40}, {new_limit=55})
[12152:11456:0516/024436.654:VERBOSE1:media_stream_manager.cc(1533)] MSPL::OnSpeedLimitChange({this=00002CCC001B6D40}, {new_limit=53})
[12152:11456:0516/024439.706:VERBOSE1:media_stream_manager.cc(1533)] MSPL::OnSpeedLimitChange({this=00002CCC001B6D40}, {new_limit=51})
[12152:11456:0516/024440.670:VERBOSE1:media_stream_manager.cc(1533)] MSPL::OnSpeedLimitChange({this=00002CCC001B6D40}, {new_limit=53})
[12152:11456:0516/024441.700:VERBOSE1:media_stream_manager.cc(1533)] MSPL::OnSpeedLimitChange({this=00002CCC001B6D40}, {new_limit=58})
[12152:11456:0516/024442.659:VERBOSE1:media_stream_manager.cc(1533)] MSPL::OnSpeedLimitChange({this=00002CCC001B6D40}, {new_limit=62})
[12152:11456:0516/024443.687:VERBOSE1:media_stream_manager.cc(1533)] MSPL::OnSpeedLimitChange({this=00002CCC001B6D40}, {new_limit=66})
[12152:11456:0516/024445.676:VERBOSE1:media_stream_manager.cc(1533)] MSPL::OnSpeedLimitChange({this=00002CCC001B6D40}, {new_limit=68})
[12152:11456:0516/024446.700:VERBOSE1:media_stream_manager.cc(1533)] MSPL::OnSpeedLimitChange({this=00002CCC001B6D40}, {new_limit=72})
[12152:11456:0516/024447.722:VERBOSE1:media_stream_manager.cc(1533)] MSPL::OnSpeedLimitChange({this=00002CCC001B6D40}, {new_limit=73})
[12152:11456:0516/024449.698:VERBOSE1:media_stream_manager.cc(1533)] MSPL::OnSpeedLimitChange({this=00002CCC001B6D40}, {new_limit=74})
[12152:11456:0516/024450.661:VERBOSE1:media_stream_manager.cc(1533)] MSPL::OnSpeedLimitChange({this=00002CCC001B6D40}, {new_limit=76})
[12152:11456:0516/024451.713:VERBOSE1:media_stream_manager.cc(1533)] MSPL::OnSpeedLimitChange({this=00002CCC001B6D40}, {new_limit=74})
[12152:11456:0516/024452.710:VERBOSE1:media_stream_manager.cc(1533)] MSPL::OnSpeedLimitChange({this=00002CCC001B6D40}, {new_limit=75})
[12152:11456:0516/024453.684:VERBOSE1:media_stream_manager.cc(1533)] MSPL::OnSpeedLimitChange({this=00002CCC001B6D40}, {new_limit=76})
[12152:11456:0516/024457.673:VERBOSE1:media_stream_manager.cc(1533)] MSPL::OnSpeedLimitChange({this=00002CCC001B6D40}, {new_limit=77})
[12152:11456:0516/024458.709:VERBOSE1:media_stream_manager.cc(1533)] MSPL::OnSpeedLimitChange({this=00002CCC001B6D40}, {new_limit=72})
[12152:11456:0516/024459.681:VERBOSE1:media_stream_manager.cc(1533)] MSPL::OnSpeedLimitChange({this=00002CCC001B6D40}, {new_limit=69})
[12152:11456:0516/024500.673:VERBOSE1:media_stream_manager.cc(1533)] MSPL::OnSpeedLimitChange({this=00002CCC001B6D40}, {new_limit=68})
[12152:11456:0516/024501.668:VERBOSE1:media_stream_manager.cc(1533)] MSPL::OnSpeedLimitChange({this=00002CCC001B6D40}, {new_limit=70})
[12152:11456:0516/024502.668:VERBOSE1:media_stream_manager.cc(1533)] MSPL::OnSpeedLimitChange({this=00002CCC001B6D40}, {new_limit=69})
[12152:11456:0516/024503.676:VERBOSE1:media_stream_manager.cc(1533)] MSPL::OnSpeedLimitChange({this=00002CCC001B6D40}, {new_limit=67})
[12152:11456:0516/024505.678:VERBOSE1:media_stream_manager.cc(1533)] MSPL::OnSpeedLimitChange({this=00002CCC001B6D40}, {new_limit=64})
[12152:11456:0516/024506.704:VERBOSE1:media_stream_manager.cc(1533)] MSPL::OnSpeedLimitChange({this=00002CCC001B6D40}, {new_limit=63})
[12152:11456:0516/024507.734:VERBOSE1:media_stream_manager.cc(1533)] MSPL::OnSpeedLimitChange({this=00002CCC001B6D40}, {new_limit=100})
[12152:11456:0516/024517.678:VERBOSE1:media_stream_manager.cc(1533)] MSPL::OnSpeedLimitChange({this=00002CCC001B6D40}, {new_limit=63})
[12152:11456:0516/024519.699:VERBOSE1:media_stream_manager.cc(1533)] MSPL::OnSpeedLimitChange({this=00002CCC001B6D40}, {new_limit=61})
[12152:11456:0516/024520.749:VERBOSE1:media_stream_manager.cc(1533)] MSPL::OnSpeedLimitChange({this=00002CCC001B6D40}, {new_limit=59})
[12152:11456:0516/024521.749:VERBOSE1:media_stream_manager.cc(1533)] MSPL::OnSpeedLimitChange({this=00002CCC001B6D40}, {new_limit=58})
[12152:11456:0516/024522.686:VERBOSE1:media_stream_manager.cc(1533)] MSPL::OnSpeedLimitChange({this=00002CCC001B6D40}, {new_limit=59})
[12152:11456:0516/024523.716:VERBOSE1:media_stream_manager.cc(1533)] MSPL::OnSpeedLimitChange({this=00002CCC001B6D40}, {new_limit=57})
[12152:11456:0516/024524.751:VERBOSE1:media_stream_manager.cc(1533)] MSPL::OnSpeedLimitChange({this=00002CCC001B6D40}, {new_limit=58})
[12152:11456:0516/024525.723:VERBOSE1:media_stream_manager.cc(1533)] MSPL::OnSpeedLimitChange({this=00002CCC001B6D40}, {new_limit=60})
[12152:11456:0516/024526.695:VERBOSE1:media_stream_manager.cc(1533)] MSPL::OnSpeedLimitChange({this=00002CCC001B6D40}, {new_limit=62})
[12152:11456:0516/024527.727:VERBOSE1:media_stream_manager.cc(1533)] MSPL::OnSpeedLimitChange({this=00002CCC001B6D40}, {new_limit=63})
[12152:11456:0516/024528.719:VERBOSE1:media_stream_manager.cc(1533)] MSPL::OnSpeedLimitChange({this=00002CCC001B6D40}, {new_limit=59})
[12152:11456:0516/024529.709:VERBOSE1:media_stream_manager.cc(1533)] MSPL::OnSpeedLimitChange({this=00002CCC001B6D40}, {new_limit=58})
[12152:11456:0516/024530.710:VERBOSE1:media_stream_manager.cc(1533)] MSPL::OnSpeedLimitChange({this=00002CCC001B6D40}, {new_limit=56})
[12152:11456:0516/024532.743:VERBOSE1:media_stream_manager.cc(1533)] MSPL::OnSpeedLimitChange({this=00002CCC001B6D40}, {new_limit=58})
[12152:11456:0516/024533.696:VERBOSE1:media_stream_manager.cc(1533)] MSPL::OnSpeedLimitChange({this=00002CCC001B6D40}, {new_limit=60})
[12152:11456:0516/024534.706:VERBOSE1:media_stream_manager.cc(1533)] MSPL::OnSpeedLimitChange({this=00002CCC001B6D40}, {new_limit=58})
[12152:11456:0516/024535.720:VERBOSE1:media_stream_manager.cc(1533)] MSPL::OnSpeedLimitChange({this=00002CCC001B6D40}, {new_limit=59})
[12152:11456:0516/024536.713:VERBOSE1:media_stream_manager.cc(1533)] MSPL::OnSpeedLimitChange({this=00002CCC001B6D40}, {new_limit=58})
[12152:11456:0516/024537.715:VERBOSE1:media_stream_manager.cc(1533)] MSPL::OnSpeedLimitChange({this=00002CCC001B6D40}, {new_limit=57})
[12152:11456:0516/024538.737:VERBOSE1:media_stream_manager.cc(1533)] MSPL::OnSpeedLimitChange({this=00002CCC001B6D40}, {new_limit=61})
[12152:11456:0516/024539.757:VERBOSE1:media_stream_manager.cc(1533)] MSPL::OnSpeedLimitChange({this=00002CCC001B6D40}, {new_limit=60})
[12152:11456:0516/024540.711:VERBOSE1:media_stream_manager.cc(1533)] MSPL::OnSpeedLimitChange({this=00002CCC001B6D40}, {new_limit=62})
[12152:11456:0516/024541.744:VERBOSE1:media_stream_manager.cc(1533)] MSPL::OnSpeedLimitChange({this=00002CCC001B6D40}, {new_limit=67})
[12152:11456:0516/024542.718:VERBOSE1:media_stream_manager.cc(1533)] MSPL::OnSpeedLimitChange({this=00002CCC001B6D40}, {new_limit=63})
[12152:11456:0516/024543.712:VERBOSE1:media_stream_manager.cc(1533)] MSPL::OnSpeedLimitChange({this=00002CCC001B6D40}, {new_limit=62})
[12152:11456:0516/024545.718:VERBOSE1:media_stream_manager.cc(1533)] MSPL::OnSpeedLimitChange({this=00002CCC001B6D40}, {new_limit=60})
[12152:11456:0516/024546.768:VERBOSE1:media_stream_manager.cc(1533)] MSPL::OnSpeedLimitChange({this=00002CCC001B6D40}, {new_limit=57})
[12152:11456:0516/024547.733:VERBOSE1:media_stream_manager.cc(1533)] MSPL::OnSpeedLimitChange({this=00002CCC001B6D40}, {new_limit=59})
[12152:11456:0516/024548.770:VERBOSE1:media_stream_manager.cc(1533)] MSPL::OnSpeedLimitChange({this=00002CCC001B6D40}, {new_limit=60})
[12152:11456:0516/024549.739:VERBOSE1:media_stream_manager.cc(1533)] MSPL::OnSpeedLimitChange({this=00002CCC001B6D40}, {new_limit=63})
[12152:11456:0516/024550.771:VERBOSE1:media_stream_manager.cc(1533)] MSPL::OnSpeedLimitChange({this=00002CCC001B6D40}, {new_limit=66})
[12152:11456:0516/024551.738:VERBOSE1:media_stream_manager.cc(1533)] MSPL::OnSpeedLimitChange({this=00002CCC001B6D40}, {new_limit=100})
[5404:1368:0516/024552.490:VERBOSE1:network_delegate.cc(36)] NetworkDelegate::NotifyBeforeURLRequest: https://optimizationguide-pa.googleapis.com/v1:GetModels?key=dummytoken
[5404:1368:0516/024552.542:VERBOSE1:tls_handshaker.cc(105)] TlsClient: Continuing handshake
[5404:1368:0516/024552.543:VERBOSE1:tls_handshaker.cc(126)] TlsClient: SSL_do_handshake returned when entering early data. After retry, rv=-1, SSL_in_early_data=1
[5404:1368:0516/024552.586:VERBOSE1:tls_handshaker.cc(105)] TlsClient: Continuing handshake
[5404:1368:0516/024552.587:VERBOSE1:tls_handshaker.cc(105)] TlsClient: Continuing handshake
[5404:1368:0516/024552.587:VERBOSE1:tls_client_handshaker.cc(528)] Client: handshake finished
[12152:11456:0516/024601.749:VERBOSE1:media_stream_manager.cc(1533)] MSPL::OnSpeedLimitChange({this=00002CCC001B6D40}, {new_limit=66})
[12152:11456:0516/024602.752:VERBOSE1:media_stream_manager.cc(1533)] MSPL::OnSpeedLimitChange({this=00002CCC001B6D40}, {new_limit=65})
[12152:11456:0516/024603.738:VERBOSE1:media_stream_manager.cc(1533)] MSPL::OnSpeedLimitChange({this=00002CCC001B6D40}, {new_limit=100})
[12152:11456:0516/024613.733:VERBOSE1:media_stream_manager.cc(1533)] MSPL::OnSpeedLimitChange({this=00002CCC001B6D40}, {new_limit=61})
[12152:11456:0516/024614.785:VERBOSE1:media_stream_manager.cc(1533)] MSPL::OnSpeedLimitChange({this=00002CCC001B6D40}, {new_limit=100})
[12152:11456:0516/024624.793:VERBOSE1:media_stream_manager.cc(1533)] MSPL::OnSpeedLimitChange({this=00002CCC001B6D40}, {new_limit=72})
[12152:11456:0516/024626.751:VERBOSE1:media_stream_manager.cc(1533)] MSPL::OnSpeedLimitChange({this=00002CCC001B6D40}, {new_limit=70})
[12152:11456:0516/024627.759:VERBOSE1:media_stream_manager.cc(1533)] MSPL::OnSpeedLimitChange({this=00002CCC001B6D40}, {new_limit=69})
[12152:11456:0516/024628.809:VERBOSE1:media_stream_manager.cc(1533)] MSPL::OnSpeedLimitChange({this=00002CCC001B6D40}, {new_limit=67})
[12152:11456:0516/024630.039:VERBOSE1:media_stream_manager.cc(1533)] MSPL::OnSpeedLimitChange({this=00002CCC001B6D40}, {new_limit=66})
[12152:11456:0516/024631.781:VERBOSE1:media_stream_manager.cc(1533)] MSPL::OnSpeedLimitChange({this=00002CCC001B6D40}, {new_limit=62})
[12152:11456:0516/024632.863:VERBOSE1:media_stream_manager.cc(1533)] MSPL::OnSpeedLimitChange({this=00002CCC001B6D40}, {new_limit=63})
[12152:11456:0516/024633.964:VERBOSE1:media_stream_manager.cc(1533)] MSPL::OnSpeedLimitChange({this=00002CCC001B6D40}, {new_limit=64})
[12152:11456:0516/024634.754:VERBOSE1:media_stream_manager.cc(1533)] MSPL::OnSpeedLimitChange({this=00002CCC001B6D40}, {new_limit=63})
[12152:11456:0516/024637.760:VERBOSE1:media_stream_manager.cc(1533)] MSPL::OnSpeedLimitChange({this=00002CCC001B6D40}, {new_limit=66})
[12152:11456:0516/024638.804:VERBOSE1:media_stream_manager.cc(1533)] MSPL::OnSpeedLimitChange({this=00002CCC001B6D40}, {new_limit=63})
[12152:11456:0516/024639.801:VERBOSE1:media_stream_manager.cc(1533)] MSPL::OnSpeedLimitChange({this=00002CCC001B6D40}, {new_limit=62})
[12152:11456:0516/024642.779:VERBOSE1:media_stream_manager.cc(1533)] MSPL::OnSpeedLimitChange({this=00002CCC001B6D40}, {new_limit=61})
[12152:11456:0516/024643.779:VERBOSE1:media_stream_manager.cc(1533)] MSPL::OnSpeedLimitChange({this=00002CCC001B6D40}, {new_limit=58})
[12152:11456:0516/024644.787:VERBOSE1:media_stream_manager.cc(1533)] MSPL::OnSpeedLimitChange({this=00002CCC001B6D40}, {new_limit=57})
[12152:11456:0516/024645.772:VERBOSE1:media_stream_manager.cc(1533)] MSPL::OnSpeedLimitChange({this=00002CCC001B6D40}, {new_limit=56})
[12152:11456:0516/024646.774:VERBOSE1:media_stream_manager.cc(1533)] MSPL::OnSpeedLimitChange({this=00002CCC001B6D40}, {new_limit=100})
[12152:11456:0516/024656.771:VERBOSE1:media_stream_manager.cc(1533)] MSPL::OnSpeedLimitChange({this=00002CCC001B6D40}, {new_limit=54})
[12152:11456:0516/024657.771:VERBOSE1:media_stream_manager.cc(1533)] MSPL::OnSpeedLimitChange({this=00002CCC001B6D40}, {new_limit=57})
[12152:11456:0516/024700.820:VERBOSE1:media_stream_manager.cc(1533)] MSPL::OnSpeedLimitChange({this=00002CCC001B6D40}, {new_limit=53})
[12152:11456:0516/024701.815:VERBOSE1:media_stream_manager.cc(1533)] MSPL::OnSpeedLimitChange({this=00002CCC001B6D40}, {new_limit=57})
[12152:11456:0516/024702.805:VERBOSE1:media_stream_manager.cc(1533)] MSPL::OnSpeedLimitChange({this=00002CCC001B6D40}, {new_limit=60})
[12152:11456:0516/024703.793:VERBOSE1:media_stream_manager.cc(1533)] MSPL::OnSpeedLimitChange({this=00002CCC001B6D40}, {new_limit=62})
[12152:11456:0516/024704.794:VERBOSE1:media_stream_manager.cc(1533)] MSPL::OnSpeedLimitChange({this=00002CCC001B6D40}, {new_limit=63})
[12152:11456:0516/024706.842:VERBOSE1:media_stream_manager.cc(1533)] MSPL::OnSpeedLimitChange({this=00002CCC001B6D40}, {new_limit=67})
[12152:11456:0516/024707.817:VERBOSE1:media_stream_manager.cc(1533)] MSPL::OnSpeedLimitChange({this=00002CCC001B6D40}, {new_limit=63})
[12152:11456:0516/024710.797:VERBOSE1:media_stream_manager.cc(1533)] MSPL::OnSpeedLimitChange({this=00002CCC001B6D40}, {new_limit=68})
[12152:11456:0516/024711.794:VERBOSE1:media_stream_manager.cc(1533)] MSPL::OnSpeedLimitChange({this=00002CCC001B6D40}, {new_limit=67})
[12152:11456:0516/024712.833:VERBOSE1:media_stream_manager.cc(1533)] MSPL::OnSpeedLimitChange({this=00002CCC001B6D40}, {new_limit=68})
[12152:11456:0516/024713.838:VERBOSE1:media_stream_manager.cc(1533)] MSPL::OnSpeedLimitChange({this=00002CCC001B6D40}, {new_limit=69})
[12152:11456:0516/024714.786:VERBOSE1:media_stream_manager.cc(1533)] MSPL::OnSpeedLimitChange({this=00002CCC001B6D40}, {new_limit=67})
[12152:11456:0516/024716.795:VERBOSE1:media_stream_manager.cc(1533)] MSPL::OnSpeedLimitChange({this=00002CCC001B6D40}, {new_limit=64})
[12152:11456:0516/024717.896:VERBOSE1:media_stream_manager.cc(1533)] MSPL::OnSpeedLimitChange({this=00002CCC001B6D40}, {new_limit=68})
[12152:11456:0516/024718.816:VERBOSE1:media_stream_manager.cc(1533)] MSPL::OnSpeedLimitChange({this=00002CCC001B6D40}, {new_limit=71})
[12152:11456:0516/024720.848:VERBOSE1:media_stream_manager.cc(1533)] MSPL::OnSpeedLimitChange({this=00002CCC001B6D40}, {new_limit=67})
[12152:11456:0516/024721.839:VERBOSE1:media_stream_manager.cc(1533)] MSPL::OnSpeedLimitChange({this=00002CCC001B6D40}, {new_limit=64})
[12152:11456:0516/024723.853:VERBOSE1:media_stream_manager.cc(1533)] MSPL::OnSpeedLimitChange({this=00002CCC001B6D40}, {new_limit=63})
[12152:11456:0516/024724.854:VERBOSE1:media_stream_manager.cc(1533)] MSPL::OnSpeedLimitChange({this=00002CCC001B6D40}, {new_limit=67})
[12152:11456:0516/024725.829:VERBOSE1:media_stream_manager.cc(1533)] MSPL::OnSpeedLimitChange({this=00002CCC001B6D40}, {new_limit=65})
[12152:11456:0516/024726.798:VERBOSE1:media_stream_manager.cc(1533)] MSPL::OnSpeedLimitChange({this=00002CCC001B6D40}, {new_limit=67})
[12152:11456:0516/024727.854:VERBOSE1:media_stream_manager.cc(1533)] MSPL::OnSpeedLimitChange({this=00002CCC001B6D40}, {new_limit=65})
[12152:11456:0516/024728.829:VERBOSE1:media_stream_manager.cc(1533)] MSPL::OnSpeedLimitChange({this=00002CCC001B6D40}, {new_limit=62})
[12152:11456:0516/024729.861:VERBOSE1:media_stream_manager.cc(1533)] MSPL::OnSpeedLimitChange({this=00002CCC001B6D40}, {new_limit=61})
[12152:11456:0516/024730.870:VERBOSE1:media_stream_manager.cc(1533)] MSPL::OnSpeedLimitChange({this=00002CCC001B6D40}, {new_limit=62})
[12152:11456:0516/024731.862:VERBOSE1:media_stream_manager.cc(1533)] MSPL::OnSpeedLimitChange({this=00002CCC001B6D40}, {new_limit=65})
[12152:11456:0516/024732.873:VERBOSE1:media_stream_manager.cc(1533)] MSPL::OnSpeedLimitChange({this=00002CCC001B6D40}, {new_limit=63})
[12152:11456:0516/024734.809:VERBOSE1:media_stream_manager.cc(1533)] MSPL::OnSpeedLimitChange({this=00002CCC001B6D40}, {new_limit=65})
[12152:11456:0516/024735.859:VERBOSE1:media_stream_manager.cc(1533)] MSPL::OnSpeedLimitChange({this=00002CCC001B6D40}, {new_limit=67})
[12152:11456:0516/024736.821:VERBOSE1:media_stream_manager.cc(1533)] MSPL::OnSpeedLimitChange({this=00002CCC001B6D40}, {new_limit=64})
[12152:11456:0516/024737.814:VERBOSE1:media_stream_manager.cc(1533)] MSPL::OnSpeedLimitChange({this=00002CCC001B6D40}, {new_limit=65})
[12152:11456:0516/024738.853:VERBOSE1:media_stream_manager.cc(1533)] MSPL::OnSpeedLimitChange({this=00002CCC001B6D40}, {new_limit=67})
[12152:11456:0516/024739.843:VERBOSE1:media_stream_manager.cc(1533)] MSPL::OnSpeedLimitChange({this=00002CCC001B6D40}, {new_limit=66})
[12152:11456:0516/024740.846:VERBOSE1:media_stream_manager.cc(1533)] MSPL::OnSpeedLimitChange({this=00002CCC001B6D40}, {new_limit=67})
[12152:11456:0516/024744.813:VERBOSE1:media_stream_manager.cc(1533)] MSPL::OnSpeedLimitChange({this=00002CCC001B6D40}, {new_limit=65})
[12152:11456:0516/024745.848:VERBOSE1:media_stream_manager.cc(1533)] MSPL::OnSpeedLimitChange({this=00002CCC001B6D40}, {new_limit=62})
[12152:11456:0516/024746.848:VERBOSE1:media_stream_manager.cc(1533)] MSPL::OnSpeedLimitChange({this=00002CCC001B6D40}, {new_limit=67})
[12152:11456:0516/024747.848:VERBOSE1:media_stream_manager.cc(1533)] MSPL::OnSpeedLimitChange({this=00002CCC001B6D40}, {new_limit=65})
[12152:11456:0516/024748.849:VERBOSE1:media_stream_manager.cc(1533)] MSPL::OnSpeedLimitChange({this=00002CCC001B6D40}, {new_limit=67})
[12152:11456:0516/024753.844:VERBOSE1:media_stream_manager.cc(1533)] MSPL::OnSpeedLimitChange({this=00002CCC001B6D40}, {new_limit=69})
[12152:11456:0516/024755.838:VERBOSE1:media_stream_manager.cc(1533)] MSPL::OnSpeedLimitChange({this=00002CCC001B6D40}, {new_limit=70})
[12152:11456:0516/024756.838:VERBOSE1:media_stream_manager.cc(1533)] MSPL::OnSpeedLimitChange({this=00002CCC001B6D40}, {new_limit=69})
[12152:11456:0516/024757.842:VERBOSE1:media_stream_manager.cc(1533)] MSPL::OnSpeedLimitChange({this=00002CCC001B6D40}, {new_limit=71})
[12152:11456:0516/024758.849:VERBOSE1:media_stream_manager.cc(1533)] MSPL::OnSpeedLimitChange({this=00002CCC001B6D40}, {new_limit=66})
[12152:11456:0516/024759.830:VERBOSE1:media_stream_manager.cc(1533)] MSPL::OnSpeedLimitChange({this=00002CCC001B6D40}, {new_limit=67})
[12152:11456:0516/024801.874:VERBOSE1:media_stream_manager.cc(1533)] MSPL::OnSpeedLimitChange({this=00002CCC001B6D40}, {new_limit=66})
[12152:11456:0516/024804.887:VERBOSE1:media_stream_manager.cc(1533)] MSPL::OnSpeedLimitChange({this=00002CCC001B6D40}, {new_limit=62})
[12152:11456:0516/024806.077:VERBOSE1:media_stream_manager.cc(1533)] MSPL::OnSpeedLimitChange({this=00002CCC001B6D40}, {new_limit=64})
[12152:11456:0516/024807.076:VERBOSE1:media_stream_manager.cc(1533)] MSPL::OnSpeedLimitChange({this=00002CCC001B6D40}, {new_limit=100})
[12152:15228:0516/024807.465:VERBOSE1:device_event_log_impl.cc(198)] [02:48:07.465] Display: EVENT: screen_win.cc:893 Displays updated, count: 2
[12152:15228:0516/024807.465:VERBOSE1:device_event_log_impl.cc(198)] [02:48:07.466] Display: EVENT: screen_win.cc:895 Display[1552941674] bounds=[1360,0 1366x768], workarea=[1360,0 1366x720], scale=1, rotation=0, panel_rotation=0 external detected
[12152:15228:0516/024807.465:VERBOSE1:device_event_log_impl.cc(198)] [02:48:07.466] Display: EVENT: screen_win.cc:895 Display[3336287498] bounds=[0,0 1360x768], workarea=[0,0 1360x720], scale=1, rotation=0, panel_rotation=0 external detected
[12152:15228:0516/024819.814:VERBOSE1:device_event_log_impl.cc(198)] [02:48:19.815] Display: EVENT: screen_win.cc:893 Displays updated, count: 2
[12152:15228:0516/024819.815:VERBOSE1:device_event_log_impl.cc(198)] [02:48:19.815] Display: EVENT: screen_win.cc:895 Display[1552941674] bounds=[1360,0 1366x768], workarea=[1360,0 1366x720], scale=1, rotation=0, panel_rotation=0 external detected
[12152:15228:0516/024819.815:VERBOSE1:device_event_log_impl.cc(198)] [02:48:19.815] Display: EVENT: screen_win.cc:895 Display[3336287498] bounds=[0,0 1360x768], workarea=[0,0 1360x720], scale=1, rotation=0, panel_rotation=0 external detected
[12152:11456:0516/024829.887:VERBOSE1:media_stream_manager.cc(1533)] MSPL::OnSpeedLimitChange({this=00002CCC001B6D40}, {new_limit=40})
[12152:11456:0516/024830.883:VERBOSE1:media_stream_manager.cc(1533)] MSPL::OnSpeedLimitChange({this=00002CCC001B6D40}, {new_limit=43})
[12152:11456:0516/024831.868:VERBOSE1:media_stream_manager.cc(1533)] MSPL::OnSpeedLimitChange({this=00002CCC001B6D40}, {new_limit=44})
[12152:11456:0516/024832.857:VERBOSE1:media_stream_manager.cc(1533)] MSPL::OnSpeedLimitChange({this=00002CCC001B6D40}, {new_limit=47})
[12152:11456:0516/024834.911:VERBOSE1:media_stream_manager.cc(1533)] MSPL::OnSpeedLimitChange({this=00002CCC001B6D40}, {new_limit=51})
[12152:11456:0516/024835.900:VERBOSE1:media_stream_manager.cc(1533)] MSPL::OnSpeedLimitChange({this=00002CCC001B6D40}, {new_limit=55})
[12152:11456:0516/024836.900:VERBOSE1:media_stream_manager.cc(1533)] MSPL::OnSpeedLimitChange({this=00002CCC001B6D40}, {new_limit=59})
[12152:11456:0516/024837.897:VERBOSE1:media_stream_manager.cc(1533)] MSPL::OnSpeedLimitChange({this=00002CCC001B6D40}, {new_limit=62})
[12152:11456:0516/024838.897:VERBOSE1:media_stream_manager.cc(1533)] MSPL::OnSpeedLimitChange({this=00002CCC001B6D40}, {new_limit=66})
[12152:11456:0516/024839.883:VERBOSE1:media_stream_manager.cc(1533)] MSPL::OnSpeedLimitChange({this=00002CCC001B6D40}, {new_limit=62})
[12152:11456:0516/024841.865:VERBOSE1:media_stream_manager.cc(1533)] MSPL::OnSpeedLimitChange({this=00002CCC001B6D40}, {new_limit=65})
[12152:11456:0516/024842.918:VERBOSE1:media_stream_manager.cc(1533)] MSPL::OnSpeedLimitChange({this=00002CCC001B6D40}, {new_limit=63})
[12152:11456:0516/024843.912:VERBOSE1:media_stream_manager.cc(1533)] MSPL::OnSpeedLimitChange({this=00002CCC001B6D40}, {new_limit=66})
[12152:11456:0516/024845.921:VERBOSE1:media_stream_manager.cc(1533)] MSPL::OnSpeedLimitChange({this=00002CCC001B6D40}, {new_limit=62})
[5404:1368:0516/024847.379:VERBOSE1:network_delegate.cc(36)] NetworkDelegate::NotifyBeforeURLRequest: https://optimizationguide-pa.googleapis.com/v1:GetModels?key=dummytoken
[5404:1368:0516/024847.408:VERBOSE1:tls_handshaker.cc(105)] TlsClient: Continuing handshake
[5404:1368:0516/024847.409:VERBOSE1:tls_handshaker.cc(126)] TlsClient: SSL_do_handshake returned when entering early data. After retry, rv=-1, SSL_in_early_data=1
[5404:1368:0516/024847.458:VERBOSE1:tls_handshaker.cc(105)] TlsClient: Continuing handshake
[5404:1368:0516/024847.459:VERBOSE1:tls_handshaker.cc(105)] TlsClient: Continuing handshake
[5404:1368:0516/024847.459:VERBOSE1:tls_client_handshaker.cc(528)] Client: handshake finished
[12152:11456:0516/024848.885:VERBOSE1:media_stream_manager.cc(1533)] MSPL::OnSpeedLimitChange({this=00002CCC001B6D40}, {new_limit=63})
[12152:11456:0516/024849.871:VERBOSE1:media_stream_manager.cc(1533)] MSPL::OnSpeedLimitChange({this=00002CCC001B6D40}, {new_limit=67})
[12152:11456:0516/024851.936:VERBOSE1:media_stream_manager.cc(1533)] MSPL::OnSpeedLimitChange({this=00002CCC001B6D40}, {new_limit=62})
[12152:11456:0516/024852.899:VERBOSE1:media_stream_manager.cc(1533)] MSPL::OnSpeedLimitChange({this=00002CCC001B6D40}, {new_limit=66})
[12152:11456:0516/024853.932:VERBOSE1:media_stream_manager.cc(1533)] MSPL::OnSpeedLimitChange({this=00002CCC001B6D40}, {new_limit=65})
[12152:11456:0516/024854.935:VERBOSE1:media_stream_manager.cc(1533)] MSPL::OnSpeedLimitChange({this=00002CCC001B6D40}, {new_limit=63})
[12152:11456:0516/024855.917:VERBOSE1:media_stream_manager.cc(1533)] MSPL::OnSpeedLimitChange({this=00002CCC001B6D40}, {new_limit=67})
[12152:11456:0516/024856.909:VERBOSE1:media_stream_manager.cc(1533)] MSPL::OnSpeedLimitChange({this=00002CCC001B6D40}, {new_limit=66})
[12152:11456:0516/024857.897:VERBOSE1:media_stream_manager.cc(1533)] MSPL::OnSpeedLimitChange({this=00002CCC001B6D40}, {new_limit=67})
[12152:11456:0516/024859.941:VERBOSE1:media_stream_manager.cc(1533)] MSPL::OnSpeedLimitChange({this=00002CCC001B6D40}, {new_limit=100})
[12152:11456:0516/024909.928:VERBOSE1:media_stream_manager.cc(1533)] MSPL::OnSpeedLimitChange({this=00002CCC001B6D40}, {new_limit=62})
[12152:11456:0516/024910.924:VERBOSE1:media_stream_manager.cc(1533)] MSPL::OnSpeedLimitChange({this=00002CCC001B6D40}, {new_limit=60})
[12152:11456:0516/024911.909:VERBOSE1:media_stream_manager.cc(1533)] MSPL::OnSpeedLimitChange({this=00002CCC001B6D40}, {new_limit=57})
[12152:11456:0516/024915.959:VERBOSE1:media_stream_manager.cc(1533)] MSPL::OnSpeedLimitChange({this=00002CCC001B6D40}, {new_limit=56})
[12152:11456:0516/024916.945:VERBOSE1:media_stream_manager.cc(1533)] MSPL::OnSpeedLimitChange({this=00002CCC001B6D40}, {new_limit=55})
[12152:11456:0516/024917.923:VERBOSE1:media_stream_manager.cc(1533)] MSPL::OnSpeedLimitChange({this=00002CCC001B6D40}, {new_limit=54})
[12152:11456:0516/024918.928:VERBOSE1:media_stream_manager.cc(1533)] MSPL::OnSpeedLimitChange({this=00002CCC001B6D40}, {new_limit=52})
[12152:11456:0516/024920.110:VERBOSE1:media_stream_manager.cc(1533)] MSPL::OnSpeedLimitChange({this=00002CCC001B6D40}, {new_limit=56})
[12152:11456:0516/024920.953:VERBOSE1:media_stream_manager.cc(1533)] MSPL::OnSpeedLimitChange({this=00002CCC001B6D40}, {new_limit=59})
[12152:11456:0516/024921.944:VERBOSE1:media_stream_manager.cc(1533)] MSPL::OnSpeedLimitChange({this=00002CCC001B6D40}, {new_limit=62})
[12152:11456:0516/024922.937:VERBOSE1:media_stream_manager.cc(1533)] MSPL::OnSpeedLimitChange({this=00002CCC001B6D40}, {new_limit=66})
[12152:11456:0516/024923.923:VERBOSE1:media_stream_manager.cc(1533)] MSPL::OnSpeedLimitChange({this=00002CCC001B6D40}, {new_limit=64})
[12152:11456:0516/024924.909:VERBOSE1:media_stream_manager.cc(1533)] MSPL::OnSpeedLimitChange({this=00002CCC001B6D40}, {new_limit=67})
[12152:11456:0516/024925.900:VERBOSE1:media_stream_manager.cc(1533)] MSPL::OnSpeedLimitChange({this=00002CCC001B6D40}, {new_limit=62})
[12152:11456:0516/024926.949:VERBOSE1:media_stream_manager.cc(1533)] MSPL::OnSpeedLimitChange({this=00002CCC001B6D40}, {new_limit=63})
[12152:11456:0516/024927.904:VERBOSE1:media_stream_manager.cc(1533)] MSPL::OnSpeedLimitChange({this=00002CCC001B6D40}, {new_limit=61})
[12152:11456:0516/024928.937:VERBOSE1:media_stream_manager.cc(1533)] MSPL::OnSpeedLimitChange({this=00002CCC001B6D40}, {new_limit=58})
[12152:11456:0516/024929.957:VERBOSE1:media_stream_manager.cc(1533)] MSPL::OnSpeedLimitChange({this=00002CCC001B6D40}, {new_limit=57})
[12152:11456:0516/024930.960:VERBOSE1:media_stream_manager.cc(1533)] MSPL::OnSpeedLimitChange({this=00002CCC001B6D40}, {new_limit=54})
[12152:11456:0516/024931.945:VERBOSE1:media_stream_manager.cc(1533)] MSPL::OnSpeedLimitChange({this=00002CCC001B6D40}, {new_limit=52})
[12152:11456:0516/024932.933:VERBOSE1:media_stream_manager.cc(1533)] MSPL::OnSpeedLimitChange({this=00002CCC001B6D40}, {new_limit=48})
[12152:11456:0516/024933.926:VERBOSE1:media_stream_manager.cc(1533)] MSPL::OnSpeedLimitChange({this=00002CCC001B6D40}, {new_limit=50})
[12152:11456:0516/024934.980:VERBOSE1:media_stream_manager.cc(1533)] MSPL::OnSpeedLimitChange({this=00002CCC001B6D40}, {new_limit=49})
[12152:11456:0516/024935.962:VERBOSE1:media_stream_manager.cc(1533)] MSPL::OnSpeedLimitChange({this=00002CCC001B6D40}, {new_limit=53})
[12152:11456:0516/024936.926:VERBOSE1:media_stream_manager.cc(1533)] MSPL::OnSpeedLimitChange({this=00002CCC001B6D40}, {new_limit=52})
[12152:11456:0516/024937.957:VERBOSE1:media_stream_manager.cc(1533)] MSPL::OnSpeedLimitChange({this=00002CCC001B6D40}, {new_limit=100})
[12152:11456:0516/024947.967:VERBOSE1:media_stream_manager.cc(1533)] MSPL::OnSpeedLimitChange({this=00002CCC001B6D40}, {new_limit=77})
[12152:11456:0516/024949.974:VERBOSE1:media_stream_manager.cc(1533)] MSPL::OnSpeedLimitChange({this=00002CCC001B6D40}, {new_limit=100})
[12152:11456:0516/025013.985:VERBOSE1:media_stream_manager.cc(1533)] MSPL::OnSpeedLimitChange({this=00002CCC001B6D40}, {new_limit=56})
[12152:11456:0516/025014.981:VERBOSE1:media_stream_manager.cc(1533)] MSPL::OnSpeedLimitChange({this=00002CCC001B6D40}, {new_limit=52})
[12152:11456:0516/025016.946:VERBOSE1:media_stream_manager.cc(1533)] MSPL::OnSpeedLimitChange({this=00002CCC001B6D40}, {new_limit=53})
[12152:11456:0516/025017.952:VERBOSE1:media_stream_manager.cc(1533)] MSPL::OnSpeedLimitChange({this=00002CCC001B6D40}, {new_limit=54})
[12152:11456:0516/025020.024:VERBOSE1:media_stream_manager.cc(1533)] MSPL::OnSpeedLimitChange({this=00002CCC001B6D40}, {new_limit=56})
[12152:11456:0516/025021.037:VERBOSE1:media_stream_manager.cc(1533)] MSPL::OnSpeedLimitChange({this=00002CCC001B6D40}, {new_limit=58})
[12152:11456:0516/025022.076:VERBOSE1:media_stream_manager.cc(1533)] MSPL::OnSpeedLimitChange({this=00002CCC001B6D40}, {new_limit=100})
[12152:11456:0516/025032.009:VERBOSE1:media_stream_manager.cc(1533)] MSPL::OnSpeedLimitChange({this=00002CCC001B6D40}, {new_limit=61})
[12152:11456:0516/025032.994:VERBOSE1:media_stream_manager.cc(1533)] MSPL::OnSpeedLimitChange({this=00002CCC001B6D40}, {new_limit=64})
[12152:11456:0516/025033.998:VERBOSE1:media_stream_manager.cc(1533)] MSPL::OnSpeedLimitChange({this=00002CCC001B6D40}, {new_limit=65})
[12152:11456:0516/025035.013:VERBOSE1:media_stream_manager.cc(1533)] MSPL::OnSpeedLimitChange({this=00002CCC001B6D40}, {new_limit=100})
[12152:11456:0516/025045.029:VERBOSE1:media_stream_manager.cc(1533)] MSPL::OnSpeedLimitChange({this=00002CCC001B6D40}, {new_limit=56})
[12152:11456:0516/025046.020:VERBOSE1:media_stream_manager.cc(1533)] MSPL::OnSpeedLimitChange({this=00002CCC001B6D40}, {new_limit=53})
[12152:11456:0516/025049.036:VERBOSE1:media_stream_manager.cc(1533)] MSPL::OnSpeedLimitChange({this=00002CCC001B6D40}, {new_limit=54})
[12152:11456:0516/025050.001:VERBOSE1:media_stream_manager.cc(1533)] MSPL::OnSpeedLimitChange({this=00002CCC001B6D40}, {new_limit=100})
[12152:11456:0516/025100.054:VERBOSE1:media_stream_manager.cc(1533)] MSPL::OnSpeedLimitChange({this=00002CCC001B6D40}, {new_limit=45})
[12152:11456:0516/025101.051:VERBOSE1:media_stream_manager.cc(1533)] MSPL::OnSpeedLimitChange({this=00002CCC001B6D40}, {new_limit=46})
[12152:11456:0516/025102.017:VERBOSE1:media_stream_manager.cc(1533)] MSPL::OnSpeedLimitChange({this=00002CCC001B6D40}, {new_limit=47})
[12152:11456:0516/025105.063:VERBOSE1:media_stream_manager.cc(1533)] MSPL::OnSpeedLimitChange({this=00002CCC001B6D40}, {new_limit=44})
[12152:11456:0516/025106.022:VERBOSE1:media_stream_manager.cc(1533)] MSPL::OnSpeedLimitChange({this=00002CCC001B6D40}, {new_limit=46})
[12152:11456:0516/025107.067:VERBOSE1:media_stream_manager.cc(1533)] MSPL::OnSpeedLimitChange({this=00002CCC001B6D40}, {new_limit=45})
[12152:11456:0516/025108.016:VERBOSE1:media_stream_manager.cc(1533)] MSPL::OnSpeedLimitChange({this=00002CCC001B6D40}, {new_limit=48})
[12152:11456:0516/025109.073:VERBOSE1:media_stream_manager.cc(1533)] MSPL::OnSpeedLimitChange({this=00002CCC001B6D40}, {new_limit=50})
[12152:11456:0516/025110.063:VERBOSE1:media_stream_manager.cc(1533)] MSPL::OnSpeedLimitChange({this=00002CCC001B6D40}, {new_limit=52})
[12152:11456:0516/025111.076:VERBOSE1:media_stream_manager.cc(1533)] MSPL::OnSpeedLimitChange({this=00002CCC001B6D40}, {new_limit=54})
[12152:11456:0516/025112.093:VERBOSE1:media_stream_manager.cc(1533)] MSPL::OnSpeedLimitChange({this=00002CCC001B6D40}, {new_limit=52})
[12152:11456:0516/025113.035:VERBOSE1:media_stream_manager.cc(1533)] MSPL::OnSpeedLimitChange({this=00002CCC001B6D40}, {new_limit=54})
[12152:11456:0516/025114.053:VERBOSE1:media_stream_manager.cc(1533)] MSPL::OnSpeedLimitChange({this=00002CCC001B6D40}, {new_limit=52})
[12152:11456:0516/025115.060:VERBOSE1:media_stream_manager.cc(1533)] MSPL::OnSpeedLimitChange({this=00002CCC001B6D40}, {new_limit=57})
[12152:11456:0516/025116.077:VERBOSE1:media_stream_manager.cc(1533)] MSPL::OnSpeedLimitChange({this=00002CCC001B6D40}, {new_limit=53})
[12152:11456:0516/025117.073:VERBOSE1:media_stream_manager.cc(1533)] MSPL::OnSpeedLimitChange({this=00002CCC001B6D40}, {new_limit=52})
[12152:11456:0516/025119.034:VERBOSE1:media_stream_manager.cc(1533)] MSPL::OnSpeedLimitChange({this=00002CCC001B6D40}, {new_limit=53})
[12152:11456:0516/025120.084:VERBOSE1:media_stream_manager.cc(1533)] MSPL::OnSpeedLimitChange({this=00002CCC001B6D40}, {new_limit=52})
[12152:11456:0516/025121.071:VERBOSE1:media_stream_manager.cc(1533)] MSPL::OnSpeedLimitChange({this=00002CCC001B6D40}, {new_limit=51})
[12152:11456:0516/025122.077:VERBOSE1:media_stream_manager.cc(1533)] MSPL::OnSpeedLimitChange({this=00002CCC001B6D40}, {new_limit=54})
[12152:11456:0516/025123.089:VERBOSE1:media_stream_manager.cc(1533)] MSPL::OnSpeedLimitChange({this=00002CCC001B6D40}, {new_limit=56})
[12152:11456:0516/025124.098:VERBOSE1:media_stream_manager.cc(1533)] MSPL::OnSpeedLimitChange({this=00002CCC001B6D40}, {new_limit=58})
[12152:11456:0516/025125.093:VERBOSE1:media_stream_manager.cc(1533)] MSPL::OnSpeedLimitChange({this=00002CCC001B6D40}, {new_limit=54})
[12152:11456:0516/025127.103:VERBOSE1:media_stream_manager.cc(1533)] MSPL::OnSpeedLimitChange({this=00002CCC001B6D40}, {new_limit=56})
[12152:11456:0516/025128.063:VERBOSE1:media_stream_manager.cc(1533)] MSPL::OnSpeedLimitChange({this=00002CCC001B6D40}, {new_limit=53})
[12152:11456:0516/025129.059:VERBOSE1:media_stream_manager.cc(1533)] MSPL::OnSpeedLimitChange({this=00002CCC001B6D40}, {new_limit=52})
[12152:11456:0516/025130.064:VERBOSE1:media_stream_manager.cc(1533)] MSPL::OnSpeedLimitChange({this=00002CCC001B6D40}, {new_limit=56})
[12152:11456:0516/025131.079:VERBOSE1:media_stream_manager.cc(1533)] MSPL::OnSpeedLimitChange({this=00002CCC001B6D40}, {new_limit=54})
[12152:11456:0516/025133.116:VERBOSE1:media_stream_manager.cc(1533)] MSPL::OnSpeedLimitChange({this=00002CCC001B6D40}, {new_limit=53})
[12152:11456:0516/025134.113:VERBOSE1:media_stream_manager.cc(1533)] MSPL::OnSpeedLimitChange({this=00002CCC001B6D40}, {new_limit=52})
[12152:11456:0516/025135.051:VERBOSE1:media_stream_manager.cc(1533)] MSPL::OnSpeedLimitChange({this=00002CCC001B6D40}, {new_limit=55})
[12152:11456:0516/025136.063:VERBOSE1:media_stream_manager.cc(1533)] MSPL::OnSpeedLimitChange({this=00002CCC001B6D40}, {new_limit=57})
[5404:1368:0516/025138.314:VERBOSE1:network_delegate.cc(36)] NetworkDelegate::NotifyBeforeURLRequest: https://optimizationguide-pa.googleapis.com/v1:GetModels?key=dummytoken
[5404:1368:0516/025138.365:VERBOSE1:tls_handshaker.cc(105)] TlsClient: Continuing handshake
[5404:1368:0516/025138.366:VERBOSE1:tls_handshaker.cc(126)] TlsClient: SSL_do_handshake returned when entering early data. After retry, rv=-1, SSL_in_early_data=1
[5404:1368:0516/025138.416:VERBOSE1:tls_handshaker.cc(105)] TlsClient: Continuing handshake
[5404:1368:0516/025138.416:VERBOSE1:tls_handshaker.cc(105)] TlsClient: Continuing handshake
[5404:1368:0516/025138.417:VERBOSE1:tls_client_handshaker.cc(528)] Client: handshake finished
[12152:11456:0516/025139.089:VERBOSE1:media_stream_manager.cc(1533)] MSPL::OnSpeedLimitChange({this=00002CCC001B6D40}, {new_limit=62})
[12152:11456:0516/025140.096:VERBOSE1:media_stream_manager.cc(1533)] MSPL::OnSpeedLimitChange({this=00002CCC001B6D40}, {new_limit=61})
[12152:11456:0516/025141.058:VERBOSE1:media_stream_manager.cc(1533)] MSPL::OnSpeedLimitChange({this=00002CCC001B6D40}, {new_limit=60})
[12152:11456:0516/025142.115:VERBOSE1:media_stream_manager.cc(1533)] MSPL::OnSpeedLimitChange({this=00002CCC001B6D40}, {new_limit=57})
[12152:11456:0516/025143.077:VERBOSE1:media_stream_manager.cc(1533)] MSPL::OnSpeedLimitChange({this=00002CCC001B6D40}, {new_limit=54})
[12152:11456:0516/025145.090:VERBOSE1:media_stream_manager.cc(1533)] MSPL::OnSpeedLimitChange({this=00002CCC001B6D40}, {new_limit=52})
[12152:11456:0516/025146.129:VERBOSE1:media_stream_manager.cc(1533)] MSPL::OnSpeedLimitChange({this=00002CCC001B6D40}, {new_limit=50})
[12152:11456:0516/025147.058:VERBOSE1:media_stream_manager.cc(1533)] MSPL::OnSpeedLimitChange({this=00002CCC001B6D40}, {new_limit=48})
[12152:11456:0516/025149.123:VERBOSE1:media_stream_manager.cc(1533)] MSPL::OnSpeedLimitChange({this=00002CCC001B6D40}, {new_limit=43})
[12152:11456:0516/025150.095:VERBOSE1:media_stream_manager.cc(1533)] MSPL::OnSpeedLimitChange({this=00002CCC001B6D40}, {new_limit=41})
[12152:11456:0516/025152.078:VERBOSE1:media_stream_manager.cc(1533)] MSPL::OnSpeedLimitChange({this=00002CCC001B6D40}, {new_limit=42})
[12152:11456:0516/025153.124:VERBOSE1:media_stream_manager.cc(1533)] MSPL::OnSpeedLimitChange({this=00002CCC001B6D40}, {new_limit=41})
[12152:11456:0516/025154.086:VERBOSE1:media_stream_manager.cc(1533)] MSPL::OnSpeedLimitChange({this=00002CCC001B6D40}, {new_limit=43})
[12152:11456:0516/025155.085:VERBOSE1:media_stream_manager.cc(1533)] MSPL::OnSpeedLimitChange({this=00002CCC001B6D40}, {new_limit=44})
[12152:11456:0516/025156.092:VERBOSE1:media_stream_manager.cc(1533)] MSPL::OnSpeedLimitChange({this=00002CCC001B6D40}, {new_limit=49})
[12152:11456:0516/025157.099:VERBOSE1:media_stream_manager.cc(1533)] MSPL::OnSpeedLimitChange({this=00002CCC001B6D40}, {new_limit=54})
[12152:11456:0516/025158.105:VERBOSE1:media_stream_manager.cc(1533)] MSPL::OnSpeedLimitChange({this=00002CCC001B6D40}, {new_limit=56})
[12152:11456:0516/025159.102:VERBOSE1:media_stream_manager.cc(1533)] MSPL::OnSpeedLimitChange({this=00002CCC001B6D40}, {new_limit=60})
[12152:11456:0516/025200.097:VERBOSE1:media_stream_manager.cc(1533)] MSPL::OnSpeedLimitChange({this=00002CCC001B6D40}, {new_limit=61})
[12152:11456:0516/025201.088:VERBOSE1:media_stream_manager.cc(1533)] MSPL::OnSpeedLimitChange({this=00002CCC001B6D40}, {new_limit=65})
[12152:11456:0516/025202.095:VERBOSE1:media_stream_manager.cc(1533)] MSPL::OnSpeedLimitChange({this=00002CCC001B6D40}, {new_limit=69})
[12152:11456:0516/025203.097:VERBOSE1:media_stream_manager.cc(1533)] MSPL::OnSpeedLimitChange({this=00002CCC001B6D40}, {new_limit=74})
[12152:11456:0516/025204.114:VERBOSE1:media_stream_manager.cc(1533)] MSPL::OnSpeedLimitChange({this=00002CCC001B6D40}, {new_limit=72})
[12152:11456:0516/025205.118:VERBOSE1:media_stream_manager.cc(1533)] MSPL::OnSpeedLimitChange({this=00002CCC001B6D40}, {new_limit=74})
[12152:11456:0516/025206.126:VERBOSE1:media_stream_manager.cc(1533)] MSPL::OnSpeedLimitChange({this=00002CCC001B6D40}, {new_limit=70})
[12152:11456:0516/025207.094:VERBOSE1:media_stream_manager.cc(1533)] MSPL::OnSpeedLimitChange({this=00002CCC001B6D40}, {new_limit=66})
[12152:11456:0516/025208.106:VERBOSE1:media_stream_manager.cc(1533)] MSPL::OnSpeedLimitChange({this=00002CCC001B6D40}, {new_limit=67})
[12152:11456:0516/025209.105:VERBOSE1:media_stream_manager.cc(1533)] MSPL::OnSpeedLimitChange({this=00002CCC001B6D40}, {new_limit=100})
[12152:11456:0516/025219.159:VERBOSE1:media_stream_manager.cc(1533)] MSPL::OnSpeedLimitChange({this=00002CCC001B6D40}, {new_limit=58})
[12152:11456:0516/025220.135:VERBOSE1:media_stream_manager.cc(1533)] MSPL::OnSpeedLimitChange({this=00002CCC001B6D40}, {new_limit=62})
[12152:11456:0516/025221.127:VERBOSE1:media_stream_manager.cc(1533)] MSPL::OnSpeedLimitChange({this=00002CCC001B6D40}, {new_limit=66})
[12152:11456:0516/025222.120:VERBOSE1:media_stream_manager.cc(1533)] MSPL::OnSpeedLimitChange({this=00002CCC001B6D40}, {new_limit=70})
[12152:11456:0516/025223.173:VERBOSE1:media_stream_manager.cc(1533)] MSPL::OnSpeedLimitChange({this=00002CCC001B6D40}, {new_limit=74})
[12152:11456:0516/025224.103:VERBOSE1:media_stream_manager.cc(1533)] MSPL::OnSpeedLimitChange({this=00002CCC001B6D40}, {new_limit=76})
[12152:11456:0516/025229.102:VERBOSE1:media_stream_manager.cc(1533)] MSPL::OnSpeedLimitChange({this=00002CCC001B6D40}, {new_limit=74})
[12152:11456:0516/025230.159:VERBOSE1:media_stream_manager.cc(1533)] MSPL::OnSpeedLimitChange({this=00002CCC001B6D40}, {new_limit=69})
[12152:11456:0516/025231.153:VERBOSE1:media_stream_manager.cc(1533)] MSPL::OnSpeedLimitChange({this=00002CCC001B6D40}, {new_limit=66})
[12152:11456:0516/025232.138:VERBOSE1:media_stream_manager.cc(1533)] MSPL::OnSpeedLimitChange({this=00002CCC001B6D40}, {new_limit=63})
[12152:11456:0516/025233.116:VERBOSE1:media_stream_manager.cc(1533)] MSPL::OnSpeedLimitChange({this=00002CCC001B6D40}, {new_limit=62})
[12152:11456:0516/025236.134:VERBOSE1:media_stream_manager.cc(1533)] MSPL::OnSpeedLimitChange({this=00002CCC001B6D40}, {new_limit=60})
[12152:11456:0516/025238.174:VERBOSE1:media_stream_manager.cc(1533)] MSPL::OnSpeedLimitChange({this=00002CCC001B6D40}, {new_limit=61})
[12152:11456:0516/025240.211:VERBOSE1:media_stream_manager.cc(1533)] MSPL::OnSpeedLimitChange({this=00002CCC001B6D40}, {new_limit=65})
[12152:11456:0516/025241.122:VERBOSE1:media_stream_manager.cc(1533)] MSPL::OnSpeedLimitChange({this=00002CCC001B6D40}, {new_limit=67})
[12152:11456:0516/025242.171:VERBOSE1:media_stream_manager.cc(1533)] MSPL::OnSpeedLimitChange({this=00002CCC001B6D40}, {new_limit=69})
[12152:11456:0516/025244.134:VERBOSE1:media_stream_manager.cc(1533)] MSPL::OnSpeedLimitChange({this=00002CCC001B6D40}, {new_limit=67})
[12152:11456:0516/025245.232:VERBOSE1:media_stream_manager.cc(1533)] MSPL::OnSpeedLimitChange({this=00002CCC001B6D40}, {new_limit=62})
[12152:11456:0516/025246.163:VERBOSE1:media_stream_manager.cc(1533)] MSPL::OnSpeedLimitChange({this=00002CCC001B6D40}, {new_limit=64})
[12152:11456:0516/025247.151:VERBOSE1:media_stream_manager.cc(1533)] MSPL::OnSpeedLimitChange({this=00002CCC001B6D40}, {new_limit=61})
[12152:11456:0516/025248.130:VERBOSE1:media_stream_manager.cc(1533)] MSPL::OnSpeedLimitChange({this=00002CCC001B6D40}, {new_limit=58})
[12152:11456:0516/025250.137:VERBOSE1:media_stream_manager.cc(1533)] MSPL::OnSpeedLimitChange({this=00002CCC001B6D40}, {new_limit=57})
[12152:11456:0516/025251.123:VERBOSE1:media_stream_manager.cc(1533)] MSPL::OnSpeedLimitChange({this=00002CCC001B6D40}, {new_limit=58})
[12152:11456:0516/025252.166:VERBOSE1:media_stream_manager.cc(1533)] MSPL::OnSpeedLimitChange({this=00002CCC001B6D40}, {new_limit=57})
[12152:11456:0516/025253.143:VERBOSE1:media_stream_manager.cc(1533)] MSPL::OnSpeedLimitChange({this=00002CCC001B6D40}, {new_limit=58})
[12152:11456:0516/025254.124:VERBOSE1:media_stream_manager.cc(1533)] MSPL::OnSpeedLimitChange({this=00002CCC001B6D40}, {new_limit=59})
[12152:11456:0516/025256.154:VERBOSE1:media_stream_manager.cc(1533)] MSPL::OnSpeedLimitChange({this=00002CCC001B6D40}, {new_limit=54})
[12152:11456:0516/025257.194:VERBOSE1:media_stream_manager.cc(1533)] MSPL::OnSpeedLimitChange({this=00002CCC001B6D40}, {new_limit=53})
[12152:11456:0516/025259.134:VERBOSE1:media_stream_manager.cc(1533)] MSPL::OnSpeedLimitChange({this=00002CCC001B6D40}, {new_limit=52})
[12152:11456:0516/025300.178:VERBOSE1:media_stream_manager.cc(1533)] MSPL::OnSpeedLimitChange({this=00002CCC001B6D40}, {new_limit=50})
[12152:11456:0516/025301.153:VERBOSE1:media_stream_manager.cc(1533)] MSPL::OnSpeedLimitChange({this=00002CCC001B6D40}, {new_limit=51})
[12152:11456:0516/025303.183:VERBOSE1:media_stream_manager.cc(1533)] MSPL::OnSpeedLimitChange({this=00002CCC001B6D40}, {new_limit=52})
[12152:11456:0516/025305.152:VERBOSE1:media_stream_manager.cc(1533)] MSPL::OnSpeedLimitChange({this=00002CCC001B6D40}, {new_limit=56})
[12152:11456:0516/025306.192:VERBOSE1:media_stream_manager.cc(1533)] MSPL::OnSpeedLimitChange({this=00002CCC001B6D40}, {new_limit=60})
[12152:11456:0516/025307.174:VERBOSE1:media_stream_manager.cc(1533)] MSPL::OnSpeedLimitChange({this=00002CCC001B6D40}, {new_limit=62})
[12152:11456:0516/025308.164:VERBOSE1:media_stream_manager.cc(1533)] MSPL::OnSpeedLimitChange({this=00002CCC001B6D40}, {new_limit=65})
[12152:11456:0516/025309.192:VERBOSE1:media_stream_manager.cc(1533)] MSPL::OnSpeedLimitChange({this=00002CCC001B6D40}, {new_limit=63})
[12152:11456:0516/025310.152:VERBOSE1:media_stream_manager.cc(1533)] MSPL::OnSpeedLimitChange({this=00002CCC001B6D40}, {new_limit=62})
[12152:11456:0516/025312.193:VERBOSE1:media_stream_manager.cc(1533)] MSPL::OnSpeedLimitChange({this=00002CCC001B6D40}, {new_limit=61})
[12152:11456:0516/025313.213:VERBOSE1:media_stream_manager.cc(1533)] MSPL::OnSpeedLimitChange({this=00002CCC001B6D40}, {new_limit=58})
[12152:11456:0516/025314.157:VERBOSE1:media_stream_manager.cc(1533)] MSPL::OnSpeedLimitChange({this=00002CCC001B6D40}, {new_limit=56})
[12152:11456:0516/025316.169:VERBOSE1:media_stream_manager.cc(1533)] MSPL::OnSpeedLimitChange({this=00002CCC001B6D40}, {new_limit=52})
[12152:11456:0516/025317.185:VERBOSE1:media_stream_manager.cc(1533)] MSPL::OnSpeedLimitChange({this=00002CCC001B6D40}, {new_limit=51})
[12152:11456:0516/025318.189:VERBOSE1:media_stream_manager.cc(1533)] MSPL::OnSpeedLimitChange({this=00002CCC001B6D40}, {new_limit=50})
[12152:11456:0516/025320.218:VERBOSE1:media_stream_manager.cc(1533)] MSPL::OnSpeedLimitChange({this=00002CCC001B6D40}, {new_limit=54})
[12152:11456:0516/025321.205:VERBOSE1:media_stream_manager.cc(1533)] MSPL::OnSpeedLimitChange({this=00002CCC001B6D40}, {new_limit=51})
[12152:11456:0516/025322.217:VERBOSE1:media_stream_manager.cc(1533)] MSPL::OnSpeedLimitChange({this=00002CCC001B6D40}, {new_limit=54})
[12152:11456:0516/025324.191:VERBOSE1:media_stream_manager.cc(1533)] MSPL::OnSpeedLimitChange({this=00002CCC001B6D40}, {new_limit=57})
[12152:11456:0516/025325.177:VERBOSE1:media_stream_manager.cc(1533)] MSPL::OnSpeedLimitChange({this=00002CCC001B6D40}, {new_limit=53})
[12152:11456:0516/025326.192:VERBOSE1:media_stream_manager.cc(1533)] MSPL::OnSpeedLimitChange({this=00002CCC001B6D40}, {new_limit=54})
[12152:11456:0516/025327.167:VERBOSE1:media_stream_manager.cc(1533)] MSPL::OnSpeedLimitChange({this=00002CCC001B6D40}, {new_limit=57})
[12152:11456:0516/025328.455:VERBOSE1:media_stream_manager.cc(1533)] MSPL::OnSpeedLimitChange({this=00002CCC001B6D40}, {new_limit=58})
[12152:11456:0516/025329.172:VERBOSE1:media_stream_manager.cc(1533)] MSPL::OnSpeedLimitChange({this=00002CCC001B6D40}, {new_limit=62})
[12152:11456:0516/025330.202:VERBOSE1:media_stream_manager.cc(1533)] MSPL::OnSpeedLimitChange({this=00002CCC001B6D40}, {new_limit=63})
[12152:11456:0516/025332.167:VERBOSE1:media_stream_manager.cc(1533)] MSPL::OnSpeedLimitChange({this=00002CCC001B6D40}, {new_limit=100})
[12152:11456:0516/025417.215:VERBOSE1:media_stream_manager.cc(1533)] MSPL::OnSpeedLimitChange({this=00002CCC001B6D40}, {new_limit=34})
[12152:11456:0516/025418.379:VERBOSE1:media_stream_manager.cc(1533)] MSPL::OnSpeedLimitChange({this=00002CCC001B6D40}, {new_limit=36})
[12152:15228:0516/025418.440:VERBOSE1:device_event_log_impl.cc(198)] [02:54:18.440] Display: EVENT: screen_win.cc:893 Displays updated, count: 2
[12152:15228:0516/025418.440:VERBOSE1:device_event_log_impl.cc(198)] [02:54:18.440] Display: EVENT: screen_win.cc:895 Display[1552941674] bounds=[1360,0 1366x768], workarea=[1360,0 1366x720], scale=1, rotation=0, panel_rotation=0 external detected
[12152:15228:0516/025418.441:VERBOSE1:device_event_log_impl.cc(198)] [02:54:18.440] Display: EVENT: screen_win.cc:895 Display[3336287498] bounds=[0,0 1360x768], workarea=[0,0 1360x720], scale=1, rotation=0, panel_rotation=0 external detected
[5404:1368:0516/025423.918:VERBOSE1:network_delegate.cc(36)] NetworkDelegate::NotifyBeforeURLRequest: https://optimizationguide-pa.googleapis.com/v1:GetModels?key=dummytoken
[5404:1368:0516/025423.988:VERBOSE1:tls_handshaker.cc(105)] TlsClient: Continuing handshake
[5404:1368:0516/025423.989:VERBOSE1:tls_handshaker.cc(126)] TlsClient: SSL_do_handshake returned when entering early data. After retry, rv=-1, SSL_in_early_data=1
[5404:1368:0516/025424.045:VERBOSE1:tls_handshaker.cc(105)] TlsClient: Continuing handshake
[5404:1368:0516/025424.045:VERBOSE1:tls_handshaker.cc(105)] TlsClient: Continuing handshake
[5404:1368:0516/025424.046:VERBOSE1:tls_client_handshaker.cc(528)] Client: handshake finished
[12152:11456:0516/025428.225:VERBOSE1:media_stream_manager.cc(1533)] MSPL::OnSpeedLimitChange({this=00002CCC001B6D40}, {new_limit=34})
[5404:1368:0516/025714.595:VERBOSE1:network_delegate.cc(36)] NetworkDelegate::NotifyBeforeURLRequest: https://optimizationguide-pa.googleapis.com/v1:GetModels?key=dummytoken
[5404:1368:0516/025714.616:VERBOSE1:tls_handshaker.cc(105)] TlsClient: Continuing handshake
[5404:1368:0516/025714.616:VERBOSE1:tls_handshaker.cc(126)] TlsClient: SSL_do_handshake returned when entering early data. After retry, rv=-1, SSL_in_early_data=1
[5404:1368:0516/025714.688:VERBOSE1:tls_handshaker.cc(105)] TlsClient: Continuing handshake
[5404:1368:0516/025714.691:VERBOSE1:tls_handshaker.cc(105)] TlsClient: Continuing handshake
[5404:1368:0516/025714.691:VERBOSE1:tls_client_handshaker.cc(528)] Client: handshake finished
[12152:11456:0516/025801.545:VERBOSE1:media_stream_manager.cc(1533)] MSPL::OnSpeedLimitChange({this=00002CCC001B6D40}, {new_limit=100})
[12152:15228:0516/025933.719:VERBOSE1:device_event_log_impl.cc(198)] [02:59:33.718] Display: EVENT: screen_win.cc:893 Displays updated, count: 2
[12152:15228:0516/025933.719:VERBOSE1:device_event_log_impl.cc(198)] [02:59:33.718] Display: EVENT: screen_win.cc:895 Display[1552941674] bounds=[1360,0 1366x768], workarea=[1360,0 1366x720], scale=1, rotation=0, panel_rotation=0 external detected
[12152:15228:0516/025933.719:VERBOSE1:device_event_log_impl.cc(198)] [02:59:33.719] Display: EVENT: screen_win.cc:895 Display[3336287498] bounds=[0,0 1360x768], workarea=[0,0 1360x720], scale=1, rotation=0, panel_rotation=0 external detected
[12152:11456:0516/025943.559:VERBOSE1:media_stream_manager.cc(1533)] MSPL::OnSpeedLimitChange({this=00002CCC001B6D40}, {new_limit=34})
[5404:1368:0516/025946.216:VERBOSE1:network_delegate.cc(36)] NetworkDelegate::NotifyBeforeURLRequest: https://optimizationguide-pa.googleapis.com/v1:GetModels?key=dummytoken
[5404:1368:0516/025946.275:VERBOSE1:tls_handshaker.cc(105)] TlsClient: Continuing handshake
[5404:1368:0516/025946.276:VERBOSE1:tls_handshaker.cc(126)] TlsClient: SSL_do_handshake returned when entering early data. After retry, rv=-1, SSL_in_early_data=1
[5404:1368:0516/025946.321:VERBOSE1:tls_handshaker.cc(105)] TlsClient: Continuing handshake
[5404:1368:0516/025946.321:VERBOSE1:tls_handshaker.cc(105)] TlsClient: Continuing handshake
[5404:1368:0516/025946.321:VERBOSE1:tls_client_handshaker.cc(528)] Client: handshake finished
[12152:11456:0516/030004.586:VERBOSE1:media_stream_manager.cc(1533)] MSPL::OnSpeedLimitChange({this=00002CCC001B6D40}, {new_limit=35})
[12152:11456:0516/030008.567:VERBOSE1:media_stream_manager.cc(1533)] MSPL::OnSpeedLimitChange({this=00002CCC001B6D40}, {new_limit=36})
[12152:11456:0516/030011.539:VERBOSE1:media_stream_manager.cc(1533)] MSPL::OnSpeedLimitChange({this=00002CCC001B6D40}, {new_limit=35})
[12152:11456:0516/030014.583:VERBOSE1:media_stream_manager.cc(1533)] MSPL::OnSpeedLimitChange({this=00002CCC001B6D40}, {new_limit=34})
[12152:11456:0516/030038.575:VERBOSE1:media_stream_manager.cc(1533)] MSPL::OnSpeedLimitChange({this=00002CCC001B6D40}, {new_limit=36})
[12152:11456:0516/030040.719:VERBOSE1:media_stream_manager.cc(1533)] MSPL::OnSpeedLimitChange({this=00002CCC001B6D40}, {new_limit=37})
[12152:11456:0516/030044.593:VERBOSE1:media_stream_manager.cc(1533)] MSPL::OnSpeedLimitChange({this=00002CCC001B6D40}, {new_limit=41})
[12152:11456:0516/030045.627:VERBOSE1:media_stream_manager.cc(1533)] MSPL::OnSpeedLimitChange({this=00002CCC001B6D40}, {new_limit=43})
[12152:11456:0516/030048.607:VERBOSE1:media_stream_manager.cc(1533)] MSPL::OnSpeedLimitChange({this=00002CCC001B6D40}, {new_limit=40})
[12152:11456:0516/030050.627:VERBOSE1:media_stream_manager.cc(1533)] MSPL::OnSpeedLimitChange({this=00002CCC001B6D40}, {new_limit=39})
[12152:15228:0516/030052.108:VERBOSE1:device_event_log_impl.cc(198)] [03:00:52.108] Display: EVENT: screen_win.cc:893 Displays updated, count: 2
[12152:15228:0516/030052.108:VERBOSE1:device_event_log_impl.cc(198)] [03:00:52.108] Display: EVENT: screen_win.cc:895 Display[1552941674] bounds=[1360,0 1366x768], workarea=[1360,0 1366x720], scale=1, rotation=0, panel_rotation=0 external detected
[12152:15228:0516/030052.108:VERBOSE1:device_event_log_impl.cc(198)] [03:00:52.108] Display: EVENT: screen_win.cc:895 Display[3336287498] bounds=[0,0 1360x768], workarea=[0,0 1360x720], scale=1, rotation=0, panel_rotation=0 external detected
[12152:11456:0516/030053.633:VERBOSE1:media_stream_manager.cc(1533)] MSPL::OnSpeedLimitChange({this=00002CCC001B6D40}, {new_limit=40})
[12152:11456:0516/030054.627:VERBOSE1:media_stream_manager.cc(1533)] MSPL::OnSpeedLimitChange({this=00002CCC001B6D40}, {new_limit=37})
[12152:11456:0516/030055.633:VERBOSE1:media_stream_manager.cc(1533)] MSPL::OnSpeedLimitChange({this=00002CCC001B6D40}, {new_limit=35})
[12152:11456:0516/030056.629:VERBOSE1:media_stream_manager.cc(1533)] MSPL::OnSpeedLimitChange({this=00002CCC001B6D40}, {new_limit=38})
[12152:11456:0516/030106.608:VERBOSE1:media_stream_manager.cc(1533)] MSPL::OnSpeedLimitChange({this=00002CCC001B6D40}, {new_limit=34})
[12152:11456:0516/030107.638:VERBOSE1:media_stream_manager.cc(1533)] MSPL::OnSpeedLimitChange({this=00002CCC001B6D40}, {new_limit=37})
[12152:11456:0516/030108.632:VERBOSE1:media_stream_manager.cc(1533)] MSPL::OnSpeedLimitChange({this=00002CCC001B6D40}, {new_limit=38})
[12152:11456:0516/030109.612:VERBOSE1:media_stream_manager.cc(1533)] MSPL::OnSpeedLimitChange({this=00002CCC001B6D40}, {new_limit=40})
[12152:11456:0516/030111.626:VERBOSE1:media_stream_manager.cc(1533)] MSPL::OnSpeedLimitChange({this=00002CCC001B6D40}, {new_limit=41})
[12152:11456:0516/030112.653:VERBOSE1:media_stream_manager.cc(1533)] MSPL::OnSpeedLimitChange({this=00002CCC001B6D40}, {new_limit=42})
[12152:11456:0516/030114.644:VERBOSE1:media_stream_manager.cc(1533)] MSPL::OnSpeedLimitChange({this=00002CCC001B6D40}, {new_limit=45})
[12152:11456:0516/030115.659:VERBOSE1:media_stream_manager.cc(1533)] MSPL::OnSpeedLimitChange({this=00002CCC001B6D40}, {new_limit=47})
[12152:11456:0516/030117.641:VERBOSE1:media_stream_manager.cc(1533)] MSPL::OnSpeedLimitChange({this=00002CCC001B6D40}, {new_limit=45})
[12152:11456:0516/030118.642:VERBOSE1:media_stream_manager.cc(1533)] MSPL::OnSpeedLimitChange({this=00002CCC001B6D40}, {new_limit=43})
[12152:11456:0516/030119.661:VERBOSE1:media_stream_manager.cc(1533)] MSPL::OnSpeedLimitChange({this=00002CCC001B6D40}, {new_limit=42})
[12152:11456:0516/030123.660:VERBOSE1:media_stream_manager.cc(1533)] MSPL::OnSpeedLimitChange({this=00002CCC001B6D40}, {new_limit=41})
[12152:11456:0516/030124.654:VERBOSE1:media_stream_manager.cc(1533)] MSPL::OnSpeedLimitChange({this=00002CCC001B6D40}, {new_limit=39})
[12152:11456:0516/030126.652:VERBOSE1:media_stream_manager.cc(1533)] MSPL::OnSpeedLimitChange({this=00002CCC001B6D40}, {new_limit=38})
[12152:11456:0516/030127.653:VERBOSE1:media_stream_manager.cc(1533)] MSPL::OnSpeedLimitChange({this=00002CCC001B6D40}, {new_limit=39})
[12152:11456:0516/030128.647:VERBOSE1:media_stream_manager.cc(1533)] MSPL::OnSpeedLimitChange({this=00002CCC001B6D40}, {new_limit=42})
[12152:11456:0516/030130.630:VERBOSE1:media_stream_manager.cc(1533)] MSPL::OnSpeedLimitChange({this=00002CCC001B6D40}, {new_limit=43})
[12152:11456:0516/030131.628:VERBOSE1:media_stream_manager.cc(1533)] MSPL::OnSpeedLimitChange({this=00002CCC001B6D40}, {new_limit=42})
[12152:11456:0516/030133.659:VERBOSE1:media_stream_manager.cc(1533)] MSPL::OnSpeedLimitChange({this=00002CCC001B6D40}, {new_limit=41})
[12152:11456:0516/030134.668:VERBOSE1:media_stream_manager.cc(1533)] MSPL::OnSpeedLimitChange({this=00002CCC001B6D40}, {new_limit=40})
[12152:11456:0516/030135.674:VERBOSE1:media_stream_manager.cc(1533)] MSPL::OnSpeedLimitChange({this=00002CCC001B6D40}, {new_limit=38})
[12152:11456:0516/030136.670:VERBOSE1:media_stream_manager.cc(1533)] MSPL::OnSpeedLimitChange({this=00002CCC001B6D40}, {new_limit=40})
[12152:11456:0516/030137.654:VERBOSE1:media_stream_manager.cc(1533)] MSPL::OnSpeedLimitChange({this=00002CCC001B6D40}, {new_limit=41})
[12152:11456:0516/030138.667:VERBOSE1:media_stream_manager.cc(1533)] MSPL::OnSpeedLimitChange({this=00002CCC001B6D40}, {new_limit=40})
[12152:11456:0516/030139.663:VERBOSE1:media_stream_manager.cc(1533)] MSPL::OnSpeedLimitChange({this=00002CCC001B6D40}, {new_limit=39})
[12152:11456:0516/030140.653:VERBOSE1:media_stream_manager.cc(1533)] MSPL::OnSpeedLimitChange({this=00002CCC001B6D40}, {new_limit=38})
[12152:11456:0516/030146.659:VERBOSE1:media_stream_manager.cc(1533)] MSPL::OnSpeedLimitChange({this=00002CCC001B6D40}, {new_limit=37})
[12152:11456:0516/030147.655:VERBOSE1:media_stream_manager.cc(1533)] MSPL::OnSpeedLimitChange({this=00002CCC001B6D40}, {new_limit=36})
[12152:11456:0516/030148.653:VERBOSE1:media_stream_manager.cc(1533)] MSPL::OnSpeedLimitChange({this=00002CCC001B6D40}, {new_limit=34})
[12152:11456:0516/030150.662:VERBOSE1:media_stream_manager.cc(1533)] MSPL::OnSpeedLimitChange({this=00002CCC001B6D40}, {new_limit=35})
[12152:11456:0516/030151.661:VERBOSE1:media_stream_manager.cc(1533)] MSPL::OnSpeedLimitChange({this=00002CCC001B6D40}, {new_limit=36})
[12152:11456:0516/030152.659:VERBOSE1:media_stream_manager.cc(1533)] MSPL::OnSpeedLimitChange({this=00002CCC001B6D40}, {new_limit=38})
[12152:11456:0516/030155.743:VERBOSE1:media_stream_manager.cc(1533)] MSPL::OnSpeedLimitChange({this=00002CCC001B6D40}, {new_limit=39})
[12152:11456:0516/030157.691:VERBOSE1:media_stream_manager.cc(1533)] MSPL::OnSpeedLimitChange({this=00002CCC001B6D40}, {new_limit=38})
[12152:11456:0516/030159.700:VERBOSE1:media_stream_manager.cc(1533)] MSPL::OnSpeedLimitChange({this=00002CCC001B6D40}, {new_limit=100})
[5404:1368:0516/030226.195:VERBOSE1:network_delegate.cc(36)] NetworkDelegate::NotifyBeforeURLRequest: https://optimizationguide-pa.googleapis.com/v1:GetModels?key=dummytoken
[5404:1368:0516/030226.207:VERBOSE1:tls_handshaker.cc(105)] TlsClient: Continuing handshake
[5404:1368:0516/030226.209:VERBOSE1:tls_handshaker.cc(126)] TlsClient: SSL_do_handshake returned when entering early data. After retry, rv=-1, SSL_in_early_data=1
[5404:1368:0516/030227.563:VERBOSE1:tls_handshaker.cc(105)] TlsClient: Continuing handshake
[5404:1368:0516/030227.564:VERBOSE1:tls_handshaker.cc(105)] TlsClient: Continuing handshake
[5404:1368:0516/030227.564:VERBOSE1:tls_client_handshaker.cc(528)] Client: handshake finished
[12152:15228:0516/030431.430:VERBOSE1:device_event_log_impl.cc(198)] [03:04:31.430] Display: EVENT: screen_win.cc:893 Displays updated, count: 2
[12152:15228:0516/030431.430:VERBOSE1:device_event_log_impl.cc(198)] [03:04:31.430] Display: EVENT: screen_win.cc:895 Display[1552941674] bounds=[1360,0 1366x768], workarea=[1360,0 1366x720], scale=1, rotation=0, panel_rotation=0 external detected
[12152:15228:0516/030431.430:VERBOSE1:device_event_log_impl.cc(198)] [03:04:31.430] Display: EVENT: screen_win.cc:895 Display[3336287498] bounds=[0,0 1360x768], workarea=[0,0 1360x720], scale=1, rotation=0, panel_rotation=0 external detected
[12152:11456:0516/030439.801:VERBOSE1:media_stream_manager.cc(1533)] MSPL::OnSpeedLimitChange({this=00002CCC001B6D40}, {new_limit=45})
[12152:11456:0516/030440.809:VERBOSE1:media_stream_manager.cc(1533)] MSPL::OnSpeedLimitChange({this=00002CCC001B6D40}, {new_limit=40})
[12152:11456:0516/030441.792:VERBOSE1:media_stream_manager.cc(1533)] MSPL::OnSpeedLimitChange({this=00002CCC001B6D40}, {new_limit=36})
[12152:11456:0516/030443.803:VERBOSE1:media_stream_manager.cc(1533)] MSPL::OnSpeedLimitChange({this=00002CCC001B6D40}, {new_limit=37})
[12152:11456:0516/030445.818:VERBOSE1:media_stream_manager.cc(1533)] MSPL::OnSpeedLimitChange({this=00002CCC001B6D40}, {new_limit=36})
[12152:11456:0516/030447.803:VERBOSE1:media_stream_manager.cc(1533)] MSPL::OnSpeedLimitChange({this=00002CCC001B6D40}, {new_limit=35})
[12152:11456:0516/030448.815:VERBOSE1:media_stream_manager.cc(1533)] MSPL::OnSpeedLimitChange({this=00002CCC001B6D40}, {new_limit=34})
[12152:11456:0516/030449.822:VERBOSE1:media_stream_manager.cc(1533)] MSPL::OnSpeedLimitChange({this=00002CCC001B6D40}, {new_limit=36})
[12152:11456:0516/030452.810:VERBOSE1:media_stream_manager.cc(1533)] MSPL::OnSpeedLimitChange({this=00002CCC001B6D40}, {new_limit=37})
[12152:11456:0516/030453.809:VERBOSE1:media_stream_manager.cc(1533)] MSPL::OnSpeedLimitChange({this=00002CCC001B6D40}, {new_limit=36})
[12152:11456:0516/030459.842:VERBOSE1:media_stream_manager.cc(1533)] MSPL::OnSpeedLimitChange({this=00002CCC001B6D40}, {new_limit=34})
[12152:11456:0516/030507.891:VERBOSE1:media_stream_manager.cc(1533)] MSPL::OnSpeedLimitChange({this=00002CCC001B6D40}, {new_limit=35})
[12152:11456:0516/030508.826:VERBOSE1:media_stream_manager.cc(1533)] MSPL::OnSpeedLimitChange({this=00002CCC001B6D40}, {new_limit=36})
[5404:1368:0516/030516.461:VERBOSE1:network_delegate.cc(36)] NetworkDelegate::NotifyBeforeURLRequest: https://optimizationguide-pa.googleapis.com/v1:GetModels?key=dummytoken
[5404:1368:0516/030516.511:VERBOSE1:tls_handshaker.cc(105)] TlsClient: Continuing handshake
[5404:1368:0516/030516.563:VERBOSE1:tls_handshaker.cc(105)] TlsClient: Continuing handshake
[5404:1368:0516/030516.634:VERBOSE1:tls_handshaker.cc(105)] TlsClient: Continuing handshake
[5404:1368:0516/030516.636:VERBOSE1:tls_handshaker.cc(126)] TlsClient: SSL_do_handshake returned when entering early data. After retry, rv=-1, SSL_in_early_data=1
[5404:1368:0516/030516.636:VERBOSE1:tls_handshaker.cc(105)] TlsClient: Continuing handshake
[5404:1368:0516/030516.636:VERBOSE1:tls_client_handshaker.cc(528)] Client: handshake finished
[12152:11456:0516/030517.865:VERBOSE1:media_stream_manager.cc(1533)] MSPL::OnSpeedLimitChange({this=00002CCC001B6D40}, {new_limit=34})
[12152:11456:0516/030611.895:VERBOSE1:media_stream_manager.cc(1533)] MSPL::OnSpeedLimitChange({this=00002CCC001B6D40}, {new_limit=37})
[12152:11456:0516/030615.899:VERBOSE1:media_stream_manager.cc(1533)] MSPL::OnSpeedLimitChange({this=00002CCC001B6D40}, {new_limit=39})
[12152:11456:0516/030621.913:VERBOSE1:media_stream_manager.cc(1533)] MSPL::OnSpeedLimitChange({this=00002CCC001B6D40}, {new_limit=36})
[12152:11456:0516/030625.906:VERBOSE1:media_stream_manager.cc(1533)] MSPL::OnSpeedLimitChange({this=00002CCC001B6D40}, {new_limit=34})
[12152:11456:0516/030649.940:VERBOSE1:media_stream_manager.cc(1533)] MSPL::OnSpeedLimitChange({this=00002CCC001B6D40}, {new_limit=35})
[12152:11456:0516/030651.910:VERBOSE1:media_stream_manager.cc(1533)] MSPL::OnSpeedLimitChange({this=00002CCC001B6D40}, {new_limit=34})
[12152:11456:0516/030654.919:VERBOSE1:media_stream_manager.cc(1533)] MSPL::OnSpeedLimitChange({this=00002CCC001B6D40}, {new_limit=35})
[12152:11456:0516/030657.930:VERBOSE1:media_stream_manager.cc(1533)] MSPL::OnSpeedLimitChange({this=00002CCC001B6D40}, {new_limit=37})
[12152:11456:0516/030659.913:VERBOSE1:media_stream_manager.cc(1533)] MSPL::OnSpeedLimitChange({this=00002CCC001B6D40}, {new_limit=36})
[12152:11456:0516/030704.938:VERBOSE1:media_stream_manager.cc(1533)] MSPL::OnSpeedLimitChange({this=00002CCC001B6D40}, {new_limit=35})
[12152:11456:0516/030705.939:VERBOSE1:media_stream_manager.cc(1533)] MSPL::OnSpeedLimitChange({this=00002CCC001B6D40}, {new_limit=36})
[12152:11456:0516/030707.955:VERBOSE1:media_stream_manager.cc(1533)] MSPL::OnSpeedLimitChange({this=00002CCC001B6D40}, {new_limit=34})
[12152:11456:0516/030714.942:VERBOSE1:media_stream_manager.cc(1533)] MSPL::OnSpeedLimitChange({this=00002CCC001B6D40}, {new_limit=37})
[12152:11456:0516/030715.973:VERBOSE1:media_stream_manager.cc(1533)] MSPL::OnSpeedLimitChange({this=00002CCC001B6D40}, {new_limit=36})
[12152:11456:0516/030722.946:VERBOSE1:media_stream_manager.cc(1533)] MSPL::OnSpeedLimitChange({this=00002CCC001B6D40}, {new_limit=39})
[12152:11456:0516/030724.964:VERBOSE1:media_stream_manager.cc(1533)] MSPL::OnSpeedLimitChange({this=00002CCC001B6D40}, {new_limit=36})
[12152:11456:0516/030725.943:VERBOSE1:media_stream_manager.cc(1533)] MSPL::OnSpeedLimitChange({this=00002CCC001B6D40}, {new_limit=100})
[5404:1368:0516/030810.118:VERBOSE1:network_delegate.cc(36)] NetworkDelegate::NotifyBeforeURLRequest: https://optimizationguide-pa.googleapis.com/v1:GetModels?key=dummytoken
[5404:1368:0516/030810.176:VERBOSE1:tls_handshaker.cc(105)] TlsClient: Continuing handshake
[5404:1368:0516/030810.177:VERBOSE1:tls_handshaker.cc(126)] TlsClient: SSL_do_handshake returned when entering early data. After retry, rv=-1, SSL_in_early_data=1
[5404:1368:0516/030810.407:VERBOSE1:tls_handshaker.cc(105)] TlsClient: Continuing handshake
[5404:1368:0516/030810.408:VERBOSE1:tls_handshaker.cc(105)] TlsClient: Continuing handshake
[5404:1368:0516/030810.409:VERBOSE1:tls_client_handshaker.cc(528)] Client: handshake finished
[12152:15228:0516/030811.237:VERBOSE1:device_event_log_impl.cc(198)] [03:08:11.237] Display: EVENT: screen_win.cc:893 Displays updated, count: 2
[12152:15228:0516/030811.237:VERBOSE1:device_event_log_impl.cc(198)] [03:08:11.238] Display: EVENT: screen_win.cc:895 Display[1552941674] bounds=[1360,0 1366x768], workarea=[1360,0 1366x720], scale=1, rotation=0, panel_rotation=0 external detected
[12152:15228:0516/030811.237:VERBOSE1:device_event_log_impl.cc(198)] [03:08:11.238] Display: EVENT: screen_win.cc:895 Display[3336287498] bounds=[0,0 1360x768], workarea=[0,0 1360x720], scale=1, rotation=0, panel_rotation=0 external detected
[12152:11456:0516/030821.035:VERBOSE1:media_stream_manager.cc(1533)] MSPL::OnSpeedLimitChange({this=00002CCC001B6D40}, {new_limit=34})
[12152:11456:0516/030902.063:VERBOSE1:media_stream_manager.cc(1533)] MSPL::OnSpeedLimitChange({this=00002CCC001B6D40}, {new_limit=35})
[12152:11456:0516/030906.073:VERBOSE1:media_stream_manager.cc(1533)] MSPL::OnSpeedLimitChange({this=00002CCC001B6D40}, {new_limit=36})
[12152:11456:0516/030912.047:VERBOSE1:media_stream_manager.cc(1533)] MSPL::OnSpeedLimitChange({this=00002CCC001B6D40}, {new_limit=34})
[12152:11456:0516/030925.084:VERBOSE1:media_stream_manager.cc(1533)] MSPL::OnSpeedLimitChange({this=00002CCC001B6D40}, {new_limit=35})
[12152:11456:0516/030932.094:VERBOSE1:media_stream_manager.cc(1533)] MSPL::OnSpeedLimitChange({this=00002CCC001B6D40}, {new_limit=34})
[12152:11456:0516/031002.403:VERBOSE1:media_stream_manager.cc(1533)] MSPL::OnSpeedLimitChange({this=00002CCC001B6D40}, {new_limit=100})
[12152:15228:0516/031004.759:VERBOSE1:device_event_log_impl.cc(198)] [03:10:04.758] Display: EVENT: screen_win.cc:893 Displays updated, count: 2
[12152:15228:0516/031004.759:VERBOSE1:device_event_log_impl.cc(198)] [03:10:04.759] Display: EVENT: screen_win.cc:895 Display[1552941674] bounds=[1360,0 1366x768], workarea=[1360,0 1366x720], scale=1, rotation=0, panel_rotation=0 external detected
[12152:15228:0516/031004.759:VERBOSE1:device_event_log_impl.cc(198)] [03:10:04.759] Display: EVENT: screen_win.cc:895 Display[3336287498] bounds=[0,0 1360x768], workarea=[0,0 1360x720], scale=1, rotation=0, panel_rotation=0 external detected
[12152:11456:0516/031014.138:VERBOSE1:media_stream_manager.cc(1533)] MSPL::OnSpeedLimitChange({this=00002CCC001B6D40}, {new_limit=37})
[12152:11456:0516/031015.112:VERBOSE1:media_stream_manager.cc(1533)] MSPL::OnSpeedLimitChange({this=00002CCC001B6D40}, {new_limit=34})
[12152:11456:0516/031018.322:VERBOSE1:media_stream_manager.cc(1533)] MSPL::OnSpeedLimitChange({this=00002CCC001B6D40}, {new_limit=39})
[12152:11456:0516/031019.322:VERBOSE1:media_stream_manager.cc(1533)] MSPL::OnSpeedLimitChange({this=00002CCC001B6D40}, {new_limit=100})
[5404:1368:0516/031104.666:VERBOSE1:network_delegate.cc(36)] NetworkDelegate::NotifyBeforeURLRequest: https://optimizationguide-pa.googleapis.com/v1:GetModels?key=dummytoken
[5404:1368:0516/031104.680:VERBOSE1:tls_handshaker.cc(105)] TlsClient: Continuing handshake
[5404:1368:0516/031104.680:VERBOSE1:tls_handshaker.cc(126)] TlsClient: SSL_do_handshake returned when entering early data. After retry, rv=-1, SSL_in_early_data=1
[5404:1368:0516/031104.778:VERBOSE1:tls_handshaker.cc(105)] TlsClient: Continuing handshake
[5404:1368:0516/031104.778:VERBOSE1:tls_handshaker.cc(105)] TlsClient: Continuing handshake
[5404:1368:0516/031104.778:VERBOSE1:tls_client_handshaker.cc(528)] Client: handshake finished
[12152:15228:0516/031107.142:VERBOSE1:device_event_log_impl.cc(198)] [03:11:07.142] Display: EVENT: screen_win.cc:893 Displays updated, count: 2
[12152:15228:0516/031107.142:VERBOSE1:device_event_log_impl.cc(198)] [03:11:07.143] Display: EVENT: screen_win.cc:895 Display[1552941674] bounds=[1360,0 1366x768], workarea=[1360,0 1366x720], scale=1, rotation=0, panel_rotation=0 external detected
[12152:15228:0516/031107.142:VERBOSE1:device_event_log_impl.cc(198)] [03:11:07.143] Display: EVENT: screen_win.cc:895 Display[3336287498] bounds=[0,0 1360x768], workarea=[0,0 1360x720], scale=1, rotation=0, panel_rotation=0 external detected
[12152:11456:0516/031114.196:VERBOSE1:media_stream_manager.cc(1533)] MSPL::OnSpeedLimitChange({this=00002CCC001B6D40}, {new_limit=38})
[12152:11456:0516/031116.173:VERBOSE1:media_stream_manager.cc(1533)] MSPL::OnSpeedLimitChange({this=00002CCC001B6D40}, {new_limit=37})
[12152:11456:0516/031117.183:VERBOSE1:media_stream_manager.cc(1533)] MSPL::OnSpeedLimitChange({this=00002CCC001B6D40}, {new_limit=34})
[12152:15228:0516/031135.906:VERBOSE1:device_event_log_impl.cc(198)] [03:11:35.906] Display: EVENT: screen_win.cc:893 Displays updated, count: 2
[12152:15228:0516/031135.906:VERBOSE1:device_event_log_impl.cc(198)] [03:11:35.906] Display: EVENT: screen_win.cc:895 Display[1552941674] bounds=[1360,0 1366x768], workarea=[1360,0 1366x720], scale=1, rotation=0, panel_rotation=0 external detected
[12152:15228:0516/031135.906:VERBOSE1:device_event_log_impl.cc(198)] [03:11:35.906] Display: EVENT: screen_win.cc:895 Display[3336287498] bounds=[0,0 1360x768], workarea=[0,0 1360x720], scale=1, rotation=0, panel_rotation=0 external detected
[12152:11456:0516/031158.396:VERBOSE1:media_stream_manager.cc(1533)] MSPL::OnSpeedLimitChange({this=00002CCC001B6D40}, {new_limit=36})
[12152:11456:0516/031159.398:VERBOSE1:media_stream_manager.cc(1533)] MSPL::OnSpeedLimitChange({this=00002CCC001B6D40}, {new_limit=100})
[12152:15228:0516/031212.476:VERBOSE1:device_event_log_impl.cc(198)] [03:12:12.476] Display: EVENT: screen_win.cc:893 Displays updated, count: 2
[12152:15228:0516/031212.476:VERBOSE1:device_event_log_impl.cc(198)] [03:12:12.476] Display: EVENT: screen_win.cc:895 Display[1552941674] bounds=[1360,0 1366x768], workarea=[1360,0 1366x720], scale=1, rotation=0, panel_rotation=0 external detected
[12152:15228:0516/031212.476:VERBOSE1:device_event_log_impl.cc(198)] [03:12:12.476] Display: EVENT: screen_win.cc:895 Display[3336287498] bounds=[0,0 1360x768], workarea=[0,0 1360x720], scale=1, rotation=0, panel_rotation=0 external detected
[12152:11456:0516/031221.263:VERBOSE1:media_stream_manager.cc(1533)] MSPL::OnSpeedLimitChange({this=00002CCC001B6D40}, {new_limit=38})
[12152:11456:0516/031222.273:VERBOSE1:media_stream_manager.cc(1533)] MSPL::OnSpeedLimitChange({this=00002CCC001B6D40}, {new_limit=34})
[12152:11456:0516/031303.284:VERBOSE1:media_stream_manager.cc(1533)] MSPL::OnSpeedLimitChange({this=00002CCC001B6D40}, {new_limit=35})
[12152:11456:0516/031307.268:VERBOSE1:media_stream_manager.cc(1533)] MSPL::OnSpeedLimitChange({this=00002CCC001B6D40}, {new_limit=37})
[12152:11456:0516/031313.312:VERBOSE1:media_stream_manager.cc(1533)] MSPL::OnSpeedLimitChange({this=00002CCC001B6D40}, {new_limit=35})
[12152:11456:0516/031317.307:VERBOSE1:media_stream_manager.cc(1533)] MSPL::OnSpeedLimitChange({this=00002CCC001B6D40}, {new_limit=34})
[5404:1368:0516/031346.423:VERBOSE1:network_delegate.cc(36)] NetworkDelegate::NotifyBeforeURLRequest: https://optimizationguide-pa.googleapis.com/v1:GetModels?key=dummytoken
[5404:1368:0516/031346.477:VERBOSE1:tls_handshaker.cc(105)] TlsClient: Continuing handshake
[5404:1368:0516/031346.478:VERBOSE1:tls_handshaker.cc(126)] TlsClient: SSL_do_handshake returned when entering early data. After retry, rv=-1, SSL_in_early_data=1
[5404:1368:0516/031346.533:VERBOSE1:tls_handshaker.cc(105)] TlsClient: Continuing handshake
[5404:1368:0516/031346.533:VERBOSE1:tls_handshaker.cc(105)] TlsClient: Continuing handshake
[5404:1368:0516/031346.533:VERBOSE1:tls_client_handshaker.cc(528)] Client: handshake finished
[12152:11456:0516/031414.343:VERBOSE1:media_stream_manager.cc(1533)] MSPL::OnSpeedLimitChange({this=00002CCC001B6D40}, {new_limit=36})
[12152:11456:0516/031421.368:VERBOSE1:media_stream_manager.cc(1533)] MSPL::OnSpeedLimitChange({this=00002CCC001B6D40}, {new_limit=35})
[12152:11456:0516/031424.359:VERBOSE1:media_stream_manager.cc(1533)] MSPL::OnSpeedLimitChange({this=00002CCC001B6D40}, {new_limit=34})
[12152:11456:0516/031439.352:VERBOSE1:media_stream_manager.cc(1533)] MSPL::OnSpeedLimitChange({this=00002CCC001B6D40}, {new_limit=100})
